Date,Total TES,Total No TES
1/1/2012 1:00,1.139175617,1.139175617
1/1/2012 2:00,1.092680941,1.092680941
1/1/2012 3:00,0.975669385,0.975669385
1/1/2012 4:00,0.976306626,0.976306626
1/1/2012 5:00,0.931609257,0.931609257
1/1/2012 6:00,0.944130779,0.944130779
1/1/2012 7:00,0.925305489,0.925305489
1/1/2012 8:00,0.725703713,0.725703713
1/1/2012 9:00,0.51036499,0.51036499
1/1/2012 10:00,0.23551452,0.23551452
1/1/2012 11:00,0.243262974,0.243262974
1/1/2012 12:00,0.182860042,0.182860042
1/1/2012 13:00,0.091093267,0.091093267
1/1/2012 14:00,0.08400634,0.08400634
1/1/2012 15:00,0.032527147,0.032527147
1/1/2012 16:00,0.007545571,0.007545571
1/1/2012 17:00,0.197685429,0.197685429
1/1/2012 18:00,0.407891729,0.407891729
1/1/2012 19:00,0.488242085,0.488242085
1/1/2012 20:00,2.678306355,0.627196595
1/1/2012 21:00,2.880708205,0.649181017
1/1/2012 22:00,2.951286114,0.863188463
1/1/2012 23:00,2.722418414,0.990747133
1/2/2012 0:00,1.106037928,1.106037928
1/2/2012 1:00,1.226672448,1.226672448
1/2/2012 2:00,1.364935983,1.364935983
1/2/2012 3:00,1.559103641,1.559103641
1/2/2012 4:00,1.21798065,1.67902464
1/2/2012 5:00,1.255933803,1.764387376
1/2/2012 6:00,1.07111886,1.508611219
1/2/2012 7:00,1.376078499,1.986601288
1/2/2012 8:00,1.112511697,1.630589681
1/2/2012 9:00,1.185927131,1.740012995
1/2/2012 10:00,1.746717577,1.746717577
1/2/2012 11:00,1.865891365,1.865891365
1/2/2012 12:00,1.622678814,1.622678814
1/2/2012 13:00,1.27503767,1.27503767
1/2/2012 14:00,1.130126465,1.130126465
1/2/2012 15:00,0.957885301,0.957885301
1/2/2012 16:00,1.017322975,1.017322975
1/2/2012 17:00,1.168896084,1.168896084
1/2/2012 18:00,1.600333812,1.600333812
1/2/2012 19:00,1.792350967,1.792350967
1/2/2012 20:00,3.097480505,1.938094576
1/2/2012 21:00,3.213315094,2.105907158
1/2/2012 22:00,3.244286721,2.210649009
1/2/2012 23:00,3.18641005,2.097688703
1/3/2012 0:00,3.102843355,2.217718058
1/3/2012 1:00,2.384317133,2.384317133
1/3/2012 2:00,2.562263808,2.562263808
1/3/2012 3:00,2.771626611,2.771626611
1/3/2012 4:00,1.811490714,2.915401081
1/3/2012 5:00,1.863418666,3.009744325
1/3/2012 6:00,1.937456305,3.143477646
1/3/2012 7:00,2.052363527,3.765998003
1/3/2012 8:00,1.816045344,3.059565716
1/3/2012 9:00,1.815084335,3.037624677
1/3/2012 10:00,2.926896502,2.926896502
1/3/2012 11:00,2.777534268,2.777534268
1/3/2012 12:00,2.189380358,2.189380358
1/3/2012 13:00,1.837315998,1.837315998
1/3/2012 14:00,1.729712038,1.729712038
1/3/2012 15:00,1.627692607,1.627692607
1/3/2012 16:00,1.644118488,1.644118488
1/3/2012 17:00,1.662813393,1.662813393
1/3/2012 18:00,1.873004891,1.873004891
1/3/2012 19:00,1.566871286,1.566871286
1/3/2012 20:00,2.830739543,1.750540986
1/3/2012 21:00,3.03550611,1.933528448
1/3/2012 22:00,3.106121764,2.178671224
1/3/2012 23:00,3.157852839,2.322008585
1/4/2012 0:00,3.202363074,2.428607607
1/4/2012 1:00,2.56976216,2.56976216
1/4/2012 2:00,2.659113593,2.659113593
1/4/2012 3:00,2.688440998,2.688440998
1/4/2012 4:00,1.566761296,2.76074964
1/4/2012 5:00,1.650667495,2.805736006
1/4/2012 6:00,1.662572637,2.840877471
1/4/2012 7:00,1.843163001,3.078951614
1/4/2012 8:00,2.429442224,2.628803415
1/4/2012 9:00,2.415959089,2.418906856
1/4/2012 10:00,1.835840719,1.835840719
1/4/2012 11:00,1.864011733,1.864011733
1/4/2012 12:00,1.399281998,1.399281998
1/4/2012 13:00,1.212533291,1.212533291
1/4/2012 14:00,1.083417753,1.083417753
1/4/2012 15:00,0.903707129,0.903707129
1/4/2012 16:00,0.801741048,0.801741048
1/4/2012 17:00,0.737143302,0.737143302
1/4/2012 18:00,0.903804055,0.903804055
1/4/2012 19:00,0.798979626,0.798979626
1/4/2012 20:00,2.566713116,0.837037433
1/4/2012 21:00,2.893454143,0.982186173
1/4/2012 22:00,2.921189204,1.014531301
1/4/2012 23:00,2.958206123,1.152606618
1/5/2012 0:00,2.111875297,1.470146027
1/5/2012 1:00,1.674368888,1.674368888
1/5/2012 2:00,1.842486521,1.842486521
1/5/2012 3:00,1.977009788,1.977009788
1/5/2012 4:00,1.41063766,2.113219628
1/5/2012 5:00,1.476033342,2.252363328
1/5/2012 6:00,1.533954683,2.336032426
1/5/2012 7:00,1.729469312,2.631294735
1/5/2012 8:00,1.350458433,2.053636519
1/5/2012 9:00,1.236953634,1.85431885
1/5/2012 10:00,1.337118937,1.337118937
1/5/2012 11:00,1.109662825,1.109662825
1/5/2012 12:00,0.644303207,0.644303207
1/5/2012 13:00,0.396632881,0.396632881
1/5/2012 14:00,0.201035583,0.201035583
1/5/2012 15:00,0.074351781,0.074351781
1/5/2012 16:00,0.062069084,0.062069084
1/5/2012 17:00,0.143244015,0.143244015
1/5/2012 18:00,0.376175273,0.376175273
1/5/2012 19:00,0.437061727,0.437061727
1/5/2012 20:00,2.705732995,0.696458421
1/5/2012 21:00,2.889401609,0.944447871
1/5/2012 22:00,2.968449081,1.227331312
1/5/2012 23:00,1.731401937,1.476569629
1/6/2012 0:00,1.702686332,1.702686332
1/6/2012 1:00,1.68637298,1.68637298
1/6/2012 2:00,1.891173589,1.891173589
1/6/2012 3:00,2.119244504,2.119244504
1/6/2012 4:00,1.431444226,2.181812906
1/6/2012 5:00,1.485214876,2.274286261
1/6/2012 6:00,1.519549871,2.314001774
1/6/2012 7:00,1.717460073,2.633017998
1/6/2012 8:00,1.446824154,2.212881557
1/6/2012 9:00,1.256065576,1.858450528
1/6/2012 10:00,1.216839231,1.216839231
1/6/2012 11:00,0.961243634,0.961243634
1/6/2012 12:00,0.52634612,0.52634612
1/6/2012 13:00,0.264777534,0.264777534
1/6/2012 14:00,0.201695107,0.201695107
1/6/2012 15:00,0.135259728,0.135259728
1/6/2012 16:00,0.124159174,0.124159174
1/6/2012 17:00,0.13791839,0.13791839
1/6/2012 18:00,0.305443167,0.305443167
1/6/2012 19:00,0.12864305,0.12864305
1/6/2012 20:00,2.783295862,0.431226918
1/6/2012 21:00,2.995666899,0.538186581
1/6/2012 22:00,1.449365517,0.660600758
1/6/2012 23:00,0.811018643,0.811018643
1/7/2012 0:00,0.830368427,0.830368427
1/7/2012 1:00,0.829447982,0.829447982
1/7/2012 2:00,0.840072431,0.840072431
1/7/2012 3:00,0.875187814,0.875187814
1/7/2012 4:00,0.663619857,0.848951283
1/7/2012 5:00,0.618795301,0.813740259
1/7/2012 6:00,0.643769285,0.822784429
1/7/2012 7:00,0.689816656,0.87173728
1/7/2012 8:00,0.586942913,0.739836571
1/7/2012 9:00,0.476278497,0.598432839
1/7/2012 10:00,0.545896647,0.545896647
1/7/2012 11:00,0.457926139,0.457926139
1/7/2012 12:00,0.32752875,0.32752875
1/7/2012 13:00,0.16095185,0.16095185
1/7/2012 14:00,0.067908733,0.067908733
1/7/2012 15:00,0.016435289,0.016435289
1/7/2012 16:00,0.019469155,0.019469155
1/7/2012 17:00,0.074682145,0.074682145
1/7/2012 18:00,0.161602432,0.161602432
1/7/2012 19:00,0.167809939,0.167809939
1/7/2012 20:00,2.701694945,0.317039315
1/7/2012 21:00,0.4726128,0.4726128
1/7/2012 22:00,0.578476925,0.578476925
1/7/2012 23:00,0.695406419,0.695406419
1/8/2012 0:00,0.813116248,0.813116248
1/8/2012 1:00,0.835915271,0.835915271
1/8/2012 2:00,0.974728683,0.974728683
1/8/2012 3:00,1.028418511,1.028418511
1/8/2012 4:00,0.829424678,1.064037161
1/8/2012 5:00,0.837821155,1.096051126
1/8/2012 6:00,0.884952643,1.119657901
1/8/2012 7:00,0.938493265,1.184182554
1/8/2012 8:00,0.723595045,0.910674357
1/8/2012 9:00,0.522055214,0.655116215
1/8/2012 10:00,0.549962833,0.549962833
1/8/2012 11:00,0.539636245,0.539636245
1/8/2012 12:00,0.263142621,0.263142621
1/8/2012 13:00,0.153882967,0.153882967
1/8/2012 14:00,0.071881352,0.071881352
1/8/2012 15:00,0.006691939,0.006691939
1/8/2012 16:00,0.008955093,0.008955093
1/8/2012 17:00,0.04312991,0.04312991
1/8/2012 18:00,0.171496363,0.171496363
1/8/2012 19:00,0.29438821,0.29438821
1/8/2012 20:00,2.876553094,0.472688882
1/8/2012 21:00,1.298140314,0.612714674
1/8/2012 22:00,0.74560122,0.74560122
1/8/2012 23:00,0.86359609,0.86359609
1/9/2012 0:00,0.966004986,0.966004986
1/9/2012 1:00,1.015157922,1.015157922
1/9/2012 2:00,1.034268533,1.034268533
1/9/2012 3:00,1.048660894,1.048660894
1/9/2012 4:00,0.816104954,1.046103355
1/9/2012 5:00,0.77570694,1.017078726
1/9/2012 6:00,0.765942029,0.97089573
1/9/2012 7:00,0.827568521,1.045064802
1/9/2012 8:00,0.618291109,0.776403399
1/9/2012 9:00,0.456256937,0.574016319
1/9/2012 10:00,0.394193525,0.394193525
1/9/2012 11:00,0.360067285,0.360067285
1/9/2012 12:00,0.260109083,0.260109083
1/9/2012 13:00,0.164690541,0.164690541
1/9/2012 14:00,0.164559778,0.164559778
1/9/2012 15:00,0.122586961,0.122586961
1/9/2012 16:00,0.044841205,0.044841205
1/9/2012 17:00,0.121967711,0.121967711
1/9/2012 18:00,0.192149956,0.192149956
1/9/2012 19:00,0.179754549,0.179754549
1/9/2012 20:00,1.88651093,0.268448181
1/9/2012 21:00,0.537039442,0.337284122
1/9/2012 22:00,0.419270992,0.419270992
1/9/2012 23:00,0.460485937,0.460485937
1/10/2012 0:00,0.53142717,0.53142717
1/10/2012 1:00,0.564510857,0.564510857
1/10/2012 2:00,0.599770217,0.599770217
1/10/2012 3:00,0.637435306,0.637435306
1/10/2012 4:00,0.538935573,0.691222903
1/10/2012 5:00,0.570880645,0.74525587
1/10/2012 6:00,0.587838025,0.754637141
1/10/2012 7:00,0.63747242,0.80617148
1/10/2012 8:00,0.389506766,0.491057823
1/10/2012 9:00,0.528231139,0.66475783
1/10/2012 10:00,0.549560454,0.549560454
1/10/2012 11:00,0.532864839,0.532864839
1/10/2012 12:00,0.424481721,0.424481721
1/10/2012 13:00,0.38426482,0.38426482
1/10/2012 14:00,0.372660109,0.372660109
1/10/2012 15:00,0.356097082,0.356097082
1/10/2012 16:00,0.419358678,0.419358678
1/10/2012 17:00,0.444430959,0.444430959
1/10/2012 18:00,0.493173459,0.493173459
1/10/2012 19:00,0.429697918,0.429697918
1/10/2012 20:00,1.824221285,0.479904678
1/10/2012 21:00,0.554974896,0.554974896
1/10/2012 22:00,0.638181058,0.638181058
1/10/2012 23:00,0.718356568,0.718356568
1/11/2012 0:00,0.633869391,0.633869391
1/11/2012 1:00,0.765292721,0.765292721
1/11/2012 2:00,0.783260837,0.783260837
1/11/2012 3:00,0.762425614,0.762425614
1/11/2012 4:00,0.60156202,0.77194247
1/11/2012 5:00,0.613770787,0.801603956
1/11/2012 6:00,0.59046578,0.755149251
1/11/2012 7:00,0.580661847,0.733879424
1/11/2012 8:00,0.494902676,0.624066975
1/11/2012 9:00,0.490784806,0.61891537
1/11/2012 10:00,0.621242988,0.621242988
1/11/2012 11:00,0.752159775,0.752159775
1/11/2012 12:00,0.845577859,0.845577859
1/11/2012 13:00,0.869387766,0.869387766
1/11/2012 14:00,0.816842991,0.816842991
1/11/2012 15:00,0.660293654,0.660293654
1/11/2012 16:00,0.56056916,0.56056916
1/11/2012 17:00,0.669766234,0.669766234
1/11/2012 18:00,0.897796993,0.897796993
1/11/2012 19:00,0.826333281,0.826333281
1/11/2012 20:00,2.93289745,0.967780732
1/11/2012 21:00,1.400024973,1.044976805
1/11/2012 22:00,1.107749788,1.107749788
1/11/2012 23:00,1.110143706,1.110143706
1/12/2012 0:00,1.220553578,1.220553578
1/12/2012 1:00,1.305264146,1.305264146
1/12/2012 2:00,1.309076928,1.309076928
1/12/2012 3:00,1.338856261,1.338856261
1/12/2012 4:00,1.07504659,1.378348854
1/12/2012 5:00,1.047160584,1.347364363
1/12/2012 6:00,1.014466583,1.281215222
1/12/2012 7:00,1.007093456,1.269915617
1/12/2012 8:00,0.81855993,1.027228402
1/12/2012 9:00,0.671263224,0.844447777
1/12/2012 10:00,0.760117449,0.760117449
1/12/2012 11:00,0.757920951,0.757920951
1/12/2012 12:00,0.550528771,0.550528771
1/12/2012 13:00,0.638163346,0.638163346
1/12/2012 14:00,0.807720072,0.807720072
1/12/2012 15:00,0.956422903,0.956422903
1/12/2012 16:00,1.420652411,1.420652411
1/12/2012 17:00,1.367527655,1.367527655
1/12/2012 18:00,1.717657307,1.717657307
1/12/2012 19:00,1.665412712,1.665412712
1/12/2012 20:00,3.049330769,1.871679536
1/12/2012 21:00,3.217966544,2.176782532
1/12/2012 22:00,3.232898992,2.237244919
1/12/2012 23:00,3.252648945,2.32421047
1/13/2012 0:00,2.52909336,2.45558572
1/13/2012 1:00,2.521139441,2.521139441
1/13/2012 2:00,2.596262335,2.596262335
1/13/2012 3:00,2.720137727,2.720137727
1/13/2012 4:00,1.755476289,2.861672385
1/13/2012 5:00,1.768283176,2.892558509
1/13/2012 6:00,1.811124907,2.966485243
1/13/2012 7:00,1.924679934,3.179963837
1/13/2012 8:00,1.595824371,2.620083484
1/13/2012 9:00,1.496514254,2.41682829
1/13/2012 10:00,2.11514158,2.11514158
1/13/2012 11:00,2.230819883,2.230819883
1/13/2012 12:00,1.756230355,1.756230355
1/13/2012 13:00,1.476228747,1.476228747
1/13/2012 14:00,1.534250351,1.534250351
1/13/2012 15:00,1.389671476,1.389671476
1/13/2012 16:00,1.30798691,1.30798691
1/13/2012 17:00,1.349928887,1.349928887
1/13/2012 18:00,1.613412184,1.613412184
1/13/2012 19:00,1.530138786,1.530138786
1/13/2012 20:00,2.86604314,1.610268599
1/13/2012 21:00,2.971815023,1.584393984
1/13/2012 22:00,3.023506934,1.733152117
1/13/2012 23:00,3.054057627,1.854929689
1/14/2012 0:00,3.067388865,1.832325317
1/14/2012 1:00,2.012321162,2.012321162
1/14/2012 2:00,2.206386607,2.206386607
1/14/2012 3:00,2.314638092,2.314638092
1/14/2012 4:00,1.398888439,2.372185409
1/14/2012 5:00,1.468785308,2.42622274
1/14/2012 6:00,1.305760666,2.165249187
1/14/2012 7:00,1.647291198,2.75058483
1/14/2012 8:00,1.448147741,2.419632361
1/14/2012 9:00,1.412506809,2.274730344
1/14/2012 10:00,1.652126629,1.652126629
1/14/2012 11:00,1.603890011,1.603890011
1/14/2012 12:00,1.194583811,1.194583811
1/14/2012 13:00,1.125929551,1.125929551
1/14/2012 14:00,1.082385885,1.082385885
1/14/2012 15:00,0.99894207,0.99894207
1/14/2012 16:00,0.891398889,0.891398889
1/14/2012 17:00,0.897927694,0.897927694
1/14/2012 18:00,1.007328599,1.007328599
1/14/2012 19:00,0.830629486,0.830629486
1/14/2012 20:00,2.782624956,0.813707554
1/14/2012 21:00,2.947722296,0.854478414
1/14/2012 22:00,2.940601027,0.885789637
1/14/2012 23:00,1.551173016,0.973276692
1/15/2012 0:00,1.179726421,1.179726421
1/15/2012 1:00,1.300823594,1.300823594
1/15/2012 2:00,1.353514448,1.353514448
1/15/2012 3:00,1.44917015,1.44917015
1/15/2012 4:00,1.06327463,1.519341029
1/15/2012 5:00,1.096612234,1.646945895
1/15/2012 6:00,1.168283115,1.772269
1/15/2012 7:00,1.373811736,2.121633276
1/15/2012 8:00,1.189305896,1.848018382
1/15/2012 9:00,1.011139665,1.519569178
1/15/2012 10:00,1.37132435,1.37132435
1/15/2012 11:00,1.306581837,1.306581837
1/15/2012 12:00,0.8756903,0.8756903
1/15/2012 13:00,0.678655911,0.678655911
1/15/2012 14:00,0.539351886,0.539351886
1/15/2012 15:00,0.452888743,0.452888743
1/15/2012 16:00,0.410120631,0.410120631
1/15/2012 17:00,0.398880275,0.398880275
1/15/2012 18:00,0.52006976,0.52006976
1/15/2012 19:00,0.480862867,0.480862867
1/15/2012 20:00,2.720215,0.638561015
1/15/2012 21:00,2.857757459,0.843780849
1/15/2012 22:00,1.683663408,1.021047485
1/15/2012 23:00,0.976139095,0.976139095
1/16/2012 0:00,1.034372922,1.034372922
1/16/2012 1:00,1.066155159,1.066155159
1/16/2012 2:00,1.058772305,1.058772305
1/16/2012 3:00,1.074558003,1.074558003
1/16/2012 4:00,0.807333434,1.033038918
1/16/2012 5:00,0.788930873,1.035545413
1/16/2012 6:00,0.811481661,1.028653451
1/16/2012 7:00,0.894150104,1.129049477
1/16/2012 8:00,0.735608042,0.926105257
1/16/2012 9:00,0.704314845,0.886904535
1/16/2012 10:00,0.828090947,0.828090947
1/16/2012 11:00,0.860877939,0.860877939
1/16/2012 12:00,0.640928205,0.640928205
1/16/2012 13:00,0.532757551,0.532757551
1/16/2012 14:00,0.474157209,0.474157209
1/16/2012 15:00,0.429294586,0.429294586
1/16/2012 16:00,0.4669101,0.4669101
1/16/2012 17:00,0.448198178,0.448198178
1/16/2012 18:00,0.521092264,0.521092264
1/16/2012 19:00,0.470092665,0.470092665
1/16/2012 20:00,2.889460742,0.527841128
1/16/2012 21:00,1.351529724,0.620058403
1/16/2012 22:00,0.688127489,0.688127489
1/16/2012 23:00,0.690829319,0.690829319
1/17/2012 0:00,0.792319536,0.792319536
1/17/2012 1:00,0.824998945,0.824998945
1/17/2012 2:00,0.75309877,0.75309877
1/17/2012 3:00,0.807387873,0.807387873
1/17/2012 4:00,0.649054708,0.831520366
1/17/2012 5:00,0.637757635,0.838721665
1/17/2012 6:00,0.684395475,0.874124794
1/17/2012 7:00,0.703419369,0.88869756
1/17/2012 8:00,0.628133229,0.791808351
1/17/2012 9:00,0.545854744,0.687231411
1/17/2012 10:00,0.612384258,0.612384258
1/17/2012 11:00,0.594485341,0.594485341
1/17/2012 12:00,0.464918829,0.464918829
1/17/2012 13:00,0.365781089,0.365781089
1/17/2012 14:00,0.28696566,0.28696566
1/17/2012 15:00,0.270467376,0.270467376
1/17/2012 16:00,0.306604681,0.306604681
1/17/2012 17:00,0.321162431,0.321162431
1/17/2012 18:00,0.306726154,0.306726154
1/17/2012 19:00,0.268775614,0.268775614
1/17/2012 20:00,1.908899079,0.309119485
1/17/2012 21:00,0.579332901,0.463029166
1/17/2012 22:00,0.625825512,0.625825512
1/17/2012 23:00,0.685062539,0.685062539
1/18/2012 0:00,0.861248923,0.861248923
1/18/2012 1:00,1.115400531,1.115400531
1/18/2012 2:00,1.340994199,1.340994199
1/18/2012 3:00,1.701579498,1.701579498
1/18/2012 4:00,1.242348377,1.783186002
1/18/2012 5:00,1.207423257,1.784649442
1/18/2012 6:00,1.329649352,1.970933254
1/18/2012 7:00,1.497984943,2.257670158
1/18/2012 8:00,1.259522523,1.925517858
1/18/2012 9:00,1.30623922,1.976546808
1/18/2012 10:00,1.936709896,1.936709896
1/18/2012 11:00,2.191900444,2.191900444
1/18/2012 12:00,1.843441231,1.843441231
1/18/2012 13:00,1.627812555,1.627812555
1/18/2012 14:00,1.444197221,1.444197221
1/18/2012 15:00,1.303502853,1.303502853
1/18/2012 16:00,1.320711558,1.320711558
1/18/2012 17:00,1.237039747,1.237039747
1/18/2012 18:00,1.312397321,1.312397321
1/18/2012 19:00,1.320508842,1.320508842
1/18/2012 20:00,2.783812673,1.241166251
1/18/2012 21:00,2.999004651,1.573166801
1/18/2012 22:00,3.0688134,1.742081655
1/18/2012 23:00,3.11443412,1.86177705
1/19/2012 0:00,2.177159647,2.001677603
1/19/2012 1:00,2.090880245,2.090880245
1/19/2012 2:00,2.055278817,2.055278817
1/19/2012 3:00,2.063724166,2.063724166
1/19/2012 4:00,1.304975173,2.03713392
1/19/2012 5:00,1.296373537,2.028137027
1/19/2012 6:00,1.304563572,2.0262776
1/19/2012 7:00,1.490304817,2.341664137
1/19/2012 8:00,1.231099585,1.933771582
1/19/2012 9:00,1.12423161,1.703328126
1/19/2012 10:00,1.417174616,1.417174616
1/19/2012 11:00,1.361112939,1.361112939
1/19/2012 12:00,0.837624454,0.837624454
1/19/2012 13:00,0.589141835,0.589141835
1/19/2012 14:00,0.447523584,0.447523584
1/19/2012 15:00,0.302224827,0.302224827
1/19/2012 16:00,0.181713023,0.181713023
1/19/2012 17:00,0.241069721,0.241069721
1/19/2012 18:00,0.493214871,0.493214871
1/19/2012 19:00,0.441492709,0.441492709
1/19/2012 20:00,2.860061157,0.575201886
1/19/2012 21:00,3.032398607,0.676144854
1/19/2012 22:00,1.090424814,0.776489794
1/19/2012 23:00,0.800186384,0.800186384
1/20/2012 0:00,0.932015501,0.932015501
1/20/2012 1:00,0.981844283,0.981844283
1/20/2012 2:00,0.985856709,0.985856709
1/20/2012 3:00,0.970585118,0.970585118
1/20/2012 4:00,0.724711136,0.927477129
1/20/2012 5:00,0.686868466,0.902857889
1/20/2012 6:00,0.694064868,0.88392864
1/20/2012 7:00,0.722638075,0.912649918
1/20/2012 8:00,0.531696586,0.669949105
1/20/2012 9:00,0.566325667,0.713634483
1/20/2012 10:00,0.643108875,0.643108875
1/20/2012 11:00,0.622749087,0.622749087
1/20/2012 12:00,0.558194976,0.558194976
1/20/2012 13:00,0.464693961,0.464693961
1/20/2012 14:00,0.34424567,0.34424567
1/20/2012 15:00,0.336729678,0.336729678
1/20/2012 16:00,0.375398649,0.375398649
1/20/2012 17:00,0.375581242,0.375581242
1/20/2012 18:00,0.423267336,0.423267336
1/20/2012 19:00,0.379542418,0.379542418
1/20/2012 20:00,1.984745233,0.417517996
1/20/2012 21:00,0.581228089,0.438574898
1/20/2012 22:00,0.488620415,0.488620415
1/20/2012 23:00,0.511720068,0.511720068
1/21/2012 0:00,0.486974609,0.486974609
1/21/2012 1:00,0.535270885,0.535270885
1/21/2012 2:00,0.537229042,0.537229042
1/21/2012 3:00,0.534711494,0.534711494
1/21/2012 4:00,0.415968748,0.533203433
1/21/2012 5:00,0.41920161,0.546559905
1/21/2012 6:00,0.425482241,0.555287751
1/21/2012 7:00,0.40034066,0.511182385
1/21/2012 8:00,0.373631791,0.472642607
1/21/2012 9:00,0.140407562,0.178567151
1/21/2012 10:00,0.340606387,0.340606387
1/21/2012 11:00,0.357145805,0.357145805
1/21/2012 12:00,0.354669351,0.354669351
1/21/2012 13:00,0.284423894,0.284423894
1/21/2012 14:00,0.222883121,0.222883121
1/21/2012 15:00,0.212023751,0.212023751
1/21/2012 16:00,0.242596888,0.242596888
1/21/2012 17:00,0.364384251,0.364384251
1/21/2012 18:00,0.557570791,0.557570791
1/21/2012 19:00,0.561234101,0.561234101
1/21/2012 20:00,2.214859364,0.679014923
1/21/2012 21:00,0.764922288,0.764922288
1/21/2012 22:00,0.836171456,0.836171456
1/21/2012 23:00,0.890055265,0.890055265
1/22/2012 0:00,0.970457676,0.970457676
1/22/2012 1:00,1.032847379,1.032847379
1/22/2012 2:00,1.076822767,1.076822767
1/22/2012 3:00,1.079619482,1.079619482
1/22/2012 4:00,0.829036537,1.06335887
1/22/2012 5:00,0.789258443,1.03233132
1/22/2012 6:00,0.780323447,0.988231431
1/22/2012 7:00,0.827140499,1.044261655
1/22/2012 8:00,0.653304918,0.822456186
1/22/2012 9:00,0.643035856,0.808307309
1/22/2012 10:00,0.632936095,0.632936095
1/22/2012 11:00,0.522785358,0.522785358
1/22/2012 12:00,0.282695101,0.282695101
1/22/2012 13:00,0.126419597,0.126419597
1/22/2012 14:00,0.046107742,0.046107742
1/22/2012 15:00,0.059395849,0.059395849
1/22/2012 16:00,0.07218654,0.07218654
1/22/2012 17:00,0.121349245,0.121349245
1/22/2012 18:00,0.251931676,0.251931676
1/22/2012 19:00,0.258531895,0.258531895
1/22/2012 20:00,1.925855539,0.356441042
1/22/2012 21:00,0.795050848,0.454408646
1/22/2012 22:00,0.504828066,0.504828066
1/22/2012 23:00,0.565127849,0.565127849
1/23/2012 0:00,0.616216887,0.616216887
1/23/2012 1:00,0.630063889,0.630063889
1/23/2012 2:00,0.647812185,0.647812185
1/23/2012 3:00,0.646118629,0.646118629
1/23/2012 4:00,0.476631193,0.610740038
1/23/2012 5:00,0.451798314,0.589209871
1/23/2012 6:00,0.449034849,0.582155085
1/23/2012 7:00,0.42060669,0.535611466
1/23/2012 8:00,0.2854613,0.359948746
1/23/2012 9:00,0.156366018,0.196419461
1/23/2012 10:00,0.108766399,0.108766399
1/23/2012 11:00,0.098872512,0.098872512
1/23/2012 12:00,0.017934606,0.017934606
1/23/2012 13:00,0,0
1/23/2012 14:00,0,0
1/23/2012 15:00,0,0
1/23/2012 16:00,0,0
1/23/2012 17:00,0,0
1/23/2012 18:00,0.014367763,0.014367763
1/23/2012 19:00,0.042474777,0.042474777
1/23/2012 20:00,1.173683267,0.205109412
1/23/2012 21:00,0.369283086,0.369283086
1/23/2012 22:00,0.567204947,0.567204947
1/23/2012 23:00,0.695588997,0.695588997
1/24/2012 0:00,0.806397777,0.806397777
1/24/2012 1:00,0.924152674,0.924152674
1/24/2012 2:00,1.032051057,1.032051057
1/24/2012 3:00,1.117490244,1.117490244
1/24/2012 4:00,0.928725891,1.232421674
1/24/2012 5:00,0.963470524,1.32338064
1/24/2012 6:00,1.03066132,1.409289873
1/24/2012 7:00,1.212219135,1.686984073
1/24/2012 8:00,1.012638483,1.434577334
1/24/2012 9:00,0.892810098,1.214729444
1/24/2012 10:00,0.864109,0.864109
1/24/2012 11:00,0.825852326,0.825852326
1/24/2012 12:00,0.543798153,0.543798153
1/24/2012 13:00,0.397882364,0.397882364
1/24/2012 14:00,0.291743772,0.291743772
1/24/2012 15:00,0.247310446,0.247310446
1/24/2012 16:00,0.228611076,0.228611076
1/24/2012 17:00,0.230789939,0.230789939
1/24/2012 18:00,0.359399533,0.359399533
1/24/2012 19:00,0.275373699,0.275373699
1/24/2012 20:00,2.773253744,0.376268521
1/24/2012 21:00,2.129743621,0.539816598
1/24/2012 22:00,0.618748551,0.618748551
1/24/2012 23:00,0.616632152,0.616632152
1/25/2012 0:00,0.80165299,0.80165299
1/25/2012 1:00,0.972103237,0.972103237
1/25/2012 2:00,1.131090796,1.131090796
1/25/2012 3:00,1.169111797,1.169111797
1/25/2012 4:00,0.877456567,1.121817192
1/25/2012 5:00,0.783561507,1.024516145
1/25/2012 6:00,0.761118563,0.963207032
1/25/2012 7:00,0.79595975,1.004883578
1/25/2012 8:00,0.700806509,0.883007975
1/25/2012 9:00,0.675399695,0.850319465
1/25/2012 10:00,0.774391113,0.774391113
1/25/2012 11:00,0.812482716,0.812482716
1/25/2012 12:00,0.605780632,0.605780632
1/25/2012 13:00,0.453966542,0.453966542
1/25/2012 14:00,0.31792676,0.31792676
1/25/2012 15:00,0.217167944,0.217167944
1/25/2012 16:00,0.159983113,0.159983113
1/25/2012 17:00,0.091762649,0.091762649
1/25/2012 18:00,0.022359077,0.022359077
1/25/2012 19:00,0.096799248,0.096799248
1/25/2012 20:00,1.940381065,0.138447161
1/25/2012 21:00,0.5841388,0.210631169
1/25/2012 22:00,0.268522014,0.268522014
1/25/2012 23:00,0.31815304,0.31815304
1/26/2012 0:00,0.397393063,0.397393063
1/26/2012 1:00,0.45217913,0.45217913
1/26/2012 2:00,0.489812168,0.489812168
1/26/2012 3:00,0.550835993,0.550835993
1/26/2012 4:00,0.438782249,0.562325294
1/26/2012 5:00,0.431849519,0.563162286
1/26/2012 6:00,0.432880773,0.563649437
1/26/2012 7:00,0.47979707,0.612750019
1/26/2012 8:00,0.386225613,0.487648262
1/26/2012 9:00,0.37493894,0.473356636
1/26/2012 10:00,0.211536294,0.211536294
1/26/2012 11:00,0.185163502,0.185163502
1/26/2012 12:00,0.077181369,0.077181369
1/26/2012 13:00,0.01262666,0.01262666
1/26/2012 14:00,0,0
1/26/2012 15:00,0,0
1/26/2012 16:00,0,0
1/26/2012 17:00,0,0
1/26/2012 18:00,0.147136163,0.147136163
1/26/2012 19:00,0.17846219,0.17846219
1/26/2012 20:00,1.473221114,0.317340683
1/26/2012 21:00,0.399325755,0.399325755
1/26/2012 22:00,0.528878747,0.528878747
1/26/2012 23:00,0.64813554,0.64813554
1/27/2012 0:00,0.764034606,0.764034606
1/27/2012 1:00,0.863720907,0.863720907
1/27/2012 2:00,0.923363804,0.923363804
1/27/2012 3:00,1.030890208,1.030890208
1/27/2012 4:00,0.98129552,1.259929026
1/27/2012 5:00,1.011578635,1.306658579
1/27/2012 6:00,1.068369317,1.355878272
1/27/2012 7:00,1.201399562,1.541156738
1/27/2012 8:00,0.949969656,1.241779376
1/27/2012 9:00,0.766281808,1.010019002
1/27/2012 10:00,0.875380712,0.875380712
1/27/2012 11:00,1.033403341,1.033403341
1/27/2012 12:00,0.747992005,0.747992005
1/27/2012 13:00,0.589187717,0.589187717
1/27/2012 14:00,0.55981452,0.55981452
1/27/2012 15:00,0.586666262,0.586666262
1/27/2012 16:00,0.572609545,0.572609545
1/27/2012 17:00,0.529346692,0.529346692
1/27/2012 18:00,0.682171782,0.682171782
1/27/2012 19:00,0.6199656,0.6199656
1/27/2012 20:00,2.806005241,0.744895001
1/27/2012 21:00,2.934422203,0.927401387
1/27/2012 22:00,1.130172651,1.130172651
1/27/2012 23:00,1.322216134,1.322216134
1/28/2012 0:00,1.485215859,1.485215859
1/28/2012 1:00,1.592561673,1.592561673
1/28/2012 2:00,1.705686051,1.705686051
1/28/2012 3:00,1.817592318,1.817592318
1/28/2012 4:00,1.316269608,1.923914972
1/28/2012 5:00,1.340504683,1.9521407
1/28/2012 6:00,1.349327598,1.940822379
1/28/2012 7:00,1.500428012,2.156092446
1/28/2012 8:00,1.190647051,1.699066148
1/28/2012 9:00,0.975222814,1.328510458
1/28/2012 10:00,0.921751396,0.921751396
1/28/2012 11:00,0.891845022,0.891845022
1/28/2012 12:00,0.605072849,0.605072849
1/28/2012 13:00,0.424326666,0.424326666
1/28/2012 14:00,0.336181473,0.336181473
1/28/2012 15:00,0.233154639,0.233154639
1/28/2012 16:00,0.19810492,0.19810492
1/28/2012 17:00,0.331548684,0.331548684
1/28/2012 18:00,0.552228537,0.552228537
1/28/2012 19:00,0.559423311,0.559423311
1/28/2012 20:00,2.739830303,0.800977882
1/28/2012 21:00,2.890288617,1.011962658
1/28/2012 22:00,2.808154168,1.299368475
1/28/2012 23:00,1.483718058,1.483718058
1/29/2012 0:00,1.499861122,1.499861122
1/29/2012 1:00,1.626172887,1.626172887
1/29/2012 2:00,1.865101225,1.865101225
1/29/2012 3:00,2.045373105,2.045373105
1/29/2012 4:00,1.348280411,2.153848224
1/29/2012 5:00,1.401920722,2.244804182
1/29/2012 6:00,1.447275535,2.313096847
1/29/2012 7:00,1.602691198,2.558656601
1/29/2012 8:00,1.332777086,2.150754395
1/29/2012 9:00,1.43214603,1.793420347
1/29/2012 10:00,1.521749741,1.521749741
1/29/2012 11:00,1.33257118,1.33257118
1/29/2012 12:00,0.866756899,0.866756899
1/29/2012 13:00,0.661225318,0.661225318
1/29/2012 14:00,0.535608416,0.535608416
1/29/2012 15:00,0.387465456,0.387465456
1/29/2012 16:00,0.317321086,0.317321086
1/29/2012 17:00,0.352746019,0.352746019
1/29/2012 18:00,0.482991437,0.482991437
1/29/2012 19:00,0.439673067,0.439673067
1/29/2012 20:00,2.655428238,0.655042444
1/29/2012 21:00,2.813270684,0.844548197
1/29/2012 22:00,2.706414036,0.990712934
1/29/2012 23:00,1.184565859,1.184565859
1/30/2012 0:00,1.342241083,1.342241083
1/30/2012 1:00,1.494832755,1.494832755
1/30/2012 2:00,1.612421224,1.612421224
1/30/2012 3:00,1.655979415,1.655979415
1/30/2012 4:00,1.120749432,1.735651751
1/30/2012 5:00,1.159591447,1.823020955
1/30/2012 6:00,1.179863346,1.807906256
1/30/2012 7:00,1.374554517,2.122935486
1/30/2012 8:00,1.125908505,1.748188552
1/30/2012 9:00,1.044787155,1.539374534
1/30/2012 10:00,0.992183461,0.992183461
1/30/2012 11:00,0.848002469,0.848002469
1/30/2012 12:00,0.52224753,0.52224753
1/30/2012 13:00,0.369346664,0.369346664
1/30/2012 14:00,0.219258081,0.219258081
1/30/2012 15:00,0.061142612,0.061142612
1/30/2012 16:00,0.001356871,0.001356871
1/30/2012 17:00,0.013325208,0.013325208
1/30/2012 18:00,0.154505683,0.154505683
1/30/2012 19:00,0.208255807,0.208255807
1/30/2012 20:00,2.729271591,0.303774019
1/30/2012 21:00,2.801631523,0.601288892
1/30/2012 22:00,0.814698761,0.814698761
1/30/2012 23:00,1.015544967,1.015544967
1/31/2012 0:00,1.141764439,1.141764439
1/31/2012 1:00,1.213475044,1.213475044
1/31/2012 2:00,1.28216872,1.28216872
1/31/2012 3:00,1.366702577,1.366702577
1/31/2012 4:00,1.073800203,1.456834728
1/31/2012 5:00,1.07049219,1.389013481
1/31/2012 6:00,1.027123208,1.29736047
1/31/2012 7:00,1.072823465,1.35555526
1/31/2012 8:00,0.714233009,0.896457384
1/31/2012 9:00,0.457571913,0.573368066
1/31/2012 10:00,0.564176939,0.564176939
1/31/2012 11:00,0.467219368,0.467219368
1/31/2012 12:00,0.288988542,0.288988542
1/31/2012 13:00,0.152941503,0.152941503
1/31/2012 14:00,0.053155581,0.053155581
1/31/2012 15:00,0.000685611,0.000685611
1/31/2012 16:00,0,0
1/31/2012 17:00,0,0
1/31/2012 18:00,0.078593291,0.078593291
1/31/2012 19:00,0.140143792,0.140143792
1/31/2012 20:00,2.797443255,0.336315367
1/31/2012 21:00,1.57868923,0.512701967
1/31/2012 22:00,0.651924796,0.651924796
1/31/2012 23:00,0.692772336,0.692772336
2/1/2012 0:00,0.67768741,0.67768741
2/1/2012 1:00,0.786719645,0.786719645
2/1/2012 2:00,0.777624812,0.777624812
2/1/2012 3:00,0.76189763,0.76189763
2/1/2012 4:00,0.592266295,0.7591782
2/1/2012 5:00,0.554771458,0.72411903
2/1/2012 6:00,0.52465185,0.67259701
2/1/2012 7:00,0.533786608,0.675386473
2/1/2012 8:00,0.433456067,0.546680735
2/1/2012 9:00,0.421360994,0.531638997
2/1/2012 10:00,0.471730301,0.471730301
2/1/2012 11:00,0.505960142,0.505960142
2/1/2012 12:00,0.387754246,0.387754246
2/1/2012 13:00,0.373714618,0.373714618
2/1/2012 14:00,0.378291509,0.378291509
2/1/2012 15:00,0.451824768,0.451824768
2/1/2012 16:00,0.49698534,0.49698534
2/1/2012 17:00,0.514596185,0.514596185
2/1/2012 18:00,0.568566643,0.568566643
2/1/2012 19:00,0.486900931,0.486900931
2/1/2012 20:00,2.504398605,0.490424483
2/1/2012 21:00,0.524569908,0.524569908
2/1/2012 22:00,0.562178428,0.562178428
2/1/2012 23:00,0.593455838,0.593455838
2/2/2012 0:00,0.65359336,0.65359336
2/2/2012 1:00,0.713111306,0.713111306
2/2/2012 2:00,0.749711926,0.749711926
2/2/2012 3:00,0.816087246,0.816087246
2/2/2012 4:00,0.6434868,0.825399248
2/2/2012 5:00,0.631279993,0.830364307
2/2/2012 6:00,0.66061618,0.843989282
2/2/2012 7:00,0.689353254,0.871215814
2/2/2012 8:00,0.543684508,0.684571347
2/2/2012 9:00,0.421559038,0.529766153
2/2/2012 10:00,0.487399585,0.487399585
2/2/2012 11:00,0.399262013,0.399262013
2/2/2012 12:00,0.305425675,0.305425675
2/2/2012 13:00,0.185317819,0.185317819
2/2/2012 14:00,0.080057525,0.080057525
2/2/2012 15:00,0.005493768,0.005493768
2/2/2012 16:00,0,0
2/2/2012 17:00,0,0
2/2/2012 18:00,0.098577526,0.098577526
2/2/2012 19:00,0.166551645,0.166551645
2/2/2012 20:00,2.674364624,0.336771898
2/2/2012 21:00,0.507727273,0.507727273
2/2/2012 22:00,0.708589319,0.708589319
2/2/2012 23:00,0.836962003,0.836962003
2/3/2012 0:00,0.936118533,0.936118533
2/3/2012 1:00,1.037921013,1.037921013
2/3/2012 2:00,1.074874399,1.074874399
2/3/2012 3:00,1.116175192,1.116175192
2/3/2012 4:00,0.889307137,1.140784322
2/3/2012 5:00,0.896000517,1.166444225
2/3/2012 6:00,0.748993453,0.946559599
2/3/2012 7:00,0.935144074,1.180155042
2/3/2012 8:00,0.692563127,0.869584306
2/3/2012 9:00,0.576923495,0.72621005
2/3/2012 10:00,0.543830657,0.543830657
2/3/2012 11:00,0.537648145,0.537648145
2/3/2012 12:00,0.310719504,0.310719504
2/3/2012 13:00,0.164484305,0.164484305
2/3/2012 14:00,0.073474376,0.073474376
2/3/2012 15:00,0.00149425,0.00149425
2/3/2012 16:00,0,0
2/3/2012 17:00,0.010895626,0.010895626
2/3/2012 18:00,0.268358127,0.268358127
2/3/2012 19:00,0.309764604,0.309764604
2/3/2012 20:00,2.834854756,0.486182146
2/3/2012 21:00,1.456571417,0.674001841
2/3/2012 22:00,0.919139463,0.919139463
2/3/2012 23:00,1.020348725,1.020348725
2/4/2012 0:00,1.002714516,1.002714516
2/4/2012 1:00,0.961838973,0.961838973
2/4/2012 2:00,0.948783496,0.948783496
2/4/2012 3:00,0.925196709,0.925196709
2/4/2012 4:00,0.735358215,0.942544303
2/4/2012 5:00,0.699659267,0.916585946
2/4/2012 6:00,0.668277832,0.849482497
2/4/2012 7:00,0.76957153,0.971219936
2/4/2012 8:00,0.644829339,0.812630321
2/4/2012 9:00,0.470685593,0.592592624
2/4/2012 10:00,0.376677116,0.376677116
2/4/2012 11:00,0.33229681,0.33229681
2/4/2012 12:00,0.141880511,0.141880511
2/4/2012 13:00,0.02735467,0.02735467
2/4/2012 14:00,0,0
2/4/2012 15:00,0,0
2/4/2012 16:00,0,0
2/4/2012 17:00,0,0
2/4/2012 18:00,0,0
2/4/2012 19:00,0.031409947,0.031409947
2/4/2012 20:00,1.79894273,0.177216281
2/4/2012 21:00,0.315920534,0.271069665
2/4/2012 22:00,0.431919549,0.431919549
2/4/2012 23:00,0.597429468,0.597429468
2/5/2012 0:00,0.739227913,0.739227913
2/5/2012 1:00,0.776931584,0.776931584
2/5/2012 2:00,0.823312015,0.823312015
2/5/2012 3:00,0.84505733,0.84505733
2/5/2012 4:00,0.668436877,0.85735284
2/5/2012 5:00,0.666842359,0.879563736
2/5/2012 6:00,0.698594417,0.891069148
2/5/2012 7:00,0.744413428,0.940489783
2/5/2012 8:00,0.557753454,0.700817234
2/5/2012 9:00,0.428779612,0.540016721
2/5/2012 10:00,0.334090169,0.334090169
2/5/2012 11:00,0.467679446,0.467679446
2/5/2012 12:00,0.439189174,0.439189174
2/5/2012 13:00,0.394347424,0.394347424
2/5/2012 14:00,0.352389353,0.352389353
2/5/2012 15:00,0.337595871,0.337595871
2/5/2012 16:00,0.381087773,0.381087773
2/5/2012 17:00,0.355409118,0.355409118
2/5/2012 18:00,0.462576115,0.462576115
2/5/2012 19:00,0.442772885,0.442772885
2/5/2012 20:00,2.856898528,0.52694155
2/5/2012 21:00,0.833500918,0.649221639
2/5/2012 22:00,0.75201837,0.75201837
2/5/2012 23:00,0.820098416,0.820098416
2/6/2012 0:00,0.914236983,0.914236983
2/6/2012 1:00,0.982537302,0.982537302
2/6/2012 2:00,1.049077239,1.049077239
2/6/2012 3:00,1.117827191,1.117827191
2/6/2012 4:00,0.88459139,1.185609958
2/6/2012 5:00,0.891801026,1.210827819
2/6/2012 6:00,0.941149441,1.262447694
2/6/2012 7:00,1.086264683,1.4665394
2/6/2012 8:00,0.918863917,1.250726517
2/6/2012 9:00,0.859506716,1.138237079
2/6/2012 10:00,0.860940801,0.860940801
2/6/2012 11:00,0.687678843,0.687678843
2/6/2012 12:00,0.584563125,0.584563125
2/6/2012 13:00,0.424222275,0.424222275
2/6/2012 14:00,0.322995055,0.322995055
2/6/2012 15:00,0.118993863,0.118993863
2/6/2012 16:00,0.071586735,0.071586735
2/6/2012 17:00,0.108827234,0.108827234
2/6/2012 18:00,0.29042905,0.29042905
2/6/2012 19:00,0.349792857,0.349792857
2/6/2012 20:00,2.77158706,0.512647289
2/6/2012 21:00,2.136948959,0.642762081
2/6/2012 22:00,0.763647235,0.763647235
2/6/2012 23:00,0.872321128,0.872321128
2/7/2012 0:00,1.070381196,1.070381196
2/7/2012 1:00,1.161023347,1.161023347
2/7/2012 2:00,1.225777125,1.225777125
2/7/2012 3:00,1.300837313,1.300837313
2/7/2012 4:00,0.99327039,1.354256953
2/7/2012 5:00,1.017374202,1.410131997
2/7/2012 6:00,1.051209758,1.445410217
2/7/2012 7:00,0.976885286,1.379871115
2/7/2012 8:00,1.015099149,1.457321961
2/7/2012 9:00,0.997804814,1.369014657
2/7/2012 10:00,1.149609188,1.149609188
2/7/2012 11:00,1.130398635,1.130398635
2/7/2012 12:00,0.786013874,0.786013874
2/7/2012 13:00,0.633719245,0.633719245
2/7/2012 14:00,0.504745451,0.504745451
2/7/2012 15:00,0.413534033,0.413534033
2/7/2012 16:00,0.358262433,0.358262433
2/7/2012 17:00,0.305004502,0.305004502
2/7/2012 18:00,0.395804507,0.395804507
2/7/2012 19:00,0.269747133,0.269747133
2/7/2012 20:00,2.722538511,0.375009508
2/7/2012 21:00,2.230949265,0.560467644
2/7/2012 22:00,0.579568348,0.579568348
2/7/2012 23:00,0.716732955,0.716732955
2/8/2012 0:00,0.819384284,0.819384284
2/8/2012 1:00,0.871235835,0.871235835
2/8/2012 2:00,0.912791002,0.912791002
2/8/2012 3:00,0.950754447,0.950754447
2/8/2012 4:00,0.763652879,0.978715595
2/8/2012 5:00,0.750385219,1.000074024
2/8/2012 6:00,0.80058574,1.042191135
2/8/2012 7:00,0.928016304,1.219336211
2/8/2012 8:00,0.769334977,1.002950783
2/8/2012 9:00,0.717779039,0.916855458
2/8/2012 10:00,0.746260116,0.746260116
2/8/2012 11:00,0.70181147,0.70181147
2/8/2012 12:00,0.365147247,0.365147247
2/8/2012 13:00,0.347020745,0.347020745
2/8/2012 14:00,0.263842946,0.263842946
2/8/2012 15:00,0.186950629,0.186950629
2/8/2012 16:00,0.17416505,0.17416505
2/8/2012 17:00,0.207460327,0.207460327
2/8/2012 18:00,0.422042077,0.422042077
2/8/2012 19:00,0.559620958,0.559620958
2/8/2012 20:00,2.782905661,0.735789027
2/8/2012 21:00,2.160280946,0.926562062
2/8/2012 22:00,1.073600812,1.073600812
2/8/2012 23:00,1.26755336,1.26755336
2/9/2012 0:00,1.501658122,1.501658122
2/9/2012 1:00,1.637009834,1.637009834
2/9/2012 2:00,1.667684703,1.667684703
2/9/2012 3:00,1.78120491,1.78120491
2/9/2012 4:00,1.312929329,1.967992085
2/9/2012 5:00,1.379237846,2.078940945
2/9/2012 6:00,1.37989247,2.053592181
2/9/2012 7:00,1.536419249,2.284857485
2/9/2012 8:00,1.268185651,1.872581068
2/9/2012 9:00,1.103660413,1.611027763
2/9/2012 10:00,1.283928347,1.283928347
2/9/2012 11:00,1.268656292,1.268656292
2/9/2012 12:00,0.857148529,0.857148529
2/9/2012 13:00,0.751602136,0.751602136
2/9/2012 14:00,0.660546976,0.660546976
2/9/2012 15:00,0.607840332,0.607840332
2/9/2012 16:00,0.590966815,0.590966815
2/9/2012 17:00,0.578086709,0.578086709
2/9/2012 18:00,0.721478406,0.721478406
2/9/2012 19:00,0.652222671,0.652222671
2/9/2012 20:00,2.728500388,0.753470295
2/9/2012 21:00,2.86217365,0.877132411
2/9/2012 22:00,2.504830781,0.981636723
2/9/2012 23:00,1.079388523,1.079388523
2/10/2012 0:00,1.187018934,1.187018934
2/10/2012 1:00,1.282732666,1.282732666
2/10/2012 2:00,1.362932567,1.362932567
2/10/2012 3:00,1.412232206,1.412232206
2/10/2012 4:00,1.072319812,1.564089734
2/10/2012 5:00,1.132577087,1.677352833
2/10/2012 6:00,1.140771519,1.629172558
2/10/2012 7:00,1.218821898,1.714277844
2/10/2012 8:00,1.012871845,1.401066786
2/10/2012 9:00,0.95286017,1.300493966
2/10/2012 10:00,1.178373424,1.178373424
2/10/2012 11:00,1.148841358,1.148841358
2/10/2012 12:00,0.856827407,0.856827407
2/10/2012 13:00,0.872506282,0.872506282
2/10/2012 14:00,0.875636273,0.875636273
2/10/2012 15:00,0.878453597,0.878453597
2/10/2012 16:00,0.867959634,0.867959634
2/10/2012 17:00,0.921012826,0.921012826
2/10/2012 18:00,0.917710904,0.917710904
2/10/2012 19:00,0.84058791,0.84058791
2/10/2012 20:00,2.809982839,0.818898764
2/10/2012 21:00,2.898969272,0.760607817
2/10/2012 22:00,1.223444689,0.919151709
2/10/2012 23:00,1.041674883,1.041674883
2/11/2012 0:00,1.118713189,1.118713189
2/11/2012 1:00,1.225454975,1.225454975
2/11/2012 2:00,1.427893843,1.427893843
2/11/2012 3:00,1.447804838,1.447804838
2/11/2012 4:00,1.034961935,1.420971584
2/11/2012 5:00,1.060194732,1.475430357
2/11/2012 6:00,1.076898301,1.465631698
2/11/2012 7:00,1.305901972,1.83565233
2/11/2012 8:00,1.759144471,2.53541212
2/11/2012 9:00,1.591600893,2.337436353
2/11/2012 10:00,2.281564972,2.281564972
2/11/2012 11:00,2.262136586,2.262136586
2/11/2012 12:00,2.092438117,2.092438117
2/11/2012 13:00,2.166384483,2.166384483
2/11/2012 14:00,2.225630526,2.225630526
2/11/2012 15:00,2.426135508,2.426135508
2/11/2012 16:00,2.051500583,2.051500583
2/11/2012 17:00,1.848904344,1.848904344
2/11/2012 18:00,2.192022803,2.192022803
2/11/2012 19:00,2.031942079,2.031942079
2/11/2012 20:00,3.120147345,2.262992074
2/11/2012 21:00,3.23595355,2.392295676
2/11/2012 22:00,3.19747057,2.319620013
2/11/2012 23:00,3.237133758,2.447220786
2/12/2012 0:00,3.418361836,2.924314563
2/12/2012 1:00,3.202362285,3.202362285
2/12/2012 2:00,3.520528052,3.520528052
2/12/2012 3:00,3.749870884,3.749870884
2/12/2012 4:00,1.929176784,3.826030938
2/12/2012 5:00,2.009186137,3.936971556
2/12/2012 6:00,1.954054473,3.806160835
2/12/2012 7:00,2.140023131,4.557939151
2/12/2012 8:00,2.252103908,3.033037931
2/12/2012 9:00,2.815363963,2.817838511
2/12/2012 10:00,2.484877769,2.484877769
2/12/2012 11:00,2.447513613,2.447513613
2/12/2012 12:00,1.804310379,1.804310379
2/12/2012 13:00,1.432079817,1.432079817
2/12/2012 14:00,1.144311954,1.144311954
2/12/2012 15:00,0.866867834,0.866867834
2/12/2012 16:00,0.84117996,0.84117996
2/12/2012 17:00,0.810257559,0.810257559
2/12/2012 18:00,1.170544703,1.170544703
2/12/2012 19:00,1.177351129,1.177351129
2/12/2012 20:00,2.706586503,1.484508654
2/12/2012 21:00,2.939870402,1.586482228
2/12/2012 22:00,3.078261513,1.995882839
2/12/2012 23:00,3.140390694,2.212217097
2/13/2012 0:00,3.214548899,2.435269454
2/13/2012 1:00,2.600749261,2.600749261
2/13/2012 2:00,2.797474082,2.797474082
2/13/2012 3:00,2.920675677,2.920675677
2/13/2012 4:00,1.708214783,2.955464565
2/13/2012 5:00,1.826514233,3.072787586
2/13/2012 6:00,1.843087949,3.105205889
2/13/2012 7:00,2.039320245,3.78694762
2/13/2012 8:00,2.648294966,2.684594918
2/13/2012 9:00,2.143116981,2.145975265
2/13/2012 10:00,1.609052186,1.609052186
2/13/2012 11:00,1.481458464,1.481458464
2/13/2012 12:00,1.055658807,1.055658807
2/13/2012 13:00,0.857024796,0.857024796
2/13/2012 14:00,0.781129762,0.781129762
2/13/2012 15:00,0.760213604,0.760213604
2/13/2012 16:00,0.762149766,0.762149766
2/13/2012 17:00,0.747283175,0.747283175
2/13/2012 18:00,0.903195519,0.903195519
2/13/2012 19:00,0.803862053,0.803862053
2/13/2012 20:00,2.531919248,0.790491429
2/13/2012 21:00,2.859137784,0.950826052
2/13/2012 22:00,2.916958526,1.092162045
2/13/2012 23:00,2.973642684,1.216420624
2/14/2012 0:00,2.14651796,1.333640214
2/14/2012 1:00,1.402779919,1.402779919
2/14/2012 2:00,1.483834218,1.483834218
2/14/2012 3:00,1.62087357,1.62087357
2/14/2012 4:00,1.141462741,1.611083158
2/14/2012 5:00,1.090811969,1.541687426
2/14/2012 6:00,1.093399505,1.498887276
2/14/2012 7:00,1.192476739,1.608568626
2/14/2012 8:00,0.94585046,1.26438019
2/14/2012 9:00,0.867445754,1.159996536
2/14/2012 10:00,1.072987462,1.072987462
2/14/2012 11:00,1.10656754,1.10656754
2/14/2012 12:00,0.794195958,0.794195958
2/14/2012 13:00,0.635421405,0.635421405
2/14/2012 14:00,0.476715705,0.476715705
2/14/2012 15:00,0.354676728,0.354676728
2/14/2012 16:00,0.295065931,0.295065931
2/14/2012 17:00,0.256718333,0.256718333
2/14/2012 18:00,0.448869361,0.448869361
2/14/2012 19:00,0.450394314,0.450394314
2/14/2012 20:00,2.782231658,0.582920924
2/14/2012 21:00,2.608708627,0.61614415
2/14/2012 22:00,0.83876831,0.83876831
2/14/2012 23:00,0.94262029,0.94262029
2/15/2012 0:00,1.04381674,1.04381674
2/15/2012 1:00,1.107303164,1.107303164
2/15/2012 2:00,1.155138321,1.155138321
2/15/2012 3:00,1.265487926,1.265487926
2/15/2012 4:00,1.004475898,1.385462209
2/15/2012 5:00,1.021106851,1.453679773
2/15/2012 6:00,0.992543709,1.325956638
2/15/2012 7:00,1.056581358,1.374778397
2/15/2012 8:00,0.699446774,0.903057207
2/15/2012 9:00,0.775300029,0.977738543
2/15/2012 10:00,0.854097721,0.854097721
2/15/2012 11:00,0.829030423,0.829030423
2/15/2012 12:00,0.533881548,0.533881548
2/15/2012 13:00,0.358357416,0.358357416
2/15/2012 14:00,0.229816577,0.229816577
2/15/2012 15:00,0.133268061,0.133268061
2/15/2012 16:00,0.094771966,0.094771966
2/15/2012 17:00,0.089809908,0.089809908
2/15/2012 18:00,0.127725831,0.127725831
2/15/2012 19:00,0.113504258,0.113504258
2/15/2012 20:00,1.80345257,0.173254587
2/15/2012 21:00,0.900478926,0.254833537
2/15/2012 22:00,0.360706556,0.360706556
2/15/2012 23:00,0.415904412,0.415904412
2/16/2012 0:00,0.481731229,0.481731229
2/16/2012 1:00,0.552208756,0.552208756
2/16/2012 2:00,0.635317587,0.635317587
2/16/2012 3:00,0.722858663,0.722858663
2/16/2012 4:00,0.592781464,0.759563017
2/16/2012 5:00,0.575482143,0.75146457
2/16/2012 6:00,0.575450119,0.737043611
2/16/2012 7:00,0.626994743,0.792826373
2/16/2012 8:00,0.487669037,0.614586183
2/16/2012 9:00,0.410233495,0.515707346
2/16/2012 10:00,0.29677792,0.29677792
2/16/2012 11:00,0.267330624,0.267330624
2/16/2012 12:00,0.270372985,0.270372985
2/16/2012 13:00,0.127320429,0.127320429
2/16/2012 14:00,0.132344435,0.132344435
2/16/2012 15:00,0.091419748,0.091419748
2/16/2012 16:00,0.102617717,0.102617717
2/16/2012 17:00,0.100713505,0.100713505
2/16/2012 18:00,0.17342926,0.17342926
2/16/2012 19:00,0.213595859,0.213595859
2/16/2012 20:00,2.487225642,0.342428429
2/16/2012 21:00,0.467254893,0.467254893
2/16/2012 22:00,0.591149881,0.591149881
2/16/2012 23:00,0.65635143,0.65635143
2/17/2012 0:00,0.705410246,0.705410246
2/17/2012 1:00,0.77572447,0.77572447
2/17/2012 2:00,0.836747014,0.836747014
2/17/2012 3:00,0.867028141,0.867028141
2/17/2012 4:00,0.689124849,0.883898957
2/17/2012 5:00,0.6865116,0.90378112
2/17/2012 6:00,0.737054763,0.957217832
2/17/2012 7:00,0.711198329,0.927056138
2/17/2012 8:00,0.6861391,0.889729621
2/17/2012 9:00,0.620045218,0.781117576
2/17/2012 10:00,0.689082413,0.689082413
2/17/2012 11:00,0.666505221,0.666505221
2/17/2012 12:00,0.452508879,0.452508879
2/17/2012 13:00,0.332913581,0.332913581
2/17/2012 14:00,0.208773199,0.208773199
2/17/2012 15:00,0.150777096,0.150777096
2/17/2012 16:00,0.121282502,0.121282502
2/17/2012 17:00,0.088013598,0.088013598
2/17/2012 18:00,0.125462459,0.125462459
2/17/2012 19:00,0.107416815,0.107416815
2/17/2012 20:00,2.806496756,0.164838423
2/17/2012 21:00,0.295772783,0.295772783
2/17/2012 22:00,0.377041504,0.377041504
2/17/2012 23:00,0.547789291,0.503234324
2/18/2012 0:00,0.625440282,0.625440282
2/18/2012 1:00,0.784759534,0.784759534
2/18/2012 2:00,0.845186906,0.845186906
2/18/2012 3:00,0.864773909,0.864773909
2/18/2012 4:00,0.672700046,0.859954965
2/18/2012 5:00,0.64333427,0.846068186
2/18/2012 6:00,0.498143528,0.633441066
2/18/2012 7:00,0.692165441,0.875307522
2/18/2012 8:00,0.572515716,0.721681078
2/18/2012 9:00,0.479252974,0.603737038
2/18/2012 10:00,0.536730897,0.536730897
2/18/2012 11:00,0.398690558,0.398690558
2/18/2012 12:00,0.23062907,0.23062907
2/18/2012 13:00,0.066725714,0.066725714
2/18/2012 14:00,0.016901494,0.016901494
2/18/2012 15:00,0.00015932,0.00015932
2/18/2012 16:00,0,0
2/18/2012 17:00,0.008423203,0.008423203
2/18/2012 18:00,0.210510736,0.210510736
2/18/2012 19:00,0.218764057,0.218764057
2/18/2012 20:00,2.802197108,0.498669637
2/18/2012 21:00,0.623673926,0.548993948
2/18/2012 22:00,0.547228781,0.547228781
2/18/2012 23:00,0.625796673,0.625796673
2/19/2012 0:00,0.706665226,0.706665226
2/19/2012 1:00,0.771896255,0.771896255
2/19/2012 2:00,0.805247055,0.805247055
2/19/2012 3:00,0.824968445,0.824968445
2/19/2012 4:00,0.650719701,0.834577846
2/19/2012 5:00,0.655332766,0.862663271
2/19/2012 6:00,0.721153972,0.920915597
2/19/2012 7:00,0.686311069,0.866721011
2/19/2012 8:00,0.575881381,0.725414592
2/19/2012 9:00,0.54312303,0.682841714
2/19/2012 10:00,0.617575671,0.617575671
2/19/2012 11:00,0.577378162,0.577378162
2/19/2012 12:00,0.528814262,0.528814262
2/19/2012 13:00,0.625869796,0.625869796
2/19/2012 14:00,0.669374547,0.669374547
2/19/2012 15:00,0.596385063,0.596385063
2/19/2012 16:00,0.606696442,0.606696442
2/19/2012 17:00,0.626080672,0.626080672
2/19/2012 18:00,0.836177861,0.836177861
2/19/2012 19:00,0.757486239,0.757486239
2/19/2012 20:00,2.778825433,0.832411696
2/19/2012 21:00,1.797223316,1.019200463
2/19/2012 22:00,1.186987986,1.186987986
2/19/2012 23:00,1.290216478,1.290216478
2/20/2012 0:00,1.392957142,1.392957142
2/20/2012 1:00,1.501103422,1.501103422
2/20/2012 2:00,1.607314305,1.607314305
2/20/2012 3:00,1.712942145,1.712942145
2/20/2012 4:00,1.200199136,1.862177496
2/20/2012 5:00,1.234411045,1.91923354
2/20/2012 6:00,1.274140227,1.956658297
2/20/2012 7:00,1.447232156,2.231837177
2/20/2012 8:00,1.140586791,1.75561441
2/20/2012 9:00,0.955595188,1.430459114
2/20/2012 10:00,1.082356507,1.082356507
2/20/2012 11:00,1.006892609,1.006892609
2/20/2012 12:00,0.407657044,0.407657044
2/20/2012 13:00,0.345558118,0.345558118
2/20/2012 14:00,0.158612647,0.158612647
2/20/2012 15:00,0.01283636,0.01283636
2/20/2012 16:00,0,0
2/20/2012 17:00,0,0
2/20/2012 18:00,0.048211599,0.048211599
2/20/2012 19:00,0.096422919,0.096422919
2/20/2012 20:00,2.72710941,0.227040458
2/20/2012 21:00,2.684252421,0.48194961
2/20/2012 22:00,0.634930656,0.634930656
2/20/2012 23:00,0.72404997,0.72404997
2/21/2012 0:00,0.85566419,0.85566419
2/21/2012 1:00,1.007217831,1.007217831
2/21/2012 2:00,1.071271538,1.071271538
2/21/2012 3:00,1.133749376,1.133749376
2/21/2012 4:00,0.8732526,1.118900843
2/21/2012 5:00,0.879876129,1.147913901
2/21/2012 6:00,0.88306854,1.116002452
2/21/2012 7:00,0.918565452,1.158856632
2/21/2012 8:00,0.677157519,0.850283031
2/21/2012 9:00,0.512367821,0.644285335
2/21/2012 10:00,0.397815416,0.397815416
2/21/2012 11:00,0.51329942,0.51329942
2/21/2012 12:00,0.346545111,0.346545111
2/21/2012 13:00,0.16011464,0.16011464
2/21/2012 14:00,0.012092631,0.012092631
2/21/2012 15:00,0,0
2/21/2012 16:00,0,0
2/21/2012 17:00,0,0
2/21/2012 18:00,0.01808879,0.01808879
2/21/2012 19:00,0.067313523,0.067313523
2/21/2012 20:00,1.757017642,0.131913247
2/21/2012 21:00,0.832183606,0.28519369
2/21/2012 22:00,0.468013798,0.468013798
2/21/2012 23:00,0.621181959,0.621181959
2/22/2012 0:00,0.792715918,0.792715918
2/22/2012 1:00,0.885961877,0.885961877
2/22/2012 2:00,0.898028136,0.898028136
2/22/2012 3:00,0.905846169,0.905846169
2/22/2012 4:00,0.713828409,0.915127779
2/22/2012 5:00,0.659889733,0.867407008
2/22/2012 6:00,0.633954414,0.807925455
2/22/2012 7:00,0.676933462,0.855332582
2/22/2012 8:00,0.593694715,0.748380652
2/22/2012 9:00,0.542042779,0.683055807
2/22/2012 10:00,0.570836345,0.570836345
2/22/2012 11:00,0.656833124,0.656833124
2/22/2012 12:00,0.472562158,0.472562158
2/22/2012 13:00,0.333620632,0.333620632
2/22/2012 14:00,0.223034183,0.223034183
2/22/2012 15:00,0.087517284,0.087517284
2/22/2012 16:00,0.049852863,0.049852863
2/22/2012 17:00,0.051304801,0.051304801
2/22/2012 18:00,0.056801747,0.056801747
2/22/2012 19:00,0.074564528,0.074564528
2/22/2012 20:00,1.85665472,0.101301015
2/22/2012 21:00,0.189995898,0.189995898
2/22/2012 22:00,0.281164407,0.281164407
2/22/2012 23:00,0.340180411,0.340180411
2/23/2012 0:00,0.423453642,0.423453642
2/23/2012 1:00,0.494290099,0.494290099
2/23/2012 2:00,0.545356208,0.545356208
2/23/2012 3:00,0.593016844,0.593016844
2/23/2012 4:00,0.460699737,0.591558633
2/23/2012 5:00,0.450527977,0.587671016
2/23/2012 6:00,0.454865276,0.589666819
2/23/2012 7:00,0.460470838,0.586498617
2/23/2012 8:00,0.262089246,0.329910078
2/23/2012 9:00,0.162998583,0.20510144
2/23/2012 10:00,0.051814837,0.051814837
2/23/2012 11:00,0.024371567,0.024371567
2/23/2012 12:00,0,0
2/23/2012 13:00,0,0
2/23/2012 14:00,0,0
2/23/2012 15:00,0,0
2/23/2012 16:00,0,0
2/23/2012 17:00,0,0
2/23/2012 18:00,0,0
2/23/2012 19:00,0,0
2/23/2012 20:00,1.249516035,0
2/23/2012 21:00,0,0
2/23/2012 22:00,0,0
2/23/2012 23:00,0,0
2/24/2012 0:00,0.017065593,0.017065593
2/24/2012 1:00,0.054904386,0.054904386
2/24/2012 2:00,0.191997072,0.191997072
2/24/2012 3:00,0.24467489,0.24467489
2/24/2012 4:00,0.220050741,0.282408398
2/24/2012 5:00,0.243124822,0.316390665
2/24/2012 6:00,0.25229279,0.329046722
2/24/2012 7:00,0.212696834,0.27858615
2/24/2012 8:00,0.057553643,0.073740323
2/24/2012 9:00,0.091596396,0.118823991
2/24/2012 10:00,0.193715795,0.193715795
2/24/2012 11:00,0.248460102,0.248460102
2/24/2012 12:00,0.214737853,0.214737853
2/24/2012 13:00,0.193154406,0.193154406
2/24/2012 14:00,0.219789572,0.219789572
2/24/2012 15:00,0.147028833,0.147028833
2/24/2012 16:00,0.14603518,0.14603518
2/24/2012 17:00,0.208333057,0.208333057
2/24/2012 18:00,0.259713333,0.259713333
2/24/2012 19:00,0.511448051,0.511448051
2/24/2012 20:00,1.42372023,0.586572444
2/24/2012 21:00,0.822114027,0.822114027
2/24/2012 22:00,0.932561244,0.932561244
2/24/2012 23:00,1.018155313,1.018155313
2/25/2012 0:00,1.104324329,1.104324329
2/25/2012 1:00,1.238271717,1.238271717
2/25/2012 2:00,1.346953011,1.346953011
2/25/2012 3:00,1.526698816,1.526698816
2/25/2012 4:00,1.138515957,1.677260842
2/25/2012 5:00,1.224069762,1.83656549
2/25/2012 6:00,1.295936224,1.942009679
2/25/2012 7:00,1.480926609,2.242666026
2/25/2012 8:00,1.18143022,1.782670858
2/25/2012 9:00,0.981691782,1.437847628
2/25/2012 10:00,0.979104701,0.979104701
2/25/2012 11:00,0.851257951,0.851257951
2/25/2012 12:00,0.511951954,0.511951954
2/25/2012 13:00,0.416179804,0.416179804
2/25/2012 14:00,0.303146643,0.303146643
2/25/2012 15:00,0.242285887,0.242285887
2/25/2012 16:00,0.161857503,0.161857503
2/25/2012 17:00,0.119127893,0.119127893
2/25/2012 18:00,0.281863923,0.281863923
2/25/2012 19:00,0.244354447,0.244354447
2/25/2012 20:00,2.725437304,0.466102459
2/25/2012 21:00,2.872749912,0.610703413
2/25/2012 22:00,1.079047779,0.715627413
2/25/2012 23:00,0.889592542,0.889592542
2/26/2012 0:00,1.106811151,1.106811151
2/26/2012 1:00,1.275502958,1.275502958
2/26/2012 2:00,1.341637827,1.341637827
2/26/2012 3:00,1.347507694,1.347507694
2/26/2012 4:00,1.030867172,1.35254993
2/26/2012 5:00,1.017784161,1.345316743
2/26/2012 6:00,1.020784462,1.321801333
2/26/2012 7:00,1.108940161,1.442881765
2/26/2012 8:00,0.892767815,1.178415685
2/26/2012 9:00,0.700225025,0.908154013
2/26/2012 10:00,0.594634608,0.594634608
2/26/2012 11:00,0.531832379,0.531832379
2/26/2012 12:00,0.29582946,0.29582946
2/26/2012 13:00,0.101429144,0.101429144
2/26/2012 14:00,0.01733058,0.01733058
2/26/2012 15:00,0.001586175,0.001586175
2/26/2012 16:00,0,0
2/26/2012 17:00,0,0
2/26/2012 18:00,0,0
2/26/2012 19:00,0.002989471,0.002989471
2/26/2012 20:00,2.765607871,0.134512274
2/26/2012 21:00,1.406351244,0.334069942
2/26/2012 22:00,0.481823847,0.481823847
2/26/2012 23:00,0.589635374,0.589635374
2/27/2012 0:00,0.699705573,0.699705573
2/27/2012 1:00,0.770152476,0.770152476
2/27/2012 2:00,0.797390866,0.797390866
2/27/2012 3:00,0.808676117,0.808676117
2/27/2012 4:00,0.653501877,0.837777628
2/27/2012 5:00,0.666613806,0.877403257
2/27/2012 6:00,0.693159575,0.884518802
2/27/2012 7:00,0.759671944,0.960007206
2/27/2012 8:00,0.511925338,0.642740641
2/27/2012 9:00,0.412924933,0.519899473
2/27/2012 10:00,0.329676643,0.329676643
2/27/2012 11:00,0.309237671,0.309237671
2/27/2012 12:00,0.045659118,0.045659118
2/27/2012 13:00,0,0
2/27/2012 14:00,0,0
2/27/2012 15:00,0,0
2/27/2012 16:00,0,0
2/27/2012 17:00,0,0
2/27/2012 18:00,0,0
2/27/2012 19:00,0,0
2/27/2012 20:00,1.555441935,0
2/27/2012 21:00,0,0
2/27/2012 22:00,0.064830119,0.064830119
2/27/2012 23:00,0.272662094,0.272662094
2/28/2012 0:00,0.490846295,0.490846295
2/28/2012 1:00,0.636908873,0.636908873
2/28/2012 2:00,0.685718146,0.685718146
2/28/2012 3:00,0.696899686,0.696899686
2/28/2012 4:00,0.514656753,0.661638037
2/28/2012 5:00,0.502385322,0.655578553
2/28/2012 6:00,0.510660033,0.65622788
2/28/2012 7:00,0.563130669,0.716561005
2/28/2012 8:00,0.397262676,0.49968631
2/28/2012 9:00,0.365983891,0.461436173
2/28/2012 10:00,0.353106814,0.353106814
2/28/2012 11:00,0.3421726,0.3421726
2/28/2012 12:00,0.208985617,0.208985617
2/28/2012 13:00,0.130453281,0.130453281
2/28/2012 14:00,0.028725242,0.028725242
2/28/2012 15:00,0,0
2/28/2012 16:00,0,0
2/28/2012 17:00,0,0
2/28/2012 18:00,0.055445994,0.055445994
2/28/2012 19:00,0.03362088,0.03362088
2/28/2012 20:00,1.309951381,0.088626231
2/28/2012 21:00,0.15566408,0.15566408
2/28/2012 22:00,0.164158666,0.164158666
2/28/2012 23:00,0.310435714,0.310435714
2/29/2012 0:00,0.346806531,0.346806531
3/1/2012 1:00,0.387556435,0.387556435
3/1/2012 2:00,0.3924391,0.3924391
3/1/2012 3:00,0.414473819,0.414473819
3/1/2012 4:00,0.3414072,0.438007842
3/1/2012 5:00,0.362832366,0.472682618
3/1/2012 6:00,0.367836665,0.482441641
3/1/2012 7:00,0.377815336,0.48537472
3/1/2012 8:00,0.305695999,0.388157177
3/1/2012 9:00,0.28652322,0.361304175
3/1/2012 10:00,0.298638133,0.298638133
3/1/2012 11:00,0.229704656,0.229704656
3/1/2012 12:00,0.093111542,0.093111542
3/1/2012 13:00,0.010146883,0.010146883
3/1/2012 14:00,0,0
3/1/2012 15:00,0,0
3/1/2012 16:00,0,0
3/1/2012 17:00,0,0
3/1/2012 18:00,0,0
3/1/2012 19:00,0,0
3/1/2012 20:00,1.0856084,0
3/1/2012 21:00,0,0
3/1/2012 22:00,0,0
3/1/2012 23:00,0.040585317,0.040585317
3/2/2012 0:00,0.136368532,0.136368532
3/2/2012 1:00,0.228620986,0.228620986
3/2/2012 2:00,0.264619994,0.264619994
3/2/2012 3:00,0.279575803,0.279575803
3/2/2012 4:00,0.236709641,0.30381507
3/2/2012 5:00,0.266726491,0.347158008
3/2/2012 6:00,0.256100537,0.334063438
3/2/2012 7:00,0.185842514,0.243274746
3/2/2012 8:00,0.108620189,0.139607441
3/2/2012 9:00,0.047588402,0.06083269
3/2/2012 10:00,0.000750378,0.000750378
3/2/2012 11:00,0,0
3/2/2012 12:00,0,0
3/2/2012 13:00,0,0
3/2/2012 14:00,0,0
3/2/2012 15:00,0,0
3/2/2012 16:00,0,0
3/2/2012 17:00,0,0
3/2/2012 18:00,0,0
3/2/2012 19:00,0,0
3/2/2012 20:00,0.673186574,0
3/2/2012 21:00,0,0
3/2/2012 22:00,0,0
3/2/2012 23:00,0,0
3/3/2012 0:00,0.123194585,0.123194585
3/3/2012 1:00,0.260386665,0.260386665
3/3/2012 2:00,0.399683312,0.399683312
3/3/2012 3:00,0.577334184,0.577334184
3/3/2012 4:00,0.525616186,0.674586065
3/3/2012 5:00,0.567545061,0.741108993
3/3/2012 6:00,0.654054635,0.84055674
3/3/2012 7:00,0.614887403,0.77788999
3/3/2012 8:00,0.697088544,0.885022039
3/3/2012 9:00,0.735233401,0.945688536
3/3/2012 10:00,1.028546723,1.028546723
3/3/2012 11:00,0.88771471,0.88771471
3/3/2012 12:00,0.771614677,0.771614677
3/3/2012 13:00,0.54248273,0.54248273
3/3/2012 14:00,0.431821784,0.431821784
3/3/2012 15:00,0.244317316,0.244317316
3/3/2012 16:00,0.242455414,0.242455414
3/3/2012 17:00,0.251035703,0.251035703
3/3/2012 18:00,0.330787751,0.330787751
3/3/2012 19:00,0.296596145,0.296596145
3/3/2012 20:00,2.793945667,0.432602886
3/3/2012 21:00,0.834090636,0.637587938
3/3/2012 22:00,0.729853417,0.729853417
3/3/2012 23:00,0.797557807,0.797557807
3/4/2012 0:00,0.914044145,0.914044145
3/4/2012 1:00,1.083937046,1.083937046
3/4/2012 2:00,1.198552813,1.198552813
3/4/2012 3:00,1.295256723,1.295256723
3/4/2012 4:00,1.002459884,1.390701482
3/4/2012 5:00,1.047069599,1.490735509
3/4/2012 6:00,1.0982954,1.551793731
3/4/2012 7:00,1.264811224,1.834772305
3/4/2012 8:00,0.988251949,1.432152049
3/4/2012 9:00,0.876981848,1.224585995
3/4/2012 10:00,0.968172595,0.968172595
3/4/2012 11:00,0.889261268,0.889261268
3/4/2012 12:00,0.561575264,0.561575264
3/4/2012 13:00,0.463554675,0.463554675
3/4/2012 14:00,0.450446453,0.450446453
3/4/2012 15:00,0.390255297,0.390255297
3/4/2012 16:00,0.315919112,0.315919112
3/4/2012 17:00,0.232591715,0.232591715
3/4/2012 18:00,0.266449046,0.266449046
3/4/2012 19:00,0.335274907,0.335274907
3/4/2012 20:00,2.799676268,0.431910951
3/4/2012 21:00,2.302025153,0.553588376
3/4/2012 22:00,0.6704807,0.6704807
3/4/2012 23:00,0.787337142,0.787337142
3/5/2012 0:00,0.866107375,0.866107375
3/5/2012 1:00,0.985883733,0.985883733
3/5/2012 2:00,1.062790413,1.062790413
3/5/2012 3:00,1.097867171,1.097867171
3/5/2012 4:00,0.830586426,1.063946626
3/5/2012 5:00,0.793860568,1.039711767
3/5/2012 6:00,0.83705946,1.060393162
3/5/2012 7:00,0.868062262,1.095411129
3/5/2012 8:00,0.644680908,0.809361816
3/5/2012 9:00,0.644980713,0.812705156
3/5/2012 10:00,0.757977915,0.757977915
3/5/2012 11:00,0.626939458,0.626939458
3/5/2012 12:00,0.476764068,0.476764068
3/5/2012 13:00,0.350719046,0.350719046
3/5/2012 14:00,0.238979787,0.238979787
3/5/2012 15:00,0.127791818,0.127791818
3/5/2012 16:00,0.069207287,0.069207287
3/5/2012 17:00,0.097170374,0.097170374
3/5/2012 18:00,0.228011717,0.228011717
3/5/2012 19:00,0.240808478,0.240808478
3/5/2012 20:00,2.720777756,0.309310597
3/5/2012 21:00,1.198117064,0.501735005
3/5/2012 22:00,0.630430059,0.630430059
3/5/2012 23:00,0.75353141,0.75353141
3/6/2012 0:00,0.902435064,0.902435064
3/6/2012 1:00,1.011014632,1.011014632
3/6/2012 2:00,1.050825259,1.050825259
3/6/2012 3:00,1.170115845,1.170115845
3/6/2012 4:00,0.873824965,1.202872083
3/6/2012 5:00,0.864251961,1.184418482
3/6/2012 6:00,0.929151178,1.243587274
3/6/2012 7:00,1.064646461,1.440892212
3/6/2012 8:00,0.796537118,1.077228573
3/6/2012 9:00,0.708462151,0.925095652
3/6/2012 10:00,0.788535509,0.788535509
3/6/2012 11:00,0.685960831,0.685960831
3/6/2012 12:00,0.369833354,0.369833354
3/6/2012 13:00,0.180099658,0.180099658
3/6/2012 14:00,0.070715116,0.070715116
3/6/2012 15:00,0.001220659,0.001220659
3/6/2012 16:00,0,0
3/6/2012 17:00,0,0
3/6/2012 18:00,0.005242053,0.005242053
3/6/2012 19:00,0.035072631,0.035072631
3/6/2012 20:00,1.756695201,0.100130481
3/6/2012 21:00,0.663615758,0.169689926
3/6/2012 22:00,0.355489354,0.355489354
3/6/2012 23:00,0.437905954,0.437905954
3/7/2012 0:00,0.581770065,0.581770065
3/7/2012 1:00,0.638670169,0.638670169
3/7/2012 2:00,0.725474341,0.725474341
3/7/2012 3:00,0.79662945,0.79662945
3/7/2012 4:00,0.648773529,0.831435273
3/7/2012 5:00,0.62038319,0.815764196
3/7/2012 6:00,0.6683517,0.854208356
3/7/2012 7:00,0.70101273,0.885638522
3/7/2012 8:00,0.533412726,0.670424485
3/7/2012 9:00,0.476299706,0.600232348
3/7/2012 10:00,0.44610046,0.44610046
3/7/2012 11:00,0.29824629,0.29824629
3/7/2012 12:00,0.159802905,0.159802905
3/7/2012 13:00,0.028055573,0.028055573
3/7/2012 14:00,0,0
3/7/2012 15:00,0,0
3/7/2012 16:00,0,0
3/7/2012 17:00,0,0
3/7/2012 18:00,0,0
3/7/2012 19:00,0,0
3/7/2012 20:00,1.708058348,0.001468003
3/7/2012 21:00,0.057252768,0.057252768
3/7/2012 22:00,0.139418042,0.139418042
3/7/2012 23:00,0.211627317,0.211627317
3/8/2012 0:00,0.271698003,0.271698003
3/8/2012 1:00,0.334871594,0.334871594
3/8/2012 2:00,0.386222574,0.386222574
3/8/2012 3:00,0.441179071,0.441179071
3/8/2012 4:00,0.37365683,0.479336393
3/8/2012 5:00,0.396208678,0.516355631
3/8/2012 6:00,0.332207768,0.435873301
3/8/2012 7:00,0.451201805,0.579312781
3/8/2012 8:00,0.408710284,0.517789873
3/8/2012 9:00,0.354707839,0.44780526
3/8/2012 10:00,0.34222803,0.34222803
3/8/2012 11:00,0.215000116,0.215000116
3/8/2012 12:00,0.029859565,0.029859565
3/8/2012 13:00,0,0
3/8/2012 14:00,0,0
3/8/2012 15:00,0,0
3/8/2012 16:00,0,0
3/8/2012 17:00,0,0
3/8/2012 18:00,0,0
3/8/2012 19:00,0,0
3/8/2012 20:00,1.21295248,0
3/8/2012 21:00,0,0
3/8/2012 22:00,0,0
3/8/2012 23:00,0.109458072,0.109458072
3/9/2012 0:00,0.267778165,0.267778165
3/9/2012 1:00,0.303204598,0.303204598
3/9/2012 2:00,0.385698728,0.385698728
3/9/2012 3:00,0.460035125,0.460035125
3/9/2012 4:00,0.403756238,0.518096723
3/9/2012 5:00,0.407416695,0.531096638
3/9/2012 6:00,0.543730399,0.713204808
3/9/2012 7:00,0.686251338,0.87406748
3/9/2012 8:00,0.593763612,0.749916872
3/9/2012 9:00,0.630681724,0.800783125
3/9/2012 10:00,0.779543542,0.779543542
3/9/2012 11:00,0.790792937,0.790792937
3/9/2012 12:00,0.637131539,0.637131539
3/9/2012 13:00,0.596187901,0.596187901
3/9/2012 14:00,0.414555995,0.414555995
3/9/2012 15:00,0.326846289,0.326846289
3/9/2012 16:00,0.227570751,0.227570751
3/9/2012 17:00,0.185282702,0.185282702
3/9/2012 18:00,0.303634916,0.303634916
3/9/2012 19:00,0.310771079,0.310771079
3/9/2012 20:00,2.66219898,0.4196234
3/9/2012 21:00,0.334077212,0.334077212
3/9/2012 22:00,0.643793838,0.643793838
3/9/2012 23:00,0.764717574,0.764717574
3/10/2012 0:00,0.828471562,0.828471562
3/10/2012 1:00,0.935005768,0.935005768
3/10/2012 2:00,1.024870985,1.024870985
3/10/2012 3:00,1.082722995,1.082722995
3/10/2012 4:00,0.843481737,1.155028084
3/10/2012 5:00,0.865606778,1.239322646
3/10/2012 6:00,0.784943933,1.101948729
3/10/2012 7:00,1.009929159,1.446261505
3/10/2012 8:00,0.855346209,1.155957643
3/10/2012 9:00,0.767749445,0.967096664
3/10/2012 10:00,0.841885334,0.841885334
3/10/2012 11:00,0.727277131,0.727277131
3/10/2012 12:00,0.45718483,0.45718483
3/10/2012 13:00,0.226551336,0.226551336
3/10/2012 14:00,0.072112278,0.072112278
3/10/2012 15:00,6.23415E-05,6.23415E-05
3/10/2012 16:00,0,0
3/10/2012 17:00,0,0
3/10/2012 18:00,0,0
3/10/2012 19:00,0,0
3/10/2012 20:00,1.731063901,0
3/10/2012 21:00,0.494000225,0.066558642
3/10/2012 22:00,0.136839699,0.136839699
3/10/2012 23:00,0.416672733,0.416672733
3/11/2012 0:00,0.556477983,0.556477983
3/11/2012 1:00,0.666896348,0.666896348
3/11/2012 2:00,0.674200127,0.674200127
3/11/2012 3:00,0.720106179,0.720106179
3/11/2012 4:00,0.604159182,0.774769644
3/11/2012 5:00,0.604078728,0.788961904
3/11/2012 6:00,0.604264469,0.773429348
3/11/2012 7:00,0.691272016,0.874342257
3/11/2012 8:00,0.591057972,0.74514018
3/11/2012 9:00,0.567653558,0.715602011
3/11/2012 10:00,0.595332181,0.595332181
3/11/2012 11:00,0.534331005,0.534331005
3/11/2012 12:00,0.374195955,0.374195955
3/11/2012 13:00,0.25735054,0.25735054
3/11/2012 14:00,0.149261044,0.149261044
3/11/2012 15:00,0.083939438,0.083939438
3/11/2012 16:00,0.038288235,0.038288235
3/11/2012 17:00,0.003100031,0.003100031
3/11/2012 18:00,0.042846191,0.042846191
3/11/2012 19:00,0.079364751,0.079364751
3/11/2012 20:00,1.818774321,0.148540491
3/11/2012 21:00,0.214197966,0.214197966
3/11/2012 22:00,0.241005936,0.241005936
3/11/2012 23:00,0.319807164,0.319807164
3/12/2012 0:00,0.388663908,0.388663908
3/12/2012 1:00,0.437815835,0.437815835
3/12/2012 2:00,0.471330098,0.471330098
3/12/2012 3:00,0.507366804,0.507366804
3/12/2012 4:00,0.422266963,0.541921447
3/12/2012 5:00,0.430672723,0.561509879
3/12/2012 6:00,0.358720695,0.464572648
3/12/2012 7:00,0.261376167,0.336726834
3/12/2012 8:00,0.302542704,0.384013664
3/12/2012 9:00,0.193107081,0.242513292
3/12/2012 10:00,0.194987311,0.194987311
3/12/2012 11:00,0.22514781,0.22514781
3/12/2012 12:00,0.069536016,0.069536016
3/12/2012 13:00,0.005517656,0.005517656
3/12/2012 14:00,0,0
3/12/2012 15:00,0,0
3/12/2012 16:00,0,0
3/12/2012 17:00,0,0
3/12/2012 18:00,0,0
3/12/2012 19:00,0,0
3/12/2012 20:00,0.95856865,0
3/12/2012 21:00,0.03764705,0.03764705
3/12/2012 22:00,0.161082361,0.161082361
3/12/2012 23:00,0.294543658,0.294543658
3/13/2012 0:00,0.410996852,0.410996852
3/13/2012 1:00,0.50470226,0.50470226
3/13/2012 2:00,0.553496379,0.553496379
3/13/2012 3:00,0.592943431,0.592943431
3/13/2012 4:00,0.462403828,0.59311129
3/13/2012 5:00,0.452221055,0.589788323
3/13/2012 6:00,0.446660052,0.57940111
3/13/2012 7:00,0.341610258,0.434733761
3/13/2012 8:00,0.197967644,0.248849387
3/13/2012 9:00,0.110171715,0.138914887
3/13/2012 10:00,0.022155184,0.022155184
3/13/2012 11:00,0,0
3/13/2012 12:00,0,0
3/13/2012 13:00,0,0
3/13/2012 14:00,0,0
3/13/2012 15:00,0,0
3/13/2012 16:00,0,0
3/13/2012 17:00,0,0
3/13/2012 18:00,0,0
3/13/2012 19:00,0,0
3/13/2012 20:00,1.074638946,0
3/13/2012 21:00,0,0
3/13/2012 22:00,0,0
3/13/2012 23:00,0.054996349,0.054996349
3/14/2012 0:00,0.283243214,0.283243214
3/14/2012 1:00,0.447489904,0.447489904
3/14/2012 2:00,0.585125588,0.585125588
3/14/2012 3:00,0.672287097,0.672287097
3/14/2012 4:00,0.564440675,0.724307611
3/14/2012 5:00,0.565278715,0.738112934
3/14/2012 6:00,0.570726821,0.730364312
3/14/2012 7:00,0.511383174,0.646363725
3/14/2012 8:00,0.289585285,0.3648591
3/14/2012 9:00,0.137137369,0.1727149
3/14/2012 10:00,0.003211483,0.003211483
3/14/2012 11:00,0,0
3/14/2012 12:00,0,0
3/14/2012 13:00,0,0
3/14/2012 14:00,0,0
3/14/2012 15:00,0,0
3/14/2012 16:00,0,0
3/14/2012 17:00,0,0
3/14/2012 18:00,0,0
3/14/2012 19:00,0,0
3/14/2012 20:00,1.466207095,0
3/14/2012 21:00,0,0
3/14/2012 22:00,0,0
3/14/2012 23:00,0,0
3/15/2012 0:00,0.002846292,0.002846292
3/15/2012 1:00,0.155157151,0.155157151
3/15/2012 2:00,0.290014539,0.290014539
3/15/2012 3:00,0.424471832,0.424471832
3/15/2012 4:00,0.391666226,0.502762781
3/15/2012 5:00,0.439977757,0.573750603
3/15/2012 6:00,0.447722632,0.584340057
3/15/2012 7:00,0.493560216,0.630622309
3/15/2012 8:00,0.22860947,0.287212952
3/15/2012 9:00,0.139542205,0.175953567
3/15/2012 10:00,0.025077875,0.025077875
3/15/2012 11:00,0,0
3/15/2012 12:00,0,0
3/15/2012 13:00,0,0
3/15/2012 14:00,0,0
3/15/2012 15:00,0,0
3/15/2012 16:00,0,0
3/15/2012 17:00,0,0
3/15/2012 18:00,0,0
3/15/2012 19:00,0,0
3/15/2012 20:00,1.300673179,0
3/15/2012 21:00,0,0
3/15/2012 22:00,0,0
3/15/2012 23:00,0,0
3/16/2012 0:00,0,0
3/16/2012 1:00,0,0
3/16/2012 2:00,0.039747444,0.039747444
3/16/2012 3:00,0.140682735,0.140682735
3/16/2012 4:00,0.167035127,0.214640998
3/16/2012 5:00,0.221693957,0.288658335
3/16/2012 6:00,0.252386644,0.329103116
3/16/2012 7:00,0.302086509,0.398312253
3/16/2012 8:00,0.206883229,0.265876295
3/16/2012 9:00,0.130975586,0.167281639
3/16/2012 10:00,0.053745839,0.053745839
3/16/2012 11:00,3.69325E-05,3.69325E-05
3/16/2012 12:00,0,0
3/16/2012 13:00,0,0
3/16/2012 14:00,0,0
3/16/2012 15:00,0,0
3/16/2012 16:00,0,0
3/16/2012 17:00,0,0
3/16/2012 18:00,0,0
3/16/2012 19:00,0,0
3/16/2012 20:00,0.790421694,0
3/16/2012 21:00,0,0
3/16/2012 22:00,0,0
3/16/2012 23:00,0,0
3/17/2012 0:00,0,0
3/17/2012 1:00,0.090792918,0.090792918
3/17/2012 2:00,0.238801558,0.238801558
3/17/2012 3:00,0.328068218,0.328068218
3/17/2012 4:00,0.307450582,0.394784498
3/17/2012 5:00,0.363684297,0.448922444
3/17/2012 6:00,0.350068616,0.461696429
3/17/2012 7:00,0.342166512,0.440682686
3/17/2012 8:00,0.202707504,0.257030631
3/17/2012 9:00,0.085949368,0.108656744
3/17/2012 10:00,0.021609952,0.021609952
3/17/2012 11:00,0,0
3/17/2012 12:00,0,0
3/17/2012 13:00,0,0
3/17/2012 14:00,0,0
3/17/2012 15:00,0,0
3/17/2012 16:00,0,0
3/17/2012 17:00,0,0
3/17/2012 18:00,0,0
3/17/2012 19:00,0,0
3/17/2012 20:00,1.039170125,0
3/17/2012 21:00,0,0
3/17/2012 22:00,0,0
3/17/2012 23:00,0,0
3/18/2012 0:00,0,0
3/18/2012 1:00,0,0
3/18/2012 2:00,0,0
3/18/2012 3:00,0,0
3/18/2012 4:00,0.013247081,0.017216789
3/18/2012 5:00,0.102654799,0.132665414
3/18/2012 6:00,0.157054583,0.204900644
3/18/2012 7:00,0.29876099,0.338625179
3/18/2012 8:00,0.0939681,0.120895112
3/18/2012 9:00,0.007297065,0.009679416
3/18/2012 10:00,0.001656775,0.001656775
3/18/2012 11:00,0,0
3/18/2012 12:00,0,0
3/18/2012 13:00,0,0
3/18/2012 14:00,0,0
3/18/2012 15:00,0,0
3/18/2012 16:00,0,0
3/18/2012 17:00,0,0
3/18/2012 18:00,0,0
3/18/2012 19:00,0,0
3/18/2012 20:00,0.434914524,0
3/18/2012 21:00,0,0
3/18/2012 22:00,0,0
3/18/2012 23:00,0,0
3/19/2012 0:00,0,0
3/19/2012 1:00,0.018493493,0.018493493
3/19/2012 2:00,0.151047053,0.151047053
3/19/2012 3:00,0.242150919,0.242150919
3/19/2012 4:00,0.23818389,0.306053675
3/19/2012 5:00,0.254411936,0.331136846
3/19/2012 6:00,0.246625724,0.321800636
3/19/2012 7:00,0.197045722,0.258216165
3/19/2012 8:00,0.015777141,0.019373525
3/19/2012 9:00,0.002236906,0.002945845
3/19/2012 10:00,0,0
3/19/2012 11:00,0,0
3/19/2012 12:00,0,0
3/19/2012 13:00,0,0
3/19/2012 14:00,0,0
3/19/2012 15:00,0,0
3/19/2012 16:00,0,0
3/19/2012 17:00,0,0
3/19/2012 18:00,0,0
3/19/2012 19:00,0,0
3/19/2012 20:00,0.634604403,0
3/19/2012 21:00,0,0
3/19/2012 22:00,0,0
3/19/2012 23:00,0,0
3/20/2012 0:00,0,0
3/20/2012 1:00,0,0
3/20/2012 2:00,0,0
3/20/2012 3:00,0.104927118,0.104927118
3/20/2012 4:00,0.15521747,0.199508495
3/20/2012 5:00,0.212647556,0.276850893
3/20/2012 6:00,0.213536826,0.27828461
3/20/2012 7:00,0.172148274,0.22457882
3/20/2012 8:00,0.099113054,0.129166052
3/20/2012 9:00,0.02388982,0.031045789
3/20/2012 10:00,0.000135108,0.000135108
3/20/2012 11:00,0,0
3/20/2012 12:00,0,0
3/20/2012 13:00,0,0
3/20/2012 14:00,0,0
3/20/2012 15:00,0,0
3/20/2012 16:00,0,0
3/20/2012 17:00,0,0
3/20/2012 18:00,0,0
3/20/2012 19:00,0,0
3/20/2012 20:00,0.607905016,0
3/20/2012 21:00,0,0
3/20/2012 22:00,0,0
3/20/2012 23:00,0,0
3/21/2012 0:00,0,0
3/21/2012 1:00,0,0
3/21/2012 2:00,0,0
3/21/2012 3:00,0,0
3/21/2012 4:00,0.05464549,0.07063535
3/21/2012 5:00,0.114991775,0.149536897
3/21/2012 6:00,0.156669639,0.204029397
3/21/2012 7:00,0.05247181,0.067750844
3/21/2012 8:00,0.007529984,0.009315325
3/21/2012 9:00,0,0
3/21/2012 10:00,0,0
3/21/2012 11:00,0,0
3/21/2012 12:00,0,0
3/21/2012 13:00,0,0
3/21/2012 14:00,0,0
3/21/2012 15:00,0,0
3/21/2012 16:00,0,0
3/21/2012 17:00,0,0
3/21/2012 18:00,0,0
3/21/2012 19:00,0,0
3/21/2012 20:00,0.303758371,0
3/21/2012 21:00,0,0
3/21/2012 22:00,0,0
3/21/2012 23:00,0,0
3/22/2012 0:00,0,0
3/22/2012 1:00,0,0
3/22/2012 2:00,0,0
3/22/2012 3:00,0.004548025,0.004548025
3/22/2012 4:00,0.063482662,0.081914461
3/22/2012 5:00,0.116134796,0.151100603
3/22/2012 6:00,0.152586921,0.198701663
3/22/2012 7:00,0.065421175,0.084337237
3/22/2012 8:00,0.000515829,0.000515829
3/22/2012 9:00,0,0
3/22/2012 10:00,0,0
3/22/2012 11:00,0,0
3/22/2012 12:00,0,0
3/22/2012 13:00,0,0
3/22/2012 14:00,0,0
3/22/2012 15:00,0,0
3/22/2012 16:00,0,0
3/22/2012 17:00,0,0
3/22/2012 18:00,0,0
3/22/2012 19:00,0,0
3/22/2012 20:00,0.260755641,0
3/22/2012 21:00,0,0
3/22/2012 22:00,0,0
3/22/2012 23:00,0,0
3/23/2012 0:00,0.086598796,0.086598796
3/23/2012 1:00,0.195455421,0.195455421
3/23/2012 2:00,0.28667887,0.28667887
3/23/2012 3:00,0.342310522,0.342310522
3/23/2012 4:00,0.304853494,0.391674588
3/23/2012 5:00,0.320249655,0.408846608
3/23/2012 6:00,0.306173663,0.402595603
3/23/2012 7:00,0.231840566,0.298730914
3/23/2012 8:00,0.079605433,0.101553457
3/23/2012 9:00,0.01129101,0.014284363
3/23/2012 10:00,0,0
3/23/2012 11:00,0,0
3/23/2012 12:00,0,0
3/23/2012 13:00,0,0
3/23/2012 14:00,0,0
3/23/2012 15:00,0,0
3/23/2012 16:00,0,0
3/23/2012 17:00,0,0
3/23/2012 18:00,0,0
3/23/2012 19:00,0,0
3/23/2012 20:00,0.711608779,0
3/23/2012 21:00,0,0
3/23/2012 22:00,0,0
3/23/2012 23:00,0,0
3/24/2012 0:00,0,0
3/24/2012 1:00,0,0
3/24/2012 2:00,0.084997384,0.084997384
3/24/2012 3:00,0.236072035,0.236072035
3/24/2012 4:00,0.308915012,0.39696312
3/24/2012 5:00,0.369610614,0.47498637
3/24/2012 6:00,0.379010469,0.497372313
3/24/2012 7:00,0.37825323,0.486379971
3/24/2012 8:00,0.215337194,0.271940466
3/24/2012 9:00,0.169464693,0.214583354
3/24/2012 10:00,0.138247923,0.138247923
3/24/2012 11:00,0.094335719,0.094335719
3/24/2012 12:00,0.005232282,0.005232282
3/24/2012 13:00,0,0
3/24/2012 14:00,0,0
3/24/2012 15:00,0,0
3/24/2012 16:00,0,0
3/24/2012 17:00,0,0
3/24/2012 18:00,0,0
3/24/2012 19:00,0,0
3/24/2012 20:00,0.855048594,0
3/24/2012 21:00,0,0
3/24/2012 22:00,0.022310745,0.022310745
3/24/2012 23:00,0.171290153,0.171290153
3/25/2012 0:00,0.297930536,0.297930536
3/25/2012 1:00,0.45549062,0.45549062
3/25/2012 2:00,0.518756019,0.518756019
3/25/2012 3:00,0.585514107,0.585514107
3/25/2012 4:00,0.477692166,0.613004321
3/25/2012 5:00,0.512645744,0.668968529
3/25/2012 6:00,0.550716743,0.71042282
3/25/2012 7:00,0.606468071,0.769825324
3/25/2012 8:00,0.403836063,0.507243404
3/25/2012 9:00,0.260878877,0.328993775
3/25/2012 10:00,0.146006579,0.146006579
3/25/2012 11:00,0.000356631,0.000356631
3/25/2012 12:00,0,0
3/25/2012 13:00,0,0
3/25/2012 14:00,0,0
3/25/2012 15:00,0,0
3/25/2012 16:00,0,0
3/25/2012 17:00,0,0
3/25/2012 18:00,0,0
3/25/2012 19:00,0,0
3/25/2012 20:00,1.311075446,0
3/25/2012 21:00,0,0
3/25/2012 22:00,0,0
3/25/2012 23:00,0.009765346,0.009765346
3/26/2012 0:00,0.124683994,0.124683994
3/26/2012 1:00,0.319350092,0.319350092
3/26/2012 2:00,0.43437628,0.43437628
3/26/2012 3:00,0.514122019,0.514122019
3/26/2012 4:00,0.452148247,0.580297451
3/26/2012 5:00,0.473600427,0.617633229
3/26/2012 6:00,0.508261092,0.659024753
3/26/2012 7:00,0.563823036,0.717549204
3/26/2012 8:00,0.333545598,0.418833755
3/26/2012 9:00,0.240001332,0.30292624
3/26/2012 10:00,0.161559207,0.161559207
3/26/2012 11:00,0.03331179,0.03331179
3/26/2012 12:00,0,0
3/26/2012 13:00,0,0
3/26/2012 14:00,0,0
3/26/2012 15:00,0,0
3/26/2012 16:00,0,0
3/26/2012 17:00,0,0
3/26/2012 18:00,0,0
3/26/2012 19:00,0,0
3/26/2012 20:00,1.270271103,0
3/26/2012 21:00,0,0
3/26/2012 22:00,0,0
3/26/2012 23:00,0,0
3/27/2012 0:00,0.006425576,0.006425576
3/27/2012 1:00,0.177792217,0.177792217
3/27/2012 2:00,0.331323109,0.331323109
3/27/2012 3:00,0.460662794,0.460662794
3/27/2012 4:00,0.411838713,0.528544144
3/27/2012 5:00,0.442827126,0.575471053
3/27/2012 6:00,0.415351898,0.543129896
3/27/2012 7:00,0.423182368,0.540649151
3/27/2012 8:00,0.25797308,0.323844618
3/27/2012 9:00,0.034541513,0.044184002
3/27/2012 10:00,0.005247043,0.005247043
3/27/2012 11:00,0,0
3/27/2012 12:00,0,0
3/27/2012 13:00,0,0
3/27/2012 14:00,0,0
3/27/2012 15:00,0,0
3/27/2012 16:00,0,0
3/27/2012 17:00,0,0
3/27/2012 18:00,0,0
3/27/2012 19:00,0,0
3/27/2012 20:00,1.223691366,0
3/27/2012 21:00,0,0
3/27/2012 22:00,0,0
3/27/2012 23:00,0,0
3/28/2012 0:00,0,0
3/28/2012 1:00,0,0
3/28/2012 2:00,0.098342171,0.098342171
3/28/2012 3:00,0.203558728,0.203558728
3/28/2012 4:00,0.216072168,0.277491287
3/28/2012 5:00,0.230757796,0.300232101
3/28/2012 6:00,0.229670696,0.299471381
3/28/2012 7:00,0.137134064,0.179318204
3/28/2012 8:00,0.010215998,0.01257738
3/28/2012 9:00,0,0
3/28/2012 10:00,0,0
3/28/2012 11:00,0,0
3/28/2012 12:00,0,0
3/28/2012 13:00,0,0
3/28/2012 14:00,0,0
3/28/2012 15:00,0,0
3/28/2012 16:00,0,0
3/28/2012 17:00,0,0
3/28/2012 18:00,0,0
3/28/2012 19:00,0,0
3/28/2012 20:00,0.498261482,0
3/28/2012 21:00,0,0
3/28/2012 22:00,0,0
3/28/2012 23:00,0,0
3/29/2012 0:00,0,0
3/29/2012 1:00,0.045053315,0.045053315
3/29/2012 2:00,0.19183442,0.19183442
3/29/2012 3:00,0.29557512,0.29557512
3/29/2012 4:00,0.274495436,0.352520748
3/29/2012 5:00,0.300835206,0.391710292
3/29/2012 6:00,0.196809253,0.256898986
3/29/2012 7:00,0.300265929,0.392911359
3/29/2012 8:00,0.064328321,0.081845891
3/29/2012 9:00,0.004261235,0.005462592
3/29/2012 10:00,0,0
3/29/2012 11:00,0,0
3/29/2012 12:00,0,0
3/29/2012 13:00,0,0
3/29/2012 14:00,0,0
3/29/2012 15:00,0,0
3/29/2012 16:00,0,0
3/29/2012 17:00,0,0
3/29/2012 18:00,0,0
3/29/2012 19:00,0,0
3/29/2012 20:00,0.642794503,0
3/29/2012 21:00,0,0
3/29/2012 22:00,0,0
3/29/2012 23:00,0,0
3/30/2012 0:00,0,0
3/30/2012 1:00,0,0
3/30/2012 2:00,0.015209538,0.015209538
3/30/2012 3:00,0.069400361,0.069400361
3/30/2012 4:00,0.092847895,0.119440177
3/30/2012 5:00,0.135912209,0.176863528
3/30/2012 6:00,0.152970903,0.199109065
3/30/2012 7:00,0.182407566,0.2378784
3/30/2012 8:00,0.085389011,0.110607999
3/30/2012 9:00,0.073535047,0.096649435
3/30/2012 10:00,0.007115706,0.007115706
3/30/2012 11:00,0.001655937,0.001655937
3/30/2012 12:00,0,0
3/30/2012 13:00,0,0
3/30/2012 14:00,0,0
3/30/2012 15:00,0,0
3/30/2012 16:00,0,0
3/30/2012 17:00,0,0
3/30/2012 18:00,0,0
3/30/2012 19:00,0,0
3/30/2012 20:00,0.394911518,0
3/30/2012 21:00,0,0
3/30/2012 22:00,0.03041776,0.03041776
3/30/2012 23:00,0.11825882,0.11825882
3/31/2012 0:00,0.196907237,0.196907237
3/31/2012 1:00,0.271805217,0.271805217
3/31/2012 2:00,0.317929465,0.317929465
3/31/2012 3:00,0.34726234,0.34726234
3/31/2012 4:00,0.281311289,0.361138147
3/31/2012 5:00,0.330494252,0.398663627
3/31/2012 6:00,0.322112661,0.420854529
3/31/2012 7:00,0.354098786,0.459337802
3/31/2012 8:00,0.217307721,0.275967046
3/31/2012 9:00,0.158104764,0.200814751
3/31/2012 10:00,0.074799607,0.074799607
3/31/2012 11:00,0.00327356,0.00327356
3/31/2012 12:00,0,0
3/31/2012 13:00,0,0
3/31/2012 14:00,0,0
3/31/2012 15:00,0,0
3/31/2012 16:00,0,0
3/31/2012 17:00,0,0
3/31/2012 18:00,0,0
3/31/2012 19:00,0,0
3/31/2012 20:00,0.914362156,0
3/31/2012 21:00,0,0
3/31/2012 22:00,0,0
3/31/2012 23:00,0,0
4/1/2012 0:00,0.059934273,0.059934273
4/1/2012 1:00,0.214949286,0.214949286
4/1/2012 2:00,0.37886074,0.37886074
4/1/2012 3:00,0.467320983,0.467320983
4/1/2012 4:00,0.556038397,0.556038397
4/1/2012 5:00,0.598643508,0.598643508
4/1/2012 6:00,0.624991819,0.624991819
4/1/2012 7:00,0.47671887,0.47671887
4/1/2012 8:00,0.279099088,0.279099088
4/1/2012 9:00,0.101433488,0.101433488
4/1/2012 10:00,0.077410064,0.077410064
4/1/2012 11:00,0.269211373,0.269211373
4/1/2012 12:00,0.640057375,0.640057375
4/1/2012 13:00,0.658596869,0.658596869
4/1/2012 14:00,0.922787632,0.922787632
4/1/2012 15:00,1.176259205,1.176259205
4/1/2012 16:00,1.29016622,1.29016622
4/1/2012 17:00,1.271365757,1.271365757
4/1/2012 18:00,1.218523168,1.218523168
4/1/2012 19:00,0.773795906,0.773795906
4/1/2012 20:00,0.52091475,0.52091475
4/1/2012 21:00,0.347187617,0.347187617
4/1/2012 22:00,0.188006591,0.188006591
4/1/2012 23:00,0.085616619,0.085616619
4/2/2012 0:00,0.014157475,0.014157475
4/2/2012 1:00,0.091591537,0.091591537
4/2/2012 2:00,0.14938343,0.14938343
4/2/2012 3:00,0.204698203,0.204698203
4/2/2012 4:00,0.265877484,0.265877484
4/2/2012 5:00,0.318630008,0.318630008
4/2/2012 6:00,0.321999726,0.321999726
4/2/2012 7:00,0.180586802,0.180586802
4/2/2012 8:00,0.040067945,0.040067945
4/2/2012 9:00,0.115385991,0.115385991
4/2/2012 10:00,0.176226998,0.176226998
4/2/2012 11:00,0.274280305,0.274280305
4/2/2012 12:00,0.412999673,0.412999673
4/2/2012 13:00,0.596008697,0.596008697
4/2/2012 14:00,0.783579977,0.783579977
4/2/2012 15:00,1.079830338,1.079830338
4/2/2012 16:00,1.265616815,1.265616815
4/2/2012 17:00,1.312935567,1.312935567
4/2/2012 18:00,1.374098966,1.374098966
4/2/2012 19:00,0.899623861,0.899623861
4/2/2012 20:00,0.542775475,0.542775475
4/2/2012 21:00,0.342401254,0.342401254
4/2/2012 22:00,0.254206998,0.254206998
4/2/2012 23:00,0.12929365,0.12929365
4/3/2012 0:00,0.042798601,0.042798601
4/3/2012 1:00,0.079308641,0.079308641
4/3/2012 2:00,0.172111962,0.172111962
4/3/2012 3:00,0.292861858,0.292861858
4/3/2012 4:00,0.382888628,0.382888628
4/3/2012 5:00,0.466159711,0.466159711
4/3/2012 6:00,0.507204594,0.507204594
4/3/2012 7:00,0.420138669,0.420138669
4/3/2012 8:00,0.154467669,0.154467669
4/3/2012 9:00,0.042791502,0.042791502
4/3/2012 10:00,0.121244229,0.121244229
4/3/2012 11:00,0.323281937,0.323281937
4/3/2012 12:00,0.496524794,0.496524794
4/3/2012 13:00,0.738646148,0.738646148
4/3/2012 14:00,0.961388208,0.961388208
4/3/2012 15:00,1.165976432,1.165976432
4/3/2012 16:00,1.254842492,1.254842492
4/3/2012 17:00,1.286215107,1.286215107
4/3/2012 18:00,1.16360015,1.16360015
4/3/2012 19:00,0.757229211,0.757229211
4/3/2012 20:00,0.504542789,0.504542789
4/3/2012 21:00,0.328698901,0.328698901
4/3/2012 22:00,0.303451972,0.303451972
4/3/2012 23:00,0.115426933,0.115426933
4/4/2012 0:00,0.116319357,0.116319357
4/4/2012 1:00,0.051732071,0.051732071
4/4/2012 2:00,0.065668383,0.065668383
4/4/2012 3:00,0.113339557,0.113339557
4/4/2012 4:00,0.111237625,0.111237625
4/4/2012 5:00,0.158475077,0.158475077
4/4/2012 6:00,0.167146655,0.167146655
4/4/2012 7:00,0.238054418,0.238054418
4/4/2012 8:00,0.101626475,0.101626475
4/4/2012 9:00,0.070079653,0.070079653
4/4/2012 10:00,0.019571959,0.019571959
4/4/2012 11:00,0.241420433,0.241420433
4/4/2012 12:00,0.207018217,0.207018217
4/4/2012 13:00,0.269808786,0.269808786
4/4/2012 14:00,0.398125634,0.398125634
4/4/2012 15:00,0.444317859,0.444317859
4/4/2012 16:00,0.512016944,0.512016944
4/4/2012 17:00,0.592656621,0.592656621
4/4/2012 18:00,0.739075929,0.739075929
4/4/2012 19:00,0.559485136,0.559485136
4/4/2012 20:00,0.430295744,0.430295744
4/4/2012 21:00,0.306805618,0.306805618
4/4/2012 22:00,0.215153097,0.215153097
4/4/2012 23:00,0.122987479,0.122987479
4/5/2012 0:00,0.037911167,0.037911167
4/5/2012 1:00,0.063694055,0.063694055
4/5/2012 2:00,0.128291705,0.128291705
4/5/2012 3:00,0.211003782,0.211003782
4/5/2012 4:00,0.274724173,0.274724173
4/5/2012 5:00,0.365206656,0.365206656
4/5/2012 6:00,0.413231047,0.413231047
4/5/2012 7:00,0.379300372,0.379300372
4/5/2012 8:00,0.285014771,0.285014771
4/5/2012 9:00,0.196388519,0.196388519
4/5/2012 10:00,0.048096349,0.048096349
4/5/2012 11:00,0.089987926,0.089987926
4/5/2012 12:00,0.172692593,0.172692593
4/5/2012 13:00,0.253886734,0.253886734
4/5/2012 14:00,0.250405208,0.250405208
4/5/2012 15:00,0.284269446,0.284269446
4/5/2012 16:00,0.241552968,0.241552968
4/5/2012 17:00,0.229978228,0.229978228
4/5/2012 18:00,0.200771635,0.200771635
4/5/2012 19:00,0.086273679,0.086273679
4/5/2012 20:00,0.084372145,0.084372145
4/5/2012 21:00,0.070971493,0.070971493
4/5/2012 22:00,0.186997651,0.186997651
4/5/2012 23:00,0.318484808,0.318484808
4/6/2012 0:00,0.4024095,0.4024095
4/6/2012 1:00,0.449681809,0.449681809
4/6/2012 2:00,0.526989622,0.526989622
4/6/2012 3:00,0.559913329,0.559913329
4/6/2012 4:00,0.593924776,0.593924776
4/6/2012 5:00,0.621701102,0.621701102
4/6/2012 6:00,0.646589905,0.646589905
4/6/2012 7:00,0.544357901,0.544357901
4/6/2012 8:00,0.328330188,0.328330188
4/6/2012 9:00,0.337087322,0.337087322
4/6/2012 10:00,0.211905707,0.211905707
4/6/2012 11:00,0.116184072,0.116184072
4/6/2012 12:00,0.020840535,0.020840535
4/6/2012 13:00,0.096041229,0.096041229
4/6/2012 14:00,0.259466708,0.259466708
4/6/2012 15:00,0.34778858,0.34778858
4/6/2012 16:00,0.456627578,0.456627578
4/6/2012 17:00,0.453675115,0.453675115
4/6/2012 18:00,0.424059223,0.424059223
4/6/2012 19:00,0.238121343,0.238121343
4/6/2012 20:00,0.105903816,0.105903816
4/6/2012 21:00,0.016641877,0.016641877
4/6/2012 22:00,0.053110851,0.053110851
4/6/2012 23:00,0.211519814,0.211519814
4/7/2012 0:00,0.365071426,0.365071426
4/7/2012 1:00,0.513866905,0.513866905
4/7/2012 2:00,0.600847577,0.600847577
4/7/2012 3:00,0.656056744,0.656056744
4/7/2012 4:00,0.681484016,0.681484016
4/7/2012 5:00,0.694088362,0.694088362
4/7/2012 6:00,0.792274471,0.792274471
4/7/2012 7:00,0.51620657,0.51620657
4/7/2012 8:00,0.339754448,0.339754448
4/7/2012 9:00,0.149883657,0.149883657
4/7/2012 10:00,0.080209193,0.080209193
4/7/2012 11:00,0.057202229,0.057202229
4/7/2012 12:00,0.211102994,0.211102994
4/7/2012 13:00,0.291101203,0.291101203
4/7/2012 14:00,0.411890756,0.411890756
4/7/2012 15:00,0.545916349,0.545916349
4/7/2012 16:00,0.653457141,0.653457141
4/7/2012 17:00,0.717498959,0.717498959
4/7/2012 18:00,0.64675832,0.64675832
4/7/2012 19:00,0.422855417,0.422855417
4/7/2012 20:00,0.263527146,0.263527146
4/7/2012 21:00,0.132464014,0.132464014
4/7/2012 22:00,0.026580843,0.026580843
4/7/2012 23:00,0.141192473,0.141192473
4/8/2012 0:00,0.3043493,0.3043493
4/8/2012 1:00,0.432760037,0.432760037
4/8/2012 2:00,0.527380144,0.527380144
4/8/2012 3:00,0.603652396,0.603652396
4/8/2012 4:00,0.660515392,0.660515392
4/8/2012 5:00,0.702969893,0.702969893
4/8/2012 6:00,0.829814115,0.829814115
4/8/2012 7:00,0.581502152,0.581502152
4/8/2012 8:00,0.338513065,0.338513065
4/8/2012 9:00,0.138429496,0.138429496
4/8/2012 10:00,0.045554307,0.045554307
4/8/2012 11:00,0.124148858,0.124148858
4/8/2012 12:00,0.249647819,0.249647819
4/8/2012 13:00,0.411202838,0.411202838
4/8/2012 14:00,0.543106499,0.543106499
4/8/2012 15:00,0.641687679,0.641687679
4/8/2012 16:00,0.769928645,0.769928645
4/8/2012 17:00,0.899075089,0.899075089
4/8/2012 18:00,0.769633029,0.769633029
4/8/2012 19:00,0.493829312,0.493829312
4/8/2012 20:00,0.276976152,0.276976152
4/8/2012 21:00,0.150558955,0.150558955
4/8/2012 22:00,0.051751149,0.051751149
4/8/2012 23:00,0.061248996,0.061248996
4/9/2012 0:00,0.189984033,0.189984033
4/9/2012 1:00,0.283762008,0.283762008
4/9/2012 2:00,0.354051832,0.354051832
4/9/2012 3:00,0.410783775,0.410783775
4/9/2012 4:00,0.488325033,0.488325033
4/9/2012 5:00,0.538512875,0.538512875
4/9/2012 6:00,0.678815999,0.678815999
4/9/2012 7:00,0.448395203,0.448395203
4/9/2012 8:00,0.294871031,0.294871031
4/9/2012 9:00,0.120914255,0.120914255
4/9/2012 10:00,0.0416947,0.0416947
4/9/2012 11:00,0.094154729,0.094154729
4/9/2012 12:00,0.224405096,0.224405096
4/9/2012 13:00,0.435211905,0.435211905
4/9/2012 14:00,0.506250442,0.506250442
4/9/2012 15:00,0.728505743,0.728505743
4/9/2012 16:00,0.843453693,0.843453693
4/9/2012 17:00,0.972377248,0.972377248
4/9/2012 18:00,0.797119619,0.797119619
4/9/2012 19:00,0.496572381,0.496572381
4/9/2012 20:00,0.300626791,0.300626791
4/9/2012 21:00,0.161239924,0.161239924
4/9/2012 22:00,0.039925238,0.039925238
4/9/2012 23:00,0.131439103,0.131439103
4/10/2012 0:00,0.263834459,0.263834459
4/10/2012 1:00,0.388079008,0.388079008
4/10/2012 2:00,0.482547029,0.482547029
4/10/2012 3:00,0.561360146,0.561360146
4/10/2012 4:00,0.609589953,0.609589953
4/10/2012 5:00,0.648712259,0.648712259
4/10/2012 6:00,0.779234756,0.779234756
4/10/2012 7:00,0.529040817,0.529040817
4/10/2012 8:00,0.330909925,0.330909925
4/10/2012 9:00,0.112908665,0.112908665
4/10/2012 10:00,0.04446035,0.04446035
4/10/2012 11:00,0.225791508,0.225791508
4/10/2012 12:00,0.318751367,0.318751367
4/10/2012 13:00,0.481451834,0.481451834
4/10/2012 14:00,0.641627821,0.641627821
4/10/2012 15:00,0.784370402,0.784370402
4/10/2012 16:00,0.819155455,0.819155455
4/10/2012 17:00,0.626806731,0.626806731
4/10/2012 18:00,0.470950053,0.470950053
4/10/2012 19:00,0.333736923,0.333736923
4/10/2012 20:00,0.224810872,0.224810872
4/10/2012 21:00,0.14444165,0.14444165
4/10/2012 22:00,0.064932487,0.064932487
4/10/2012 23:00,0.021483913,0.021483913
4/11/2012 0:00,0.12003417,0.12003417
4/11/2012 1:00,0.196804456,0.196804456
4/11/2012 2:00,0.278069527,0.278069527
4/11/2012 3:00,0.332251718,0.332251718
4/11/2012 4:00,0.405906987,0.405906987
4/11/2012 5:00,0.447772456,0.447772456
4/11/2012 6:00,0.499025342,0.499025342
4/11/2012 7:00,0.391096903,0.391096903
4/11/2012 8:00,0.493109632,0.493109632
4/11/2012 9:00,0.432279398,0.432279398
4/11/2012 10:00,0.468441523,0.468441523
4/11/2012 11:00,0.236650395,0.236650395
4/11/2012 12:00,0.276937395,0.276937395
4/11/2012 13:00,0.223371822,0.223371822
4/11/2012 14:00,0.191163846,0.191163846
4/11/2012 15:00,0.138196708,0.138196708
4/11/2012 16:00,0.065338185,0.065338185
4/11/2012 17:00,0.035404659,0.035404659
4/11/2012 18:00,0.03979015,0.03979015
4/11/2012 19:00,0.07397088,0.07397088
4/11/2012 20:00,0.175533625,0.175533625
4/11/2012 21:00,0.236925504,0.236925504
4/11/2012 22:00,0.3978895,0.3978895
4/11/2012 23:00,0.408759517,0.408759517
4/12/2012 0:00,0.559255663,0.559255663
4/12/2012 1:00,0.623196782,0.623196782
4/12/2012 2:00,0.723511662,0.723511662
4/12/2012 3:00,0.807110474,0.807110474
4/12/2012 4:00,0.871799719,0.871799719
4/12/2012 5:00,0.919837544,0.919837544
4/12/2012 6:00,1.056822439,1.056822439
4/12/2012 7:00,0.995977836,0.995977836
4/12/2012 8:00,0.930241393,0.930241393
4/12/2012 9:00,0.843720333,0.843720333
4/12/2012 10:00,0.787674882,0.787674882
4/12/2012 11:00,0.450525361,0.450525361
4/12/2012 12:00,0.267888313,0.267888313
4/12/2012 13:00,0.088159021,0.088159021
4/12/2012 14:00,0.047202043,0.047202043
4/12/2012 15:00,0.211233201,0.211233201
4/12/2012 16:00,0.353348886,0.353348886
4/12/2012 17:00,0.440419567,0.440419567
4/12/2012 18:00,0.446914628,0.446914628
4/12/2012 19:00,0.280107721,0.280107721
4/12/2012 20:00,0.144679989,0.144679989
4/12/2012 21:00,0.028866551,0.028866551
4/12/2012 22:00,0.159734145,0.159734145
4/12/2012 23:00,0.339501837,0.339501837
4/13/2012 0:00,0.522318964,0.522318964
4/13/2012 1:00,0.648510705,0.648510705
4/13/2012 2:00,0.745309987,0.745309987
4/13/2012 3:00,0.810605351,0.810605351
4/13/2012 4:00,0.857811598,0.857811598
4/13/2012 5:00,0.874888226,0.874888226
4/13/2012 6:00,1.012323859,1.012323859
4/13/2012 7:00,0.643500968,0.643500968
4/13/2012 8:00,0.507017541,0.507017541
4/13/2012 9:00,0.268646445,0.268646445
4/13/2012 10:00,0.156976915,0.156976915
4/13/2012 11:00,0.022391734,0.022391734
4/13/2012 12:00,0.103608661,0.103608661
4/13/2012 13:00,0.20949396,0.20949396
4/13/2012 14:00,0.344802252,0.344802252
4/13/2012 15:00,0.543112459,0.543112459
4/13/2012 16:00,0.723893229,0.723893229
4/13/2012 17:00,0.853635565,0.853635565
4/13/2012 18:00,0.715076711,0.715076711
4/13/2012 19:00,0.517865079,0.517865079
4/13/2012 20:00,0.320913692,0.320913692
4/13/2012 21:00,0.149117764,0.149117764
4/13/2012 22:00,0.032762978,0.032762978
4/13/2012 23:00,0.124636642,0.124636642
4/14/2012 0:00,0.260359222,0.260359222
4/14/2012 1:00,0.392374253,0.392374253
4/14/2012 2:00,0.496766436,0.496766436
4/14/2012 3:00,0.572694049,0.572694049
4/14/2012 4:00,0.604829367,0.604829367
4/14/2012 5:00,0.622374091,0.622374091
4/14/2012 6:00,0.478436475,0.478436475
4/14/2012 7:00,0.267219034,0.267219034
4/14/2012 8:00,0.188051937,0.188051937
4/14/2012 9:00,0.052395045,0.052395045
4/14/2012 10:00,0.02247811,0.02247811
4/14/2012 11:00,0.101807004,0.101807004
4/14/2012 12:00,0.216470985,0.216470985
4/14/2012 13:00,0.323181948,0.323181948
4/14/2012 14:00,0.593441937,0.593441937
4/14/2012 15:00,0.631870305,0.631870305
4/14/2012 16:00,0.714937161,0.714937161
4/14/2012 17:00,0.878278443,0.878278443
4/14/2012 18:00,0.715601905,0.715601905
4/14/2012 19:00,0.522832029,0.522832029
4/14/2012 20:00,0.335665128,0.335665128
4/14/2012 21:00,0.226697457,0.226697457
4/14/2012 22:00,0.124250034,0.124250034
4/14/2012 23:00,0.045790536,0.045790536
4/15/2012 0:00,0.037555949,0.037555949
4/15/2012 1:00,0.103296599,0.103296599
4/15/2012 2:00,0.165078705,0.165078705
4/15/2012 3:00,0.226367276,0.226367276
4/15/2012 4:00,0.288481807,0.288481807
4/15/2012 5:00,0.326267214,0.326267214
4/15/2012 6:00,0.328984172,0.328984172
4/15/2012 7:00,0.125303701,0.125303701
4/15/2012 8:00,0.026936093,0.026936093
4/15/2012 9:00,0.04675032,0.04675032
4/15/2012 10:00,0.136910087,0.136910087
4/15/2012 11:00,0.186904108,0.186904108
4/15/2012 12:00,0.302431211,0.302431211
4/15/2012 13:00,0.401206847,0.401206847
4/15/2012 14:00,0.587854249,0.587854249
4/15/2012 15:00,0.711909997,0.711909997
4/15/2012 16:00,0.809656765,0.809656765
4/15/2012 17:00,1.018350169,1.018350169
4/15/2012 18:00,0.774598896,0.774598896
4/15/2012 19:00,0.6432955,0.6432955
4/15/2012 20:00,0.586206328,0.586206328
4/15/2012 21:00,0.505919084,0.505919084
4/15/2012 22:00,0.24328949,0.24328949
4/15/2012 23:00,0.185300215,0.185300215
4/16/2012 0:00,0.098630802,0.098630802
4/16/2012 1:00,0.038341963,0.038341963
4/16/2012 2:00,0.01286502,0.01286502
4/16/2012 3:00,0.052451084,0.052451084
4/16/2012 4:00,0.089145861,0.089145861
4/16/2012 5:00,0.108235936,0.108235936
4/16/2012 6:00,0.090641058,0.090641058
4/16/2012 7:00,0.022422579,0.022422579
4/16/2012 8:00,0.069487693,0.069487693
4/16/2012 9:00,0.12233499,0.12233499
4/16/2012 10:00,0.222388094,0.222388094
4/16/2012 11:00,0.308839322,0.308839322
4/16/2012 12:00,0.391407839,0.391407839
4/16/2012 13:00,0.508057955,0.508057955
4/16/2012 14:00,0.498664058,0.498664058
4/16/2012 15:00,0.475248993,0.475248993
4/16/2012 16:00,0.653149557,0.653149557
4/16/2012 17:00,0.574179585,0.574179585
4/16/2012 18:00,0.556791333,0.556791333
4/16/2012 19:00,0.421281376,0.421281376
4/16/2012 20:00,0.248890942,0.248890942
4/16/2012 21:00,0.365657063,0.365657063
4/16/2012 22:00,0.085472571,0.085472571
4/16/2012 23:00,0.014891964,0.014891964
4/17/2012 0:00,0.064073341,0.064073341
4/17/2012 1:00,0.173817609,0.173817609
4/17/2012 2:00,0.222563622,0.222563622
4/17/2012 3:00,0.222316069,0.222316069
4/17/2012 4:00,0.294077851,0.294077851
4/17/2012 5:00,0.308065788,0.308065788
4/17/2012 6:00,0.348740176,0.348740176
4/17/2012 7:00,0.136751644,0.136751644
4/17/2012 8:00,0.053520648,0.053520648
4/17/2012 9:00,0.022071927,0.022071927
4/17/2012 10:00,0.069406596,0.069406596
4/17/2012 11:00,0.177423506,0.177423506
4/17/2012 12:00,0.254337069,0.254337069
4/17/2012 13:00,0.39099757,0.39099757
4/17/2012 14:00,0.535643507,0.535643507
4/17/2012 15:00,0.610357163,0.610357163
4/17/2012 16:00,0.483210905,0.483210905
4/17/2012 17:00,0.349963865,0.349963865
4/17/2012 18:00,0.281220956,0.281220956
4/17/2012 19:00,0.292502668,0.292502668
4/17/2012 20:00,0.017985414,0.017985414
4/17/2012 21:00,0.079904904,0.079904904
4/17/2012 22:00,0.192599305,0.192599305
4/17/2012 23:00,0.304703928,0.304703928
4/18/2012 0:00,0.388682391,0.388682391
4/18/2012 1:00,0.413278241,0.413278241
4/18/2012 2:00,0.489032723,0.489032723
4/18/2012 3:00,0.542565737,0.542565737
4/18/2012 4:00,0.510858015,0.510858015
4/18/2012 5:00,0.500944062,0.500944062
4/18/2012 6:00,0.534911962,0.534911962
4/18/2012 7:00,0.352884446,0.352884446
4/18/2012 8:00,0.221384229,0.221384229
4/18/2012 9:00,0.170643182,0.170643182
4/18/2012 10:00,0.146769925,0.146769925
4/18/2012 11:00,0.020343971,0.020343971
4/18/2012 12:00,0.078373765,0.078373765
4/18/2012 13:00,0.181646483,0.181646483
4/18/2012 14:00,0.27149379,0.27149379
4/18/2012 15:00,0.389733764,0.389733764
4/18/2012 16:00,0.480017211,0.480017211
4/18/2012 17:00,0.493876419,0.493876419
4/18/2012 18:00,0.402209192,0.402209192
4/18/2012 19:00,0.309123748,0.309123748
4/18/2012 20:00,0.217648023,0.217648023
4/18/2012 21:00,0.144553326,0.144553326
4/18/2012 22:00,0.070116751,0.070116751
4/18/2012 23:00,0.018979307,0.018979307
4/19/2012 0:00,0.096859462,0.096859462
4/19/2012 1:00,0.1624511,0.1624511
4/19/2012 2:00,0.21491197,0.21491197
4/19/2012 3:00,0.254826861,0.254826861
4/19/2012 4:00,0.278677051,0.278677051
4/19/2012 5:00,0.299574499,0.299574499
4/19/2012 6:00,0.379553552,0.379553552
4/19/2012 7:00,0.2685704,0.2685704
4/19/2012 8:00,0.276959844,0.276959844
4/19/2012 9:00,0.209846221,0.209846221
4/19/2012 10:00,0.188092277,0.188092277
4/19/2012 11:00,0.049586073,0.049586073
4/19/2012 12:00,0.038855872,0.038855872
4/19/2012 13:00,0.095310234,0.095310234
4/19/2012 14:00,0.221316456,0.221316456
4/19/2012 15:00,0.332036986,0.332036986
4/19/2012 16:00,0.479343298,0.479343298
4/19/2012 17:00,0.584373464,0.584373464
4/19/2012 18:00,0.594400566,0.594400566
4/19/2012 19:00,0.427689786,0.427689786
4/19/2012 20:00,0.297304846,0.297304846
4/19/2012 21:00,0.21770121,0.21770121
4/19/2012 22:00,0.158223054,0.158223054
4/19/2012 23:00,0.040623024,0.040623024
4/20/2012 0:00,0.043509306,0.043509306
4/20/2012 1:00,0.134232245,0.134232245
4/20/2012 2:00,0.198681637,0.198681637
4/20/2012 3:00,0.238677508,0.238677508
4/20/2012 4:00,0.262292162,0.262292162
4/20/2012 5:00,0.271408862,0.271408862
4/20/2012 6:00,0.31150635,0.31150635
4/20/2012 7:00,0.094881631,0.094881631
4/20/2012 8:00,0.049671894,0.049671894
4/20/2012 9:00,0.018095016,0.018095016
4/20/2012 10:00,0.048338499,0.048338499
4/20/2012 11:00,0.162730257,0.162730257
4/20/2012 12:00,0.301244232,0.301244232
4/20/2012 13:00,0.439316049,0.439316049
4/20/2012 14:00,0.622476608,0.622476608
4/20/2012 15:00,0.780149944,0.780149944
4/20/2012 16:00,0.753650346,0.753650346
4/20/2012 17:00,0.669851973,0.669851973
4/20/2012 18:00,0.72406545,0.72406545
4/20/2012 19:00,0.375609253,0.375609253
4/20/2012 20:00,0.26121159,0.26121159
4/20/2012 21:00,0.190388094,0.190388094
4/20/2012 22:00,0.115284245,0.115284245
4/20/2012 23:00,0.210691122,0.210691122
4/21/2012 0:00,0.022635518,0.022635518
4/21/2012 1:00,0.08293417,0.08293417
4/21/2012 2:00,0.154869355,0.154869355
4/21/2012 3:00,0.206499482,0.206499482
4/21/2012 4:00,0.25248685,0.25248685
4/21/2012 5:00,0.264845274,0.264845274
4/21/2012 6:00,0.271578165,0.271578165
4/21/2012 7:00,0.170043087,0.170043087
4/21/2012 8:00,0.090630879,0.090630879
4/21/2012 9:00,0.037770509,0.037770509
4/21/2012 10:00,0.017817543,0.017817543
4/21/2012 11:00,0.315673138,0.315673138
4/21/2012 12:00,0.215182285,0.215182285
4/21/2012 13:00,0.291000757,0.291000757
4/21/2012 14:00,0.441018589,0.441018589
4/21/2012 15:00,0.548481806,0.548481806
4/21/2012 16:00,0.633880615,0.633880615
4/21/2012 17:00,0.601208522,0.601208522
4/21/2012 18:00,0.60257155,0.60257155
4/21/2012 19:00,0.180447128,0.180447128
4/21/2012 20:00,0.045789512,0.045789512
4/21/2012 21:00,0.175295411,0.175295411
4/21/2012 22:00,0.347298411,0.347298411
4/21/2012 23:00,0.494161255,0.494161255
4/22/2012 0:00,0.575031457,0.575031457
4/22/2012 1:00,0.611177504,0.611177504
4/22/2012 2:00,0.620581382,0.620581382
4/22/2012 3:00,0.649078546,0.649078546
4/22/2012 4:00,0.710970838,0.710970838
4/22/2012 5:00,0.686738892,0.686738892
4/22/2012 6:00,0.730806228,0.730806228
4/22/2012 7:00,0.641755781,0.641755781
4/22/2012 8:00,0.752633438,0.752633438
4/22/2012 9:00,0.756861363,0.756861363
4/22/2012 10:00,0.608793898,0.608793898
4/22/2012 11:00,0.38786938,0.38786938
4/22/2012 12:00,0.386714971,0.386714971
4/22/2012 13:00,0.301291738,0.301291738
4/22/2012 14:00,0.21062497,0.21062497
4/22/2012 15:00,0.096037452,0.096037452
4/22/2012 16:00,0.058950292,0.058950292
4/22/2012 17:00,0.034751861,0.034751861
4/22/2012 18:00,0.029968846,0.029968846
4/22/2012 19:00,0.165680745,0.165680745
4/22/2012 20:00,0.267262831,0.267262831
4/22/2012 21:00,0.315523192,0.315523192
4/22/2012 22:00,0.426995678,0.426995678
4/22/2012 23:00,0.500139509,0.500139509
4/23/2012 0:00,0.584021172,0.584021172
4/23/2012 1:00,0.641736595,0.641736595
4/23/2012 2:00,0.678799511,0.678799511
4/23/2012 3:00,0.700433364,0.700433364
4/23/2012 4:00,0.746856179,0.746856179
4/23/2012 5:00,0.792845217,0.792845217
4/23/2012 6:00,0.921368886,0.921368886
4/23/2012 7:00,0.87606162,0.87606162
4/23/2012 8:00,0.870989654,0.870989654
4/23/2012 9:00,0.893089953,0.893089953
4/23/2012 10:00,0.829290357,0.829290357
4/23/2012 11:00,0.603190698,0.603190698
4/23/2012 12:00,0.411865618,0.411865618
4/23/2012 13:00,0.268014614,0.268014614
4/23/2012 14:00,0.272356618,0.272356618
4/23/2012 15:00,0.320843352,0.320843352
4/23/2012 16:00,0.321672951,0.321672951
4/23/2012 17:00,0.294334956,0.294334956
4/23/2012 18:00,0.259660681,0.259660681
4/23/2012 19:00,0.284541268,0.284541268
4/23/2012 20:00,0.284042839,0.284042839
4/23/2012 21:00,0.298793431,0.298793431
4/23/2012 22:00,0.365622763,0.365622763
4/23/2012 23:00,0.41592413,0.41592413
4/24/2012 0:00,0.574253055,0.574253055
4/24/2012 1:00,0.700042648,0.700042648
4/24/2012 2:00,0.841817483,0.841817483
4/24/2012 3:00,0.951658155,0.951658155
4/24/2012 4:00,1.045629954,1.045629954
4/24/2012 5:00,1.025761216,1.025761216
4/24/2012 6:00,1.028146771,1.028146771
4/24/2012 7:00,0.761620546,0.761620546
4/24/2012 8:00,0.791495807,0.791495807
4/24/2012 9:00,0.640794901,0.640794901
4/24/2012 10:00,0.615019119,0.615019119
4/24/2012 11:00,0.407841353,0.407841353
4/24/2012 12:00,0.25603001,0.25603001
4/24/2012 13:00,0.093442217,0.093442217
4/24/2012 14:00,0.050968137,0.050968137
4/24/2012 15:00,0.148572314,0.148572314
4/24/2012 16:00,0.284381902,0.284381902
4/24/2012 17:00,0.431638317,0.431638317
4/24/2012 18:00,0.366791929,0.366791929
4/24/2012 19:00,0.239296071,0.239296071
4/24/2012 20:00,0.133717831,0.133717831
4/24/2012 21:00,0.049409775,0.049409775
4/24/2012 22:00,0.086834617,0.086834617
4/24/2012 23:00,0.263839543,0.263839543
4/25/2012 0:00,0.395141959,0.395141959
4/25/2012 1:00,0.475036934,0.475036934
4/25/2012 2:00,0.470760563,0.470760563
4/25/2012 3:00,0.536479887,0.536479887
4/25/2012 4:00,0.593176535,0.593176535
4/25/2012 5:00,0.63279564,0.63279564
4/25/2012 6:00,0.619275196,0.619275196
4/25/2012 7:00,0.325019127,0.325019127
4/25/2012 8:00,0.269257789,0.269257789
4/25/2012 9:00,0.110564931,0.110564931
4/25/2012 10:00,0.024625494,0.024625494
4/25/2012 11:00,0.105276307,0.105276307
4/25/2012 12:00,0.230260298,0.230260298
4/25/2012 13:00,0.376793375,0.376793375
4/25/2012 14:00,0.507305954,0.507305954
4/25/2012 15:00,0.713756704,0.713756704
4/25/2012 16:00,0.8948264,0.8948264
4/25/2012 17:00,1.08326818,1.08326818
4/25/2012 18:00,1.001089653,1.001089653
4/25/2012 19:00,0.715922969,0.715922969
4/25/2012 20:00,0.526246198,0.526246198
4/25/2012 21:00,0.421067404,0.421067404
4/25/2012 22:00,0.304821782,0.304821782
4/25/2012 23:00,0.188810915,0.188810915
4/26/2012 0:00,0.098504039,0.098504039
4/26/2012 1:00,0.019296053,0.019296053
4/26/2012 2:00,0.067254425,0.067254425
4/26/2012 3:00,0.145458865,0.145458865
4/26/2012 4:00,0.205607687,0.205607687
4/26/2012 5:00,0.265347798,0.265347798
4/26/2012 6:00,0.278103205,0.278103205
4/26/2012 7:00,0.101795478,0.101795478
4/26/2012 8:00,0.030777193,0.030777193
4/26/2012 9:00,0.116144834,0.116144834
4/26/2012 10:00,0.209180555,0.209180555
4/26/2012 11:00,0.364028071,0.364028071
4/26/2012 12:00,0.595250798,0.595250798
4/26/2012 13:00,0.799934393,0.799934393
4/26/2012 14:00,1.129784842,1.129784842
4/26/2012 15:00,1.255444813,1.255444813
4/26/2012 16:00,1.303506228,1.303506228
4/26/2012 17:00,1.43564632,1.43564632
4/26/2012 18:00,1.238279738,1.238279738
4/26/2012 19:00,0.900626242,0.900626242
4/26/2012 20:00,0.668097789,0.668097789
4/26/2012 21:00,0.458250527,0.458250527
4/26/2012 22:00,0.279352258,0.279352258
4/26/2012 23:00,0.154338622,0.154338622
4/27/2012 0:00,0.056180852,0.056180852
4/27/2012 1:00,0.027618874,0.027618874
4/27/2012 2:00,0.099665912,0.099665912
4/27/2012 3:00,0.150219549,0.150219549
4/27/2012 4:00,0.175087026,0.175087026
4/27/2012 5:00,0.172541783,0.172541783
4/27/2012 6:00,0.124398913,0.124398913
4/27/2012 7:00,0.024232718,0.024232718
4/27/2012 8:00,0.039275022,0.039275022
4/27/2012 9:00,0.090555581,0.090555581
4/27/2012 10:00,0.161587732,0.161587732
4/27/2012 11:00,0.221921475,0.221921475
4/27/2012 12:00,0.308550976,0.308550976
4/27/2012 13:00,0.481224064,0.481224064
4/27/2012 14:00,0.632684386,0.632684386
4/27/2012 15:00,0.749764258,0.749764258
4/27/2012 16:00,0.83537985,0.83537985
4/27/2012 17:00,0.993978094,0.993978094
4/27/2012 18:00,0.864070364,0.864070364
4/27/2012 19:00,0.642825422,0.642825422
4/27/2012 20:00,0.459746535,0.459746535
4/27/2012 21:00,0.342859307,0.342859307
4/27/2012 22:00,0.28656993,0.28656993
4/27/2012 23:00,0.125100923,0.125100923
4/28/2012 0:00,0.054292086,0.054292086
4/28/2012 1:00,0.025349303,0.025349303
4/28/2012 2:00,0.09455069,0.09455069
4/28/2012 3:00,0.15748792,0.15748792
4/28/2012 4:00,0.213331503,0.213331503
4/28/2012 5:00,0.227716489,0.227716489
4/28/2012 6:00,0.214718767,0.214718767
4/28/2012 7:00,0.065627517,0.065627517
4/28/2012 8:00,0.028620365,0.028620365
4/28/2012 9:00,0.125050436,0.125050436
4/28/2012 10:00,0.210909711,0.210909711
4/28/2012 11:00,0.276400705,0.276400705
4/28/2012 12:00,0.415338542,0.415338542
4/28/2012 13:00,0.540944566,0.540944566
4/28/2012 14:00,0.729694998,0.729694998
4/28/2012 15:00,0.911658391,0.911658391
4/28/2012 16:00,1.047794261,1.047794261
4/28/2012 17:00,1.18193153,1.18193153
4/28/2012 18:00,1.010727559,1.010727559
4/28/2012 19:00,0.756251855,0.756251855
4/28/2012 20:00,0.532856528,0.532856528
4/28/2012 21:00,0.337670239,0.337670239
4/28/2012 22:00,0.202635989,0.202635989
4/28/2012 23:00,0.086981017,0.086981017
4/29/2012 0:00,0.023580046,0.023580046
4/29/2012 1:00,0.111299349,0.111299349
4/29/2012 2:00,0.208354888,0.208354888
4/29/2012 3:00,0.284950797,0.284950797
4/29/2012 4:00,0.362609671,0.362609671
4/29/2012 5:00,0.408490275,0.408490275
4/29/2012 6:00,0.452647026,0.452647026
4/29/2012 7:00,0.201844272,0.201844272
4/29/2012 8:00,0.064225764,0.064225764
4/29/2012 9:00,0.098256939,0.098256939
4/29/2012 10:00,0.2543139,0.2543139
4/29/2012 11:00,0.354520018,0.354520018
4/29/2012 12:00,0.63904194,0.63904194
4/29/2012 13:00,0.837879684,0.837879684
4/29/2012 14:00,1.026718401,1.026718401
4/29/2012 15:00,1.345759072,1.345759072
4/29/2012 16:00,1.505708059,1.505708059
4/29/2012 17:00,1.5472786,1.5472786
4/29/2012 18:00,1.176163746,1.176163746
4/29/2012 19:00,0.917113639,0.917113639
4/29/2012 20:00,0.656223716,0.656223716
4/29/2012 21:00,0.462212425,0.462212425
4/29/2012 22:00,0.305837997,0.305837997
4/29/2012 23:00,0.187518708,0.187518708
4/30/2012 0:00,0.097955625,0.097955625
4/30/2012 1:00,0.042676127,0.042676127
4/30/2012 2:00,0.020290703,0.020290703
4/30/2012 3:00,0.071019089,0.071019089
4/30/2012 4:00,0.09864503,0.09864503
4/30/2012 5:00,0.132250543,0.132250543
4/30/2012 6:00,0.203234976,0.203234976
4/30/2012 7:00,0.042959634,0.042959634
4/30/2012 8:00,0.060337518,0.060337518
4/30/2012 9:00,0.106949046,0.106949046
4/30/2012 10:00,0.302433065,0.302433065
4/30/2012 11:00,0.355563721,0.355563721
4/30/2012 12:00,0.495768344,0.495768344
4/30/2012 13:00,0.728046357,0.728046357
4/30/2012 14:00,0.897071429,0.897071429
4/30/2012 15:00,1.135015859,1.135015859
4/30/2012 16:00,1.091500713,1.091500713
4/30/2012 17:00,1.1434171,1.1434171
4/30/2012 18:00,0.998026276,0.998026276
4/30/2012 19:00,0.858533068,0.858533068
4/30/2012 20:00,0.648818643,0.648818643
4/30/2012 21:00,0.690870879,0.690870879
4/30/2012 22:00,0.316880739,0.316880739
4/30/2012 23:00,0.189919305,0.189919305
5/1/2012 0:00,0.09045064,0.09045064
5/1/2012 1:00,0.026000611,0.026000611
5/1/2012 2:00,0.031530789,0.031530789
5/1/2012 3:00,0.069650309,0.069650309
5/1/2012 4:00,0.091097876,0.091097876
5/1/2012 5:00,0.093452163,0.093452163
5/1/2012 6:00,0.096868789,0.096868789
5/1/2012 7:00,0.057155452,0.057155452
5/1/2012 8:00,0.068229271,0.068229271
5/1/2012 9:00,0.212840183,0.212840183
5/1/2012 10:00,0.578899661,0.578899661
5/1/2012 11:00,0.777463531,0.777463531
5/1/2012 12:00,1.045308998,1.045308998
5/1/2012 13:00,1.269521294,1.269521294
5/1/2012 14:00,1.594804867,1.594804867
5/1/2012 15:00,1.908978554,1.908978554
5/1/2012 16:00,1.942212095,1.942212095
5/1/2012 17:00,1.90947323,1.90947323
5/1/2012 18:00,1.815921831,1.815921831
5/1/2012 19:00,1.321066334,1.321066334
5/1/2012 20:00,1.064292527,1.064292527
5/1/2012 21:00,0.709475818,0.709475818
5/1/2012 22:00,0.513664334,0.513664334
5/1/2012 23:00,0.341126614,0.341126614
5/2/2012 0:00,0.227745837,0.227745837
5/2/2012 1:00,0.155119452,0.155119452
5/2/2012 2:00,0.108800203,0.108800203
5/2/2012 3:00,0.08289347,0.08289347
5/2/2012 4:00,0.061965682,0.061965682
5/2/2012 5:00,0.048805305,0.048805305
5/2/2012 6:00,0.02351794,0.02351794
5/2/2012 7:00,0.105354739,0.105354739
5/2/2012 8:00,0.149302983,0.149302983
5/2/2012 9:00,0.302585633,0.302585633
5/2/2012 10:00,0.624890059,0.624890059
5/2/2012 11:00,0.863079927,0.863079927
5/2/2012 12:00,1.105892679,1.105892679
5/2/2012 13:00,1.358885109,1.358885109
5/2/2012 14:00,1.660831576,1.660831576
5/2/2012 15:00,1.900976057,1.900976057
5/2/2012 16:00,1.878742747,1.878742747
5/2/2012 17:00,1.883806509,1.883806509
5/2/2012 18:00,1.687897655,1.687897655
5/2/2012 19:00,1.212774074,1.212774074
5/2/2012 20:00,0.959473356,0.959473356
5/2/2012 21:00,0.763052313,0.763052313
5/2/2012 22:00,0.548161068,0.548161068
5/2/2012 23:00,0.350079299,0.350079299
5/3/2012 0:00,0.24787807,0.24787807
5/3/2012 1:00,0.161309187,0.161309187
5/3/2012 2:00,0.119804015,0.119804015
5/3/2012 3:00,0.079977965,0.079977965
5/3/2012 4:00,0.066961126,0.066961126
5/3/2012 5:00,0.057173592,0.057173592
5/3/2012 6:00,0.077685533,0.077685533
5/3/2012 7:00,0.173615932,0.173615932
5/3/2012 8:00,0.075143801,0.075143801
5/3/2012 9:00,0.061145885,0.061145885
5/3/2012 10:00,0.127385089,0.127385089
5/3/2012 11:00,0.113749449,0.113749449
5/3/2012 12:00,0.135067884,0.135067884
5/3/2012 13:00,0.130324342,0.130324342
5/3/2012 14:00,0.150375871,0.150375871
5/3/2012 15:00,0.187491624,0.187491624
5/3/2012 16:00,0.212675804,0.212675804
5/3/2012 17:00,0.288903712,0.288903712
5/3/2012 18:00,0.302724158,0.302724158
5/3/2012 19:00,0.270806076,0.270806076
5/3/2012 20:00,0.39280725,0.39280725
5/3/2012 21:00,0.212753441,0.212753441
5/3/2012 22:00,0.153392658,0.153392658
5/3/2012 23:00,0.07660099,0.07660099
5/4/2012 0:00,0.026864916,0.026864916
5/4/2012 1:00,0.032549541,0.032549541
5/4/2012 2:00,0.061695092,0.061695092
5/4/2012 3:00,0.084756119,0.084756119
5/4/2012 4:00,0.088040393,0.088040393
5/4/2012 5:00,0.074953925,0.074953925
5/4/2012 6:00,0.052357828,0.052357828
5/4/2012 7:00,0.117601684,0.117601684
5/4/2012 8:00,0.035755335,0.035755335
5/4/2012 9:00,0.071596917,0.071596917
5/4/2012 10:00,0.135384979,0.135384979
5/4/2012 11:00,0.300441662,0.300441662
5/4/2012 12:00,0.239912585,0.239912585
5/4/2012 13:00,0.405643913,0.405643913
5/4/2012 14:00,0.42738024,0.42738024
5/4/2012 15:00,0.649234217,0.649234217
5/4/2012 16:00,0.849727708,0.849727708
5/4/2012 17:00,1.207097882,1.207097882
5/4/2012 18:00,1.141059351,1.141059351
5/4/2012 19:00,0.959050919,0.959050919
5/4/2012 20:00,0.731147887,0.731147887
5/4/2012 21:00,0.52691859,0.52691859
5/4/2012 22:00,0.355173149,0.355173149
5/4/2012 23:00,0.224794122,0.224794122
5/5/2012 0:00,0.126778247,0.126778247
5/5/2012 1:00,0.070021825,0.070021825
5/5/2012 2:00,0.015788472,0.015788472
5/5/2012 3:00,0.02075742,0.02075742
5/5/2012 4:00,0.055648677,0.055648677
5/5/2012 5:00,0.068219167,0.068219167
5/5/2012 6:00,0.085672399,0.085672399
5/5/2012 7:00,0.033373236,0.033373236
5/5/2012 8:00,0.035582548,0.035582548
5/5/2012 9:00,0.229898047,0.229898047
5/5/2012 10:00,0.456875353,0.456875353
5/5/2012 11:00,0.661510071,0.661510071
5/5/2012 12:00,0.946422047,0.946422047
5/5/2012 13:00,1.322588204,1.322588204
5/5/2012 14:00,1.725939232,1.725939232
5/5/2012 15:00,1.891401758,1.891401758
5/5/2012 16:00,1.899697842,1.899697842
5/5/2012 17:00,1.90508367,1.90508367
5/5/2012 18:00,1.553896483,1.553896483
5/5/2012 19:00,1.220727763,1.220727763
5/5/2012 20:00,1.029791519,1.029791519
5/5/2012 21:00,0.678104482,0.678104482
5/5/2012 22:00,0.445988633,0.445988633
5/5/2012 23:00,0.279835707,0.279835707
5/6/2012 0:00,0.163001078,0.163001078
5/6/2012 1:00,0.085506001,0.085506001
5/6/2012 2:00,0.040877187,0.040877187
5/6/2012 3:00,0.006228196,0.006228196
5/6/2012 4:00,0.014449033,0.014449033
5/6/2012 5:00,0.017549029,0.017549029
5/6/2012 6:00,0.065598875,0.065598875
5/6/2012 7:00,0.073911836,0.073911836
5/6/2012 8:00,0.113646191,0.113646191
5/6/2012 9:00,0.162144581,0.162144581
5/6/2012 10:00,0.186932011,0.186932011
5/6/2012 11:00,0.552814932,0.552814932
5/6/2012 12:00,0.410318062,0.410318062
5/6/2012 13:00,0.691644993,0.691644993
5/6/2012 14:00,1.107390012,1.107390012
5/6/2012 15:00,1.387637994,1.387637994
5/6/2012 16:00,1.535936363,1.535936363
5/6/2012 17:00,1.829439643,1.829439643
5/6/2012 18:00,1.537091827,1.537091827
5/6/2012 19:00,1.266876743,1.266876743
5/6/2012 20:00,0.824431354,0.824431354
5/6/2012 21:00,0.588644075,0.588644075
5/6/2012 22:00,0.456146123,0.456146123
5/6/2012 23:00,0.248214409,0.248214409
5/7/2012 0:00,0.137252774,0.137252774
5/7/2012 1:00,0.082559486,0.082559486
5/7/2012 2:00,0.051671052,0.051671052
5/7/2012 3:00,0.016699867,0.016699867
5/7/2012 4:00,0.007140241,0.007140241
5/7/2012 5:00,0.003542664,0.003542664
5/7/2012 6:00,0.002524362,0.002524362
5/7/2012 7:00,0.069461236,0.069461236
5/7/2012 8:00,0.104792545,0.104792545
5/7/2012 9:00,0.171680959,0.171680959
5/7/2012 10:00,0.318898432,0.318898432
5/7/2012 11:00,0.476214322,0.476214322
5/7/2012 12:00,0.69113103,0.69113103
5/7/2012 13:00,0.969447261,0.969447261
5/7/2012 14:00,1.264522584,1.264522584
5/7/2012 15:00,1.52357565,1.52357565
5/7/2012 16:00,1.456627982,1.456627982
5/7/2012 17:00,1.019408114,1.019408114
5/7/2012 18:00,0.811810161,0.811810161
5/7/2012 19:00,0.574517358,0.574517358
5/7/2012 20:00,0.422187989,0.422187989
5/7/2012 21:00,0.301105504,0.301105504
5/7/2012 22:00,0.200148357,0.200148357
5/7/2012 23:00,0.116538651,0.116538651
5/8/2012 0:00,0.043695038,0.043695038
5/8/2012 1:00,0.012198801,0.012198801
5/8/2012 2:00,0.060192231,0.060192231
5/8/2012 3:00,0.096865272,0.096865272
5/8/2012 4:00,0.132155509,0.132155509
5/8/2012 5:00,0.141339955,0.141339955
5/8/2012 6:00,0.145927022,0.145927022
5/8/2012 7:00,0.023988014,0.023988014
5/8/2012 8:00,0.108155527,0.108155527
5/8/2012 9:00,0.222122375,0.222122375
5/8/2012 10:00,0.444410934,0.444410934
5/8/2012 11:00,0.619114298,0.619114298
5/8/2012 12:00,0.83793953,0.83793953
5/8/2012 13:00,1.047867619,1.047867619
5/8/2012 14:00,1.326533783,1.326533783
5/8/2012 15:00,1.514115703,1.514115703
5/8/2012 16:00,1.547124507,1.547124507
5/8/2012 17:00,1.623681232,1.623681232
5/8/2012 18:00,1.318229956,1.318229956
5/8/2012 19:00,0.972655493,0.972655493
5/8/2012 20:00,0.716193051,0.716193051
5/8/2012 21:00,0.553343122,0.553343122
5/8/2012 22:00,0.449606955,0.449606955
5/8/2012 23:00,0.253749772,0.253749772
5/9/2012 0:00,0.133251367,0.133251367
5/9/2012 1:00,0.094204193,0.094204193
5/9/2012 2:00,0.052778261,0.052778261
5/9/2012 3:00,0.012778475,0.012778475
5/9/2012 4:00,0.311375311,0.311375311
5/9/2012 5:00,0.042086841,0.042086841
5/9/2012 6:00,0.076243017,0.076243017
5/9/2012 7:00,0.190903259,0.190903259
5/9/2012 8:00,0.009402174,0.009402174
5/9/2012 9:00,0.040502399,0.040502399
5/9/2012 10:00,0.069054692,0.069054692
5/9/2012 11:00,0.183761396,0.183761396
5/9/2012 12:00,0.252081072,0.252081072
5/9/2012 13:00,0.338165122,0.338165122
5/9/2012 14:00,0.40862777,0.40862777
5/9/2012 15:00,0.377866149,0.377866149
5/9/2012 16:00,0.395042334,0.395042334
5/9/2012 17:00,0.668235384,0.668235384
5/9/2012 18:00,0.41357224,0.41357224
5/9/2012 19:00,0.273773277,0.273773277
5/9/2012 20:00,0.227090711,0.227090711
5/9/2012 21:00,0.175942546,0.175942546
5/9/2012 22:00,0.115882405,0.115882405
5/9/2012 23:00,0.022761471,0.022761471
5/10/2012 0:00,0.075717581,0.075717581
5/10/2012 1:00,0.155050953,0.155050953
5/10/2012 2:00,0.218126965,0.218126965
5/10/2012 3:00,0.287021154,0.287021154
5/10/2012 4:00,0.331552854,0.331552854
5/10/2012 5:00,0.36423745,0.36423745
5/10/2012 6:00,0.430641832,0.430641832
5/10/2012 7:00,0.142616694,0.142616694
5/10/2012 8:00,0.070203347,0.070203347
5/10/2012 9:00,0.068387315,0.068387315
5/10/2012 10:00,0.161654733,0.161654733
5/10/2012 11:00,0.244776841,0.244776841
5/10/2012 12:00,0.400214207,0.400214207
5/10/2012 13:00,0.40376261,0.40376261
5/10/2012 14:00,0.542621502,0.542621502
5/10/2012 15:00,0.763948648,0.763948648
5/10/2012 16:00,0.843444166,0.843444166
5/10/2012 17:00,0.888562649,0.888562649
5/10/2012 18:00,0.794506161,0.794506161
5/10/2012 19:00,0.613404541,0.613404541
5/10/2012 20:00,0.436760218,0.436760218
5/10/2012 21:00,0.296327418,0.296327418
5/10/2012 22:00,0.163008329,0.163008329
5/10/2012 23:00,0.053854439,0.053854439
5/11/2012 0:00,0.053970684,0.053970684
5/11/2012 1:00,0.150271209,0.150271209
5/11/2012 2:00,0.236611632,0.236611632
5/11/2012 3:00,0.30429181,0.30429181
5/11/2012 4:00,0.355762391,0.355762391
5/11/2012 5:00,0.364230087,0.364230087
5/11/2012 6:00,0.336711743,0.336711743
5/11/2012 7:00,0.146145991,0.146145991
5/11/2012 8:00,0.04647424,0.04647424
5/11/2012 9:00,0.072043687,0.072043687
5/11/2012 10:00,0.247114502,0.247114502
5/11/2012 11:00,0.493167139,0.493167139
5/11/2012 12:00,0.448961163,0.448961163
5/11/2012 13:00,0.630439675,0.630439675
5/11/2012 14:00,0.891955947,0.891955947
5/11/2012 15:00,1.079366438,1.079366438
5/11/2012 16:00,1.166587247,1.166587247
5/11/2012 17:00,1.205590183,1.205590183
5/11/2012 18:00,0.978126332,0.978126332
5/11/2012 19:00,0.721913639,0.721913639
5/11/2012 20:00,0.527022862,0.527022862
5/11/2012 21:00,0.386682105,0.386682105
5/11/2012 22:00,0.27016938,0.27016938
5/11/2012 23:00,0.29213693,0.29213693
5/12/2012 0:00,0.11616672,0.11616672
5/12/2012 1:00,0.076452326,0.076452326
5/12/2012 2:00,0.044135529,0.044135529
5/12/2012 3:00,0.011324042,0.011324042
5/12/2012 4:00,0.039526072,0.039526072
5/12/2012 5:00,0.005810209,0.005810209
5/12/2012 6:00,0.025812915,0.025812915
5/12/2012 7:00,0.115691083,0.115691083
5/12/2012 8:00,0.161872353,0.161872353
5/12/2012 9:00,0.305222718,0.305222718
5/12/2012 10:00,0.437912885,0.437912885
5/12/2012 11:00,0.559499195,0.559499195
5/12/2012 12:00,0.6599426,0.6599426
5/12/2012 13:00,0.734184088,0.734184088
5/12/2012 14:00,0.868521601,0.868521601
5/12/2012 15:00,0.949760658,0.949760658
5/12/2012 16:00,0.995921201,0.995921201
5/12/2012 17:00,0.970569245,0.970569245
5/12/2012 18:00,0.825471182,0.825471182
5/12/2012 19:00,0.613727148,0.613727148
5/12/2012 20:00,0.44924788,0.44924788
5/12/2012 21:00,0.327380308,0.327380308
5/12/2012 22:00,0.158292317,0.158292317
5/12/2012 23:00,0.058408403,0.058408403
5/13/2012 0:00,0.012984572,0.012984572
5/13/2012 1:00,0.026548567,0.026548567
5/13/2012 2:00,0.070072948,0.070072948
5/13/2012 3:00,0.097849289,0.097849289
5/13/2012 4:00,0.107793687,0.107793687
5/13/2012 5:00,0.088312568,0.088312568
5/13/2012 6:00,0.094121198,0.094121198
5/13/2012 7:00,0.072198016,0.072198016
5/13/2012 8:00,0.088737949,0.088737949
5/13/2012 9:00,0.273732256,0.273732256
5/13/2012 10:00,0.148206242,0.148206242
5/13/2012 11:00,0.233367892,0.233367892
5/13/2012 12:00,0.297058163,0.297058163
5/13/2012 13:00,0.306593361,0.306593361
5/13/2012 14:00,0.316226965,0.316226965
5/13/2012 15:00,0.356107081,0.356107081
5/13/2012 16:00,0.383313319,0.383313319
5/13/2012 17:00,0.473312476,0.473312476
5/13/2012 18:00,0.43467608,0.43467608
5/13/2012 19:00,0.37484038,0.37484038
5/13/2012 20:00,0.253409962,0.253409962
5/13/2012 21:00,0.166463903,0.166463903
5/13/2012 22:00,0.118686086,0.118686086
5/13/2012 23:00,0.057979891,0.057979891
5/14/2012 0:00,0.01717577,0.01717577
5/14/2012 1:00,0.074602505,0.074602505
5/14/2012 2:00,0.120605706,0.120605706
5/14/2012 3:00,0.163390361,0.163390361
5/14/2012 4:00,0.201586042,0.201586042
5/14/2012 5:00,0.229308674,0.229308674
5/14/2012 6:00,0.221145198,0.221145198
5/14/2012 7:00,0.076744521,0.076744521
5/14/2012 8:00,0.028720701,0.028720701
5/14/2012 9:00,0.086904731,0.086904731
5/14/2012 10:00,0.104342172,0.104342172
5/14/2012 11:00,0.204069326,0.204069326
5/14/2012 12:00,0.290642406,0.290642406
5/14/2012 13:00,0.376395661,0.376395661
5/14/2012 14:00,0.479466884,0.479466884
5/14/2012 15:00,0.607511987,0.607511987
5/14/2012 16:00,0.704474444,0.704474444
5/14/2012 17:00,0.741438549,0.741438549
5/14/2012 18:00,0.688168921,0.688168921
5/14/2012 19:00,0.503096847,0.503096847
5/14/2012 20:00,0.336755285,0.336755285
5/14/2012 21:00,0.225380373,0.225380373
5/14/2012 22:00,0.106181014,0.106181014
5/14/2012 23:00,0.020598793,0.020598793
5/15/2012 0:00,0.122142392,0.122142392
5/15/2012 1:00,0.214395884,0.214395884
5/15/2012 2:00,0.290231002,0.290231002
5/15/2012 3:00,0.342827761,0.342827761
5/15/2012 4:00,0.393096585,0.393096585
5/15/2012 5:00,0.338435813,0.338435813
5/15/2012 6:00,0.312253929,0.312253929
5/15/2012 7:00,0.169759942,0.169759942
5/15/2012 8:00,0.086186101,0.086186101
5/15/2012 9:00,0.149600077,0.149600077
5/15/2012 10:00,0.19641206,0.19641206
5/15/2012 11:00,0.322819287,0.322819287
5/15/2012 12:00,0.500363151,0.500363151
5/15/2012 13:00,0.655566139,0.655566139
5/15/2012 14:00,0.962553413,0.962553413
5/15/2012 15:00,1.079570865,1.079570865
5/15/2012 16:00,1.088158593,1.088158593
5/15/2012 17:00,1.153715892,1.153715892
5/15/2012 18:00,0.976733703,0.976733703
5/15/2012 19:00,0.701662441,0.701662441
5/15/2012 20:00,0.443130607,0.443130607
5/15/2012 21:00,0.300645334,0.300645334
5/15/2012 22:00,0.173339978,0.173339978
5/15/2012 23:00,0.071005952,0.071005952
5/16/2012 0:00,0.040234721,0.040234721
5/16/2012 1:00,0.130693351,0.130693351
5/16/2012 2:00,0.215580055,0.215580055
5/16/2012 3:00,0.280356104,0.280356104
5/16/2012 4:00,0.340052247,0.340052247
5/16/2012 5:00,0.310097886,0.310097886
5/16/2012 6:00,0.336261331,0.336261331
5/16/2012 7:00,0.24327329,0.24327329
5/16/2012 8:00,0.029664323,0.029664323
5/16/2012 9:00,0.117275178,0.117275178
5/16/2012 10:00,0.293883153,0.293883153
5/16/2012 11:00,0.455308622,0.455308622
5/16/2012 12:00,0.61703274,0.61703274
5/16/2012 13:00,0.759681726,0.759681726
5/16/2012 14:00,0.921805229,0.921805229
5/16/2012 15:00,1.081912778,1.081912778
5/16/2012 16:00,1.156265508,1.156265508
5/16/2012 17:00,1.227907459,1.227907459
5/16/2012 18:00,1.016522876,1.016522876
5/16/2012 19:00,0.794295352,0.794295352
5/16/2012 20:00,0.580824992,0.580824992
5/16/2012 21:00,0.438129985,0.438129985
5/16/2012 22:00,0.318400938,0.318400938
5/16/2012 23:00,0.209909442,0.209909442
5/17/2012 0:00,0.131091931,0.131091931
5/17/2012 1:00,0.073871698,0.073871698
5/17/2012 2:00,0.01565768,0.01565768
5/17/2012 3:00,0.045458355,0.045458355
5/17/2012 4:00,0.103166746,0.103166746
5/17/2012 5:00,0.123444751,0.123444751
5/17/2012 6:00,0.17251334,0.17251334
5/17/2012 7:00,0.045046932,0.045046932
5/17/2012 8:00,0.049820142,0.049820142
5/17/2012 9:00,0.181337673,0.181337673
5/17/2012 10:00,0.404118102,0.404118102
5/17/2012 11:00,0.631511196,0.631511196
5/17/2012 12:00,0.896958407,0.896958407
5/17/2012 13:00,1.085329987,1.085329987
5/17/2012 14:00,1.212470699,1.212470699
5/17/2012 15:00,1.323006734,1.323006734
5/17/2012 16:00,1.314991417,1.314991417
5/17/2012 17:00,1.287612792,1.287612792
5/17/2012 18:00,1.011512294,1.011512294
5/17/2012 19:00,0.801471209,0.801471209
5/17/2012 20:00,0.606714145,0.606714145
5/17/2012 21:00,0.441566193,0.441566193
5/17/2012 22:00,0.316112505,0.316112505
5/17/2012 23:00,0.199966245,0.199966245
5/18/2012 0:00,0.118377287,0.118377287
5/18/2012 1:00,0.064905109,0.064905109
5/18/2012 2:00,0.026145852,0.026145852
5/18/2012 3:00,0.080450275,0.080450275
5/18/2012 4:00,0.022265167,0.022265167
5/18/2012 5:00,0.035066572,0.035066572
5/18/2012 6:00,0.083030346,0.083030346
5/18/2012 7:00,0.025629397,0.025629397
5/18/2012 8:00,0.017396681,0.017396681
5/18/2012 9:00,0.05239801,0.05239801
5/18/2012 10:00,0.155326169,0.155326169
5/18/2012 11:00,0.222433229,0.222433229
5/18/2012 12:00,0.337348851,0.337348851
5/18/2012 13:00,0.451153777,0.451153777
5/18/2012 14:00,0.615078282,0.615078282
5/18/2012 15:00,0.786047781,0.786047781
5/18/2012 16:00,1.160061248,1.160061248
5/18/2012 17:00,1.391133505,1.391133505
5/18/2012 18:00,1.245706611,1.245706611
5/18/2012 19:00,1.031001032,1.031001032
5/18/2012 20:00,0.724504031,0.724504031
5/18/2012 21:00,0.498726971,0.498726971
5/18/2012 22:00,0.331822459,0.331822459
5/18/2012 23:00,0.202951599,0.202951599
5/19/2012 0:00,0.104780175,0.104780175
5/19/2012 1:00,0.028461925,0.028461925
5/19/2012 2:00,0.029858409,0.029858409
5/19/2012 3:00,0.061582429,0.061582429
5/19/2012 4:00,0.107861078,0.107861078
5/19/2012 5:00,0.128512037,0.128512037
5/19/2012 6:00,0.100856126,0.100856126
5/19/2012 7:00,0.031457491,0.031457491
5/19/2012 8:00,0.114661784,0.114661784
5/19/2012 9:00,0.220810495,0.220810495
5/19/2012 10:00,0.382083856,0.382083856
5/19/2012 11:00,0.610863522,0.610863522
5/19/2012 12:00,0.654430309,0.654430309
5/19/2012 13:00,0.896407996,0.896407996
5/19/2012 14:00,1.12484797,1.12484797
5/19/2012 15:00,1.334186665,1.334186665
5/19/2012 16:00,1.506633979,1.506633979
5/19/2012 17:00,1.748084203,1.748084203
5/19/2012 18:00,1.402105357,1.402105357
5/19/2012 19:00,0.975119898,0.975119898
5/19/2012 20:00,0.631886433,0.631886433
5/19/2012 21:00,0.408985681,0.408985681
5/19/2012 22:00,0.247424597,0.247424597
5/19/2012 23:00,0.102091498,0.102091498
5/20/2012 0:00,0.021963491,0.021963491
5/20/2012 1:00,0.113373318,0.113373318
5/20/2012 2:00,0.192884683,0.192884683
5/20/2012 3:00,0.257821619,0.257821619
5/20/2012 4:00,0.284371628,0.284371628
5/20/2012 5:00,0.279661898,0.279661898
5/20/2012 6:00,0.172717477,0.172717477
5/20/2012 7:00,0.067020894,0.067020894
5/20/2012 8:00,0.306613589,0.306613589
5/20/2012 9:00,0.364477359,0.364477359
5/20/2012 10:00,0.46669923,0.46669923
5/20/2012 11:00,0.577196941,0.577196941
5/20/2012 12:00,0.778794494,0.778794494
5/20/2012 13:00,1.070288344,1.070288344
5/20/2012 14:00,1.402877138,1.402877138
5/20/2012 15:00,1.561125159,1.561125159
5/20/2012 16:00,1.585062896,1.585062896
5/20/2012 17:00,1.553008054,1.553008054
5/20/2012 18:00,1.240619616,1.240619616
5/20/2012 19:00,0.979977739,0.979977739
5/20/2012 20:00,0.685837231,0.685837231
5/20/2012 21:00,0.537433386,0.537433386
5/20/2012 22:00,0.406837178,0.406837178
5/20/2012 23:00,0.236674837,0.236674837
5/21/2012 0:00,0.139884314,0.139884314
5/21/2012 1:00,0.083180306,0.083180306
5/21/2012 2:00,0.031678961,0.031678961
5/21/2012 3:00,0.024665169,0.024665169
5/21/2012 4:00,0.081869297,0.081869297
5/21/2012 5:00,0.122713624,0.122713624
5/21/2012 6:00,0.133214908,0.133214908
5/21/2012 7:00,0.148178506,0.148178506
5/21/2012 8:00,0.12395413,0.12395413
5/21/2012 9:00,0.263085999,0.263085999
5/21/2012 10:00,0.289657539,0.289657539
5/21/2012 11:00,0.422018264,0.422018264
5/21/2012 12:00,0.605776511,0.605776511
5/21/2012 13:00,0.801626811,0.801626811
5/21/2012 14:00,0.967446625,0.967446625
5/21/2012 15:00,1.230437386,1.230437386
5/21/2012 16:00,1.150344099,1.150344099
5/21/2012 17:00,1.24335478,1.24335478
5/21/2012 18:00,1.072144068,1.072144068
5/21/2012 19:00,0.761838995,0.761838995
5/21/2012 20:00,0.494085169,0.494085169
5/21/2012 21:00,0.336803198,0.336803198
5/21/2012 22:00,0.208142977,0.208142977
5/21/2012 23:00,0.094121244,0.094121244
5/22/2012 0:00,0.027667673,0.027667673
5/22/2012 1:00,0.127943634,0.127943634
5/22/2012 2:00,0.198686372,0.198686372
5/22/2012 3:00,0.222712209,0.222712209
5/22/2012 4:00,0.279794547,0.279794547
5/22/2012 5:00,0.341872813,0.341872813
5/22/2012 6:00,0.309814993,0.309814993
5/22/2012 7:00,0.121114708,0.121114708
5/22/2012 8:00,0.029877345,0.029877345
5/22/2012 9:00,0.063980861,0.063980861
5/22/2012 10:00,0.109565702,0.109565702
5/22/2012 11:00,0.229826812,0.229826812
5/22/2012 12:00,0.383256983,0.383256983
5/22/2012 13:00,0.544462747,0.544462747
5/22/2012 14:00,0.72909673,0.72909673
5/22/2012 15:00,0.897276709,0.897276709
5/22/2012 16:00,0.995506757,0.995506757
5/22/2012 17:00,1.056953185,1.056953185
5/22/2012 18:00,0.930626827,0.930626827
5/22/2012 19:00,0.695008584,0.695008584
5/22/2012 20:00,0.458582805,0.458582805
5/22/2012 21:00,0.301979726,0.301979726
5/22/2012 22:00,0.17264609,0.17264609
5/22/2012 23:00,0.067705328,0.067705328
5/23/2012 0:00,0.029144709,0.029144709
5/23/2012 1:00,0.120093724,0.120093724
5/23/2012 2:00,0.204495592,0.204495592
5/23/2012 3:00,0.276224072,0.276224072
5/23/2012 4:00,0.335378949,0.335378949
5/23/2012 5:00,0.377231892,0.377231892
5/23/2012 6:00,0.396499817,0.396499817
5/23/2012 7:00,0.162398987,0.162398987
5/23/2012 8:00,0.050939938,0.050939938
5/23/2012 9:00,0.100333675,0.100333675
5/23/2012 10:00,0.227239847,0.227239847
5/23/2012 11:00,0.357206025,0.357206025
5/23/2012 12:00,0.559245195,0.559245195
5/23/2012 13:00,0.729116473,0.729116473
5/23/2012 14:00,0.970508671,0.970508671
5/23/2012 15:00,1.279779355,1.279779355
5/23/2012 16:00,1.285060919,1.285060919
5/23/2012 17:00,1.4128562,1.4128562
5/23/2012 18:00,1.203584375,1.203584375
5/23/2012 19:00,0.923062292,0.923062292
5/23/2012 20:00,0.615115133,0.615115133
5/23/2012 21:00,0.425984829,0.425984829
5/23/2012 22:00,0.25498329,0.25498329
5/23/2012 23:00,0.145312431,0.145312431
5/24/2012 0:00,0.037856734,0.037856734
5/24/2012 1:00,0.042956059,0.042956059
5/24/2012 2:00,0.105338794,0.105338794
5/24/2012 3:00,0.154331859,0.154331859
5/24/2012 4:00,0.181262227,0.181262227
5/24/2012 5:00,0.189518285,0.189518285
5/24/2012 6:00,0.153925407,0.153925407
5/24/2012 7:00,0.04138292,0.04138292
5/24/2012 8:00,0.131647262,0.131647262
5/24/2012 9:00,0.244784965,0.244784965
5/24/2012 10:00,0.473331183,0.473331183
5/24/2012 11:00,0.604145563,0.604145563
5/24/2012 12:00,0.813818633,0.813818633
5/24/2012 13:00,1.127952178,1.127952178
5/24/2012 14:00,1.350570088,1.350570088
5/24/2012 15:00,1.54212199,1.54212199
5/24/2012 16:00,1.803109551,1.803109551
5/24/2012 17:00,1.844680705,1.844680705
5/24/2012 18:00,1.485311157,1.485311157
5/24/2012 19:00,1.173081681,1.173081681
5/24/2012 20:00,0.894866715,0.894866715
5/24/2012 21:00,0.644091406,0.644091406
5/24/2012 22:00,0.45562057,0.45562057
5/24/2012 23:00,0.324273728,0.324273728
5/25/2012 0:00,0.250067443,0.250067443
5/25/2012 1:00,0.181030697,0.181030697
5/25/2012 2:00,0.131993076,0.131993076
5/25/2012 3:00,0.098504929,0.098504929
5/25/2012 4:00,0.074312179,0.074312179
5/25/2012 5:00,0.144825877,0.144825877
5/25/2012 6:00,0.167402256,0.167402256
5/25/2012 7:00,0.143494495,0.143494495
5/25/2012 8:00,0.232355977,0.232355977
5/25/2012 9:00,0.423426332,0.423426332
5/25/2012 10:00,0.733940993,0.733940993
5/25/2012 11:00,0.9186247,0.9186247
5/25/2012 12:00,1.1601212,1.1601212
5/25/2012 13:00,1.324584477,1.324584477
5/25/2012 14:00,1.4576249,1.4576249
5/25/2012 15:00,1.647682207,1.647682207
5/25/2012 16:00,1.837066964,1.837066964
5/25/2012 17:00,1.938723553,1.938723553
5/25/2012 18:00,1.669475806,1.669475806
5/25/2012 19:00,1.373515334,1.373515334
5/25/2012 20:00,0.987740856,0.987740856
5/25/2012 21:00,0.739796212,0.739796212
5/25/2012 22:00,0.507472071,0.507472071
5/25/2012 23:00,0.34666885,0.34666885
5/26/2012 0:00,0.203224078,0.203224078
5/26/2012 1:00,0.082187658,0.082187658
5/26/2012 2:00,0.029303115,0.029303115
5/26/2012 3:00,0.02721327,0.02721327
5/26/2012 4:00,0.075597414,0.075597414
5/26/2012 5:00,0.110585242,0.110585242
5/26/2012 6:00,0.076512187,0.076512187
5/26/2012 7:00,0.04820576,0.04820576
5/26/2012 8:00,0.158007405,0.158007405
5/26/2012 9:00,0.314082247,0.314082247
5/26/2012 10:00,0.77812126,0.77812126
5/26/2012 11:00,0.972669211,0.972669211
5/26/2012 12:00,1.358923643,1.358923643
5/26/2012 13:00,1.80547277,1.80547277
5/26/2012 14:00,2.003509378,2.003509378
5/26/2012 15:00,2.029038432,2.029038432
5/26/2012 16:00,2.051933546,2.051933546
5/26/2012 17:00,2.029708538,2.029708538
5/26/2012 18:00,1.918667638,1.918667638
5/26/2012 19:00,1.450982085,1.450982085
5/26/2012 20:00,1.039056226,1.039056226
5/26/2012 21:00,0.726358637,0.726358637
5/26/2012 22:00,0.531075536,0.531075536
5/26/2012 23:00,0.347451307,0.347451307
5/27/2012 0:00,0.226953482,0.226953482
5/27/2012 1:00,0.130903587,0.130903587
5/27/2012 2:00,0.079455121,0.079455121
5/27/2012 3:00,0.026097315,0.026097315
5/27/2012 4:00,0.00753737,0.00753737
5/27/2012 5:00,0.030164536,0.030164536
5/27/2012 6:00,0.040643827,0.040643827
5/27/2012 7:00,0.141057868,0.141057868
5/27/2012 8:00,0.311095374,0.311095374
5/27/2012 9:00,0.470964155,0.470964155
5/27/2012 10:00,0.871934476,0.871934476
5/27/2012 11:00,0.987492929,0.987492929
5/27/2012 12:00,1.17411767,1.17411767
5/27/2012 13:00,1.207072658,1.207072658
5/27/2012 14:00,1.248599412,1.248599412
5/27/2012 15:00,1.463631363,1.463631363
5/27/2012 16:00,1.768274682,1.768274682
5/27/2012 17:00,2.025286145,2.025286145
5/27/2012 18:00,1.640442591,1.640442591
5/27/2012 19:00,1.34913558,1.34913558
5/27/2012 20:00,1.017027342,1.017027342
5/27/2012 21:00,0.767068838,0.767068838
5/27/2012 22:00,0.584092262,0.584092262
5/27/2012 23:00,0.420180828,0.420180828
5/28/2012 0:00,0.304752864,0.304752864
5/28/2012 1:00,0.229551054,0.229551054
5/28/2012 2:00,0.170919412,0.170919412
5/28/2012 3:00,0.134745908,0.134745908
5/28/2012 4:00,0.108065671,0.108065671
5/28/2012 5:00,0.100866114,0.100866114
5/28/2012 6:00,0.173685542,0.173685542
5/28/2012 7:00,0.238731994,0.238731994
5/28/2012 8:00,0.379710114,0.379710114
5/28/2012 9:00,0.614862822,0.614862822
5/28/2012 10:00,0.955288415,0.955288415
5/28/2012 11:00,1.120361741,1.120361741
5/28/2012 12:00,1.328361693,1.328361693
5/28/2012 13:00,1.587560236,1.587560236
5/28/2012 14:00,1.842724851,1.842724851
5/28/2012 15:00,1.99095558,1.99095558
5/28/2012 16:00,2.027470722,2.027470722
5/28/2012 17:00,2.024264261,2.024264261
5/28/2012 18:00,2.000555421,2.000555421
5/28/2012 19:00,1.802993653,1.802993653
5/28/2012 20:00,1.279453943,1.279453943
5/28/2012 21:00,0.901899388,0.901899388
5/28/2012 22:00,0.666576126,0.666576126
5/28/2012 23:00,0.525351574,0.525351574
5/29/2012 0:00,0.385138087,0.385138087
5/29/2012 1:00,0.346557693,0.346557693
5/29/2012 2:00,0.300689744,0.300689744
5/29/2012 3:00,0.241001476,0.241001476
5/29/2012 4:00,0.202855881,0.202855881
5/29/2012 5:00,0.182741329,0.182741329
5/29/2012 6:00,0.32330619,0.32330619
5/29/2012 7:00,0.234276567,0.234276567
5/29/2012 8:00,0.243793223,0.243793223
5/29/2012 9:00,0.25887496,0.25887496
5/29/2012 10:00,0.408263209,0.408263209
5/29/2012 11:00,0.399645407,0.399645407
5/29/2012 12:00,0.52239547,0.52239547
5/29/2012 13:00,0.726198439,0.726198439
5/29/2012 14:00,0.936188636,0.936188636
5/29/2012 15:00,1.322482636,1.322482636
5/29/2012 16:00,1.79850426,1.79850426
5/29/2012 17:00,2.036978176,2.036978176
5/29/2012 18:00,1.998923038,1.998923038
5/29/2012 19:00,1.672680237,1.672680237
5/29/2012 20:00,1.264433969,1.264433969
5/29/2012 21:00,0.949882747,0.949882747
5/29/2012 22:00,0.869246784,0.869246784
5/29/2012 23:00,0.656592416,0.656592416
5/30/2012 0:00,0.414301031,0.414301031
5/30/2012 1:00,0.266924974,0.266924974
5/30/2012 2:00,0.195961082,0.195961082
5/30/2012 3:00,0.143755176,0.143755176
5/30/2012 4:00,0.093500688,0.093500688
5/30/2012 5:00,0.136492337,0.136492337
5/30/2012 6:00,0.127477607,0.127477607
5/30/2012 7:00,0.107033635,0.107033635
5/30/2012 8:00,0.158732946,0.158732946
5/30/2012 9:00,0.286607192,0.286607192
5/30/2012 10:00,0.636622394,0.636622394
5/30/2012 11:00,0.897290523,0.897290523
5/30/2012 12:00,1.386557977,1.386557977
5/30/2012 13:00,1.77787561,1.77787561
5/30/2012 14:00,1.839912021,1.839912021
5/30/2012 15:00,1.815707894,1.815707894
5/30/2012 16:00,1.646933758,1.646933758
5/30/2012 17:00,1.807675655,1.807675655
5/30/2012 18:00,1.55862004,1.55862004
5/30/2012 19:00,1.19621482,1.19621482
5/30/2012 20:00,0.934598861,0.934598861
5/30/2012 21:00,0.722010429,0.722010429
5/30/2012 22:00,0.543796152,0.543796152
5/30/2012 23:00,0.394408708,0.394408708
5/31/2012 0:00,0.275323312,0.275323312
5/31/2012 1:00,0.193380976,0.193380976
5/31/2012 2:00,0.144054251,0.144054251
5/31/2012 3:00,0.10030187,0.10030187
5/31/2012 4:00,0.077767504,0.077767504
5/31/2012 5:00,0.053691368,0.053691368
5/31/2012 6:00,0.173500937,0.173500937
5/31/2012 7:00,0.269473922,0.269473922
5/31/2012 8:00,0.391818098,0.391818098
5/31/2012 9:00,0.554056957,0.554056957
5/31/2012 10:00,0.847215365,0.847215365
5/31/2012 11:00,1.004603217,1.004603217
5/31/2012 12:00,1.213116155,1.213116155
5/31/2012 13:00,1.370823371,1.370823371
5/31/2012 14:00,1.479589847,1.479589847
5/31/2012 15:00,1.544175095,1.544175095
5/31/2012 16:00,1.631254871,1.631254871
5/31/2012 17:00,1.836607645,1.836607645
5/31/2012 18:00,1.695823457,1.695823457
5/31/2012 19:00,1.441806033,1.441806033
5/31/2012 20:00,1.086961321,1.086961321
5/31/2012 21:00,0.808909224,0.808909224
5/31/2012 22:00,0.738853601,0.738853601
5/31/2012 23:00,0.367398427,0.367398427
6/1/2012 0:00,0.237957336,0.237957336
6/1/2012 1:00,1.729197155,0.149615898
6/1/2012 2:00,0.102715952,0.102715952
6/1/2012 3:00,0.054341476,0.053512347
6/1/2012 4:00,0.026095077,0.026095077
6/1/2012 5:00,0.000873933,0.000873933
6/1/2012 6:00,0.012595963,0.012595963
6/1/2012 7:00,0.056318489,0.056318489
6/1/2012 8:00,0.105824772,0.105824772
6/1/2012 9:00,0.106477978,0.106477978
6/1/2012 10:00,0.162527202,0.162527202
6/1/2012 11:00,0.257070187,0.257070187
6/1/2012 12:00,0.391890238,0.391890238
6/1/2012 13:00,0.534034326,0.534034326
6/1/2012 14:00,0.613694382,0.796249163
6/1/2012 15:00,0.881146215,1.053651586
6/1/2012 16:00,0.937418031,1.105034196
6/1/2012 17:00,0.926046954,1.0746941
6/1/2012 18:00,0.735275451,0.839332969
6/1/2012 19:00,0.570112485,0.630806366
6/1/2012 20:00,0.398533413,0.398533413
6/1/2012 21:00,0.262399085,0.262399085
6/1/2012 22:00,0.143029155,0.143029155
6/1/2012 23:00,0.050932995,0.050932995
6/2/2012 0:00,0.010200248,0.010200248
6/2/2012 1:00,1.758559206,0
6/2/2012 2:00,1.607700212,0
6/2/2012 3:00,0.219538416,0
6/2/2012 4:00,0,0
6/2/2012 5:00,0,0
6/2/2012 6:00,0,0
6/2/2012 7:00,0,0
6/2/2012 8:00,0,0
6/2/2012 9:00,0,0
6/2/2012 10:00,0,0
6/2/2012 11:00,0.057898039,0.057898039
6/2/2012 12:00,0.1685966,0.1685966
6/2/2012 13:00,0.21192819,0.21192819
6/2/2012 14:00,0.226952125,0.292965817
6/2/2012 15:00,0.266971342,0.322603333
6/2/2012 16:00,0.344808196,0.414534712
6/2/2012 17:00,0.457076892,0.54709628
6/2/2012 18:00,0.410757402,0.482283936
6/2/2012 19:00,0.362515527,0.419019293
6/2/2012 20:00,0.370747993,0.370747993
6/2/2012 21:00,0.314703668,0.314703668
6/2/2012 22:00,0.22804515,0.22804515
6/2/2012 23:00,0.135783133,0.135783133
6/3/2012 0:00,0.069362669,0.069362669
6/3/2012 1:00,1.852876042,0.007595427
6/3/2012 2:00,0.019086002,0
6/3/2012 3:00,0.002563777,0
6/3/2012 4:00,0,0
6/3/2012 5:00,0,0
6/3/2012 6:00,0,0
6/3/2012 7:00,0.032044617,0.032044617
6/3/2012 8:00,0.200672176,0.200672176
6/3/2012 9:00,0.361381577,0.361381577
6/3/2012 10:00,0.729289308,0.729289308
6/3/2012 11:00,0.962726454,0.962726454
6/3/2012 12:00,1.279599004,1.279599004
6/3/2012 13:00,1.507873298,1.507873298
6/3/2012 14:00,1.156105779,1.676829921
6/3/2012 15:00,1.453932687,1.936351531
6/3/2012 16:00,1.47786731,1.932476464
6/3/2012 17:00,1.497440498,1.713388504
6/3/2012 18:00,1.439317662,1.452367146
6/3/2012 19:00,1.054915665,1.054915665
6/3/2012 20:00,0.710509753,0.710509753
6/3/2012 21:00,0.531017037,0.531017037
6/3/2012 22:00,0.337035739,0.337035739
6/3/2012 23:00,0.209613427,0.209613427
6/4/2012 0:00,0.110931587,0.110931587
6/4/2012 1:00,1.849340923,0.058751173
6/4/2012 2:00,1.885126634,0.005282674
6/4/2012 3:00,1.66583911,0
6/4/2012 4:00,0,0
6/4/2012 5:00,0,0
6/4/2012 6:00,0,0
6/4/2012 7:00,0.001606859,0.001606859
6/4/2012 8:00,0.023009703,0.023009703
6/4/2012 9:00,0.106354495,0.106354495
6/4/2012 10:00,0.147246883,0.147246883
6/4/2012 11:00,0.292494538,0.292494538
6/4/2012 12:00,0.423364916,0.423364916
6/4/2012 13:00,0.625370167,0.625370167
6/4/2012 14:00,0.603704546,0.76058737
6/4/2012 15:00,1.007856722,1.177130575
6/4/2012 16:00,0.879644122,1.028163118
6/4/2012 17:00,1.028499953,1.210370265
6/4/2012 18:00,0.896701822,1.047260877
6/4/2012 19:00,0.719508824,0.824813479
6/4/2012 20:00,0.624201605,0.624201605
6/4/2012 21:00,0.480751218,0.480751218
6/4/2012 22:00,0.341001506,0.341001506
6/4/2012 23:00,0.213917568,0.213917568
6/5/2012 0:00,0.131442239,0.131442239
6/5/2012 1:00,1.909838785,0.077852375
6/5/2012 2:00,1.921990217,0.027698114
6/5/2012 3:00,1.160126465,0.000558889
6/5/2012 4:00,0,0
6/5/2012 5:00,0,0
6/5/2012 6:00,0.006389006,0.006389006
6/5/2012 7:00,0.120443001,0.120443001
6/5/2012 8:00,0.226385067,0.226385067
6/5/2012 9:00,0.395448175,0.395448175
6/5/2012 10:00,0.78211412,0.78211412
6/5/2012 11:00,0.957317192,0.957317192
6/5/2012 12:00,1.286835577,1.286835577
6/5/2012 13:00,1.518603636,1.518603636
6/5/2012 14:00,1.177018783,1.654772385
6/5/2012 15:00,1.418600072,1.813700312
6/5/2012 16:00,1.470835805,1.901294512
6/5/2012 17:00,1.489195971,1.835655639
6/5/2012 18:00,1.657479407,1.700842651
6/5/2012 19:00,1.235776314,1.235776314
6/5/2012 20:00,0.906087867,0.906087867
6/5/2012 21:00,0.687747912,0.687747912
6/5/2012 22:00,0.494141381,0.494141381
6/5/2012 23:00,0.357006939,0.357006939
6/6/2012 0:00,0.258757327,0.258757327
6/6/2012 1:00,1.986939488,0.177116087
6/6/2012 2:00,1.978982809,0.127329876
6/6/2012 3:00,1.893065033,0.082114644
6/6/2012 4:00,0.042442748,0.042442748
6/6/2012 5:00,0.010784289,0.010784289
6/6/2012 6:00,0.022618123,0.022618123
6/6/2012 7:00,0.126927567,0.126927567
6/6/2012 8:00,0.230972786,0.230972786
6/6/2012 9:00,0.555359186,0.555359186
6/6/2012 10:00,0.59965428,0.59965428
6/6/2012 11:00,0.725859683,0.725859683
6/6/2012 12:00,0.941579813,0.941579813
6/6/2012 13:00,1.198820783,1.198820783
6/6/2012 14:00,1.047576388,1.439801545
6/6/2012 15:00,1.226725111,1.536314927
6/6/2012 16:00,1.220777158,1.510150151
6/6/2012 17:00,1.26478101,1.530726475
6/6/2012 18:00,1.16983948,1.354438505
6/6/2012 19:00,1.131327273,1.131327273
6/6/2012 20:00,0.783022964,0.783022964
6/6/2012 21:00,0.5940918,0.5940918
6/6/2012 22:00,0.401608557,0.401608557
6/6/2012 23:00,0.269529957,0.269529957
6/7/2012 0:00,0.166797912,0.166797912
6/7/2012 1:00,1.821822576,0.100480531
6/7/2012 2:00,1.796970721,0.042789894
6/7/2012 3:00,1.467389346,0.004124244
6/7/2012 4:00,0,0
6/7/2012 5:00,0,0
6/7/2012 6:00,0.001316974,0.001316974
6/7/2012 7:00,0.15345442,0.15345442
6/7/2012 8:00,0.217793496,0.217793496
6/7/2012 9:00,0.381093289,0.381093289
6/7/2012 10:00,0.550474379,0.550474379
6/7/2012 11:00,0.689879935,0.689879935
6/7/2012 12:00,0.848186198,0.848186198
6/7/2012 13:00,1.074333019,1.074333019
6/7/2012 14:00,0.814962385,1.105238043
6/7/2012 15:00,0.784684788,0.96986746
6/7/2012 16:00,0.751955868,0.930800674
6/7/2012 17:00,0.787553696,0.965505492
6/7/2012 18:00,0.679385139,0.821444061
6/7/2012 19:00,0.611481021,0.727988751
6/7/2012 20:00,0.653482882,0.653482882
6/7/2012 21:00,0.549807758,0.549807758
6/7/2012 22:00,0.450278077,0.450278077
6/7/2012 23:00,0.357775882,0.357775882
6/8/2012 0:00,0.321946776,0.321946776
6/8/2012 1:00,2.062643691,0.209292875
6/8/2012 2:00,2.010516259,0.161778813
6/8/2012 3:00,0.858978368,0.133941775
6/8/2012 4:00,0.10667273,0.10667273
6/8/2012 5:00,0.197434431,0.197434431
6/8/2012 6:00,0.1057311,0.1057311
6/8/2012 7:00,0.143483982,0.143483982
6/8/2012 8:00,0.161320245,0.161320245
6/8/2012 9:00,0.319817884,0.319817884
6/8/2012 10:00,0.616083846,0.616083846
6/8/2012 11:00,0.693118505,0.693118505
6/8/2012 12:00,0.803071291,0.803071291
6/8/2012 13:00,0.945376009,0.945376009
6/8/2012 14:00,0.843297463,1.177772449
6/8/2012 15:00,1.059075084,1.364762228
6/8/2012 16:00,0.962684571,1.242728517
6/8/2012 17:00,1.018039349,1.299130827
6/8/2012 18:00,0.860494678,1.068379051
6/8/2012 19:00,0.787864103,0.945097774
6/8/2012 20:00,0.777102246,0.777102246
6/8/2012 21:00,0.65694543,0.65694543
6/8/2012 22:00,0.519363273,0.519363273
6/8/2012 23:00,0.367117579,0.367117579
6/9/2012 0:00,0.304416132,0.304416132
6/9/2012 1:00,1.998141955,0.220627359
6/9/2012 2:00,1.997001238,0.171772235
6/9/2012 3:00,1.893469276,0.145004265
6/9/2012 4:00,0.114595867,0.114595867
6/9/2012 5:00,0.109383486,0.109383486
6/9/2012 6:00,0.156176931,0.156176931
6/9/2012 7:00,0.302311061,0.302311061
6/9/2012 8:00,0.445194936,0.445194936
6/9/2012 9:00,0.473121372,0.473121372
6/9/2012 10:00,0.646194762,0.646194762
6/9/2012 11:00,0.780370949,0.780370949
6/9/2012 12:00,0.925273,0.925273
6/9/2012 13:00,1.013984628,1.013984628
6/9/2012 14:00,0.834829019,1.085041123
6/9/2012 15:00,1.05627222,1.254503875
6/9/2012 16:00,1.141167725,1.343842852
6/9/2012 17:00,1.104742497,1.267707719
6/9/2012 18:00,0.821101041,0.901206065
6/9/2012 19:00,0.599032637,0.629593907
6/9/2012 20:00,0.445259643,0.445259643
6/9/2012 21:00,0.343020653,0.343020653
6/9/2012 22:00,0.268540141,0.268540141
6/9/2012 23:00,0.179599987,0.179599987
6/10/2012 0:00,0.124692999,0.124692999
6/10/2012 1:00,1.846471586,0.082752798
6/10/2012 2:00,1.887875544,0.071534337
6/10/2012 3:00,1.557527318,0.053720371
6/10/2012 4:00,0.049327079,0.049327079
6/10/2012 5:00,0.037307571,0.037307571
6/10/2012 6:00,0.126660521,0.126660521
6/10/2012 7:00,0.233594603,0.233594603
6/10/2012 8:00,0.331015617,0.331015617
6/10/2012 9:00,0.502669138,0.502669138
6/10/2012 10:00,0.683926853,0.683926853
6/10/2012 11:00,0.686244625,0.686244625
6/10/2012 12:00,0.86492737,0.86492737
6/10/2012 13:00,1.075622205,1.075622205
6/10/2012 14:00,0.816668876,1.039299429
6/10/2012 15:00,0.945942554,1.083305997
6/10/2012 16:00,0.988031723,1.116057275
6/10/2012 17:00,1.027639962,1.152283826
6/10/2012 18:00,0.914346531,1.013284537
6/10/2012 19:00,0.73929362,0.80738141
6/10/2012 20:00,0.634675151,0.634675151
6/10/2012 21:00,0.438678659,0.438678659
6/10/2012 22:00,0.311738194,0.311738194
6/10/2012 23:00,0.20497725,0.20497725
6/11/2012 0:00,0.137871306,0.137871306
6/11/2012 1:00,1.885064926,0.100347277
6/11/2012 2:00,1.938122211,0.072889932
6/11/2012 3:00,1.611893174,0.060778997
6/11/2012 4:00,0.056641188,0.056641188
6/11/2012 5:00,0.070506093,0.070506093
6/11/2012 6:00,0.272610715,0.272610715
6/11/2012 7:00,0.300326288,0.300326288
6/11/2012 8:00,0.286253691,0.286253691
6/11/2012 9:00,0.455006573,0.455006573
6/11/2012 10:00,0.675576563,0.675576563
6/11/2012 11:00,0.778658753,0.778658753
6/11/2012 12:00,1.111297996,1.111297996
6/11/2012 13:00,1.113645086,1.113645086
6/11/2012 14:00,1.022367915,1.367829021
6/11/2012 15:00,1.321890591,1.609639132
6/11/2012 16:00,1.392848356,1.668754555
6/11/2012 17:00,1.333559871,1.568772724
6/11/2012 18:00,1.102714649,1.208475354
6/11/2012 19:00,0.966531743,0.966531743
6/11/2012 20:00,0.67500866,0.67500866
6/11/2012 21:00,0.489325165,0.489325165
6/11/2012 22:00,0.336272917,0.336272917
6/11/2012 23:00,0.200760151,0.200760151
6/12/2012 0:00,0.12668652,0.12668652
6/12/2012 1:00,1.870017046,0.092752506
6/12/2012 2:00,1.885700135,0.054706964
6/12/2012 3:00,1.671163558,0.039483707
6/12/2012 4:00,0.004386091,0.004386091
6/12/2012 5:00,0,0
6/12/2012 6:00,0,0
6/12/2012 7:00,0.048423435,0.048423435
6/12/2012 8:00,0.262067002,0.262067002
6/12/2012 9:00,0.127345086,0.127345086
6/12/2012 10:00,0.20125013,0.20125013
6/12/2012 11:00,0.384467419,0.384467419
6/12/2012 12:00,0.573181619,0.573181619
6/12/2012 13:00,0.819858451,0.819858451
6/12/2012 14:00,0.751720944,1.012225052
6/12/2012 15:00,1.055630066,1.319116473
6/12/2012 16:00,1.221909617,1.530869715
6/12/2012 17:00,1.348804554,1.666993759
6/12/2012 18:00,1.141896071,1.360014815
6/12/2012 19:00,1.047200148,1.097612771
6/12/2012 20:00,0.832100824,0.832100824
6/12/2012 21:00,0.639021336,0.639021336
6/12/2012 22:00,0.47519575,0.47519575
6/12/2012 23:00,0.344881584,0.344881584
6/13/2012 0:00,0.245423894,0.245423894
6/13/2012 1:00,2.005802537,0.193926465
6/13/2012 2:00,2.026949139,0.147153904
6/13/2012 3:00,1.939904548,0.109483316
6/13/2012 4:00,0.090364409,0.090364409
6/13/2012 5:00,0.083207651,0.083207651
6/13/2012 6:00,0.124288086,0.124288086
6/13/2012 7:00,0.170705756,0.170705756
6/13/2012 8:00,0.170174129,0.170174129
6/13/2012 9:00,0.256736754,0.256736754
6/13/2012 10:00,0.428049394,0.428049394
6/13/2012 11:00,0.521830176,0.521830176
6/13/2012 12:00,0.660616989,0.660616989
6/13/2012 13:00,0.739314255,0.739314255
6/13/2012 14:00,0.65498154,0.938056649
6/13/2012 15:00,0.714013664,0.94315709
6/13/2012 16:00,0.797152874,1.039977309
6/13/2012 17:00,1.257608169,1.641991992
6/13/2012 18:00,1.254191331,1.613264547
6/13/2012 19:00,1.053370617,1.298844436
6/13/2012 20:00,0.994997781,0.994997781
6/13/2012 21:00,0.775682595,0.775682595
6/13/2012 22:00,0.580700177,0.580700177
6/13/2012 23:00,0.399329655,0.399329655
6/14/2012 0:00,0.276127862,0.276127862
6/14/2012 1:00,1.917719722,0.184914848
6/14/2012 2:00,1.900234634,0.128257218
6/14/2012 3:00,1.781835082,0.080364266
6/14/2012 4:00,0.054920276,0.054920276
6/14/2012 5:00,0.02834393,0.02834393
6/14/2012 6:00,0.028938439,0.028938439
6/14/2012 7:00,0.114487472,0.114487472
6/14/2012 8:00,0.275793446,0.275793446
6/14/2012 9:00,0.414725161,0.414725161
6/14/2012 10:00,0.855996101,0.855996101
6/14/2012 11:00,1.095524756,1.095524756
6/14/2012 12:00,1.508115143,1.508115143
6/14/2012 13:00,1.853416732,1.853416732
6/14/2012 14:00,1.302829273,1.979702638
6/14/2012 15:00,1.456961591,1.990877031
6/14/2012 16:00,1.46478139,2.013560705
6/14/2012 17:00,1.495206134,2.032293177
6/14/2012 18:00,1.920712325,1.967658569
6/14/2012 19:00,1.740237876,1.740237876
6/14/2012 20:00,1.300411714,1.300411714
6/14/2012 21:00,1.132383979,1.132383979
6/14/2012 22:00,0.879180179,0.879180179
6/14/2012 23:00,0.630378825,0.630378825
6/15/2012 0:00,0.447030824,0.447030824
6/15/2012 1:00,2.084454412,0.362672967
6/15/2012 2:00,2.072152674,0.266529324
6/15/2012 3:00,2.012142495,0.20544741
6/15/2012 4:00,0.160086865,0.160086865
6/15/2012 5:00,0.138355752,0.138355752
6/15/2012 6:00,0.235698173,0.235698173
6/15/2012 7:00,0.329876,0.329876
6/15/2012 8:00,0.473065513,0.473065513
6/15/2012 9:00,0.655244691,0.655244691
6/15/2012 10:00,0.957571435,0.957571435
6/15/2012 11:00,1.128356577,1.128356577
6/15/2012 12:00,1.41030982,1.41030982
6/15/2012 13:00,1.510509958,1.510509958
6/15/2012 14:00,1.129395382,1.566205517
6/15/2012 15:00,1.388920457,1.798447857
6/15/2012 16:00,1.485273792,1.911937542
6/15/2012 17:00,1.513652997,1.88943804
6/15/2012 18:00,1.875704158,1.875704158
6/15/2012 19:00,1.582231182,1.582231182
6/15/2012 20:00,1.192887049,1.192887049
6/15/2012 21:00,0.917138226,0.917138226
6/15/2012 22:00,0.684328147,0.684328147
6/15/2012 23:00,0.492498956,0.492498956
6/16/2012 0:00,0.378880574,0.378880574
6/16/2012 1:00,2.146481206,0.327321671
6/16/2012 2:00,2.12744945,0.261812079
6/16/2012 3:00,2.043367178,0.219114034
6/16/2012 4:00,0.17515105,0.17515105
6/16/2012 5:00,0.16152526,0.16152526
6/16/2012 6:00,0.209342255,0.209342255
6/16/2012 7:00,0.265932389,0.265932389
6/16/2012 8:00,0.38237904,0.38237904
6/16/2012 9:00,0.599259469,0.599259469
6/16/2012 10:00,0.904268787,0.904268787
6/16/2012 11:00,1.15474003,1.15474003
6/16/2012 12:00,1.245795106,1.245795106
6/16/2012 13:00,1.418645379,1.418645379
6/16/2012 14:00,1.214535703,1.666531244
6/16/2012 15:00,1.472417457,1.874014992
6/16/2012 16:00,1.4862233,1.878513133
6/16/2012 17:00,1.564278652,1.856401245
6/16/2012 18:00,1.775020352,1.775020352
6/16/2012 19:00,1.365250971,1.365250971
6/16/2012 20:00,1.048796744,1.048796744
6/16/2012 21:00,0.799921991,0.799921991
6/16/2012 22:00,0.615108904,0.615108904
6/16/2012 23:00,0.446093863,0.446093863
6/17/2012 0:00,0.327245938,0.327245938
6/17/2012 1:00,1.997532213,0.24679
6/17/2012 2:00,1.963691041,0.176346894
6/17/2012 3:00,1.896827668,0.132682225
6/17/2012 4:00,0.134947408,0.134947408
6/17/2012 5:00,0.099100695,0.099100695
6/17/2012 6:00,0.154515165,0.154515165
6/17/2012 7:00,0.266135706,0.266135706
6/17/2012 8:00,0.3937003,0.3937003
6/17/2012 9:00,0.612505331,0.612505331
6/17/2012 10:00,0.908075604,0.908075604
6/17/2012 11:00,0.9880115,0.9880115
6/17/2012 12:00,1.161335103,1.161335103
6/17/2012 13:00,1.380097373,1.380097373
6/17/2012 14:00,1.124286436,1.585450716
6/17/2012 15:00,1.424597404,1.83197071
6/17/2012 16:00,1.468858837,1.864236989
6/17/2012 17:00,1.493669245,1.865509579
6/17/2012 18:00,1.810254126,1.849553725
6/17/2012 19:00,1.629001129,1.629001129
6/17/2012 20:00,1.24083908,1.24083908
6/17/2012 21:00,0.865608794,0.865608794
6/17/2012 22:00,0.632995027,0.632995027
6/17/2012 23:00,0.474581238,0.474581238
6/18/2012 0:00,0.346799433,0.346799433
6/18/2012 1:00,2.045754327,0.278309853
6/18/2012 2:00,2.057906253,0.21008494
6/18/2012 3:00,1.999197234,0.16677601
6/18/2012 4:00,0.135670493,0.135670493
6/18/2012 5:00,0.12277149,0.12277149
6/18/2012 6:00,0.183017289,0.183017289
6/18/2012 7:00,0.400716658,0.400716658
6/18/2012 8:00,0.411589267,0.411589267
6/18/2012 9:00,0.632083864,0.632083864
6/18/2012 10:00,0.976006326,0.976006326
6/18/2012 11:00,1.153934299,1.153934299
6/18/2012 12:00,1.374175323,1.374175323
6/18/2012 13:00,1.483890988,1.483890988
6/18/2012 14:00,1.199898208,1.720555713
6/18/2012 15:00,1.381434856,1.801683917
6/18/2012 16:00,1.395230447,1.81143989
6/18/2012 17:00,1.496819175,1.890517762
6/18/2012 18:00,1.761863476,1.781632355
6/18/2012 19:00,1.452876204,1.452876204
6/18/2012 20:00,1.097101172,1.097101172
6/18/2012 21:00,0.839939179,0.839939179
6/18/2012 22:00,0.652373422,0.652373422
6/18/2012 23:00,0.493211606,0.493211606
6/19/2012 0:00,0.37165706,0.37165706
6/19/2012 1:00,2.029099493,0.281813929
6/19/2012 2:00,1.990968386,0.217042966
6/19/2012 3:00,1.906471159,0.167322029
6/19/2012 4:00,0.134729189,0.134729189
6/19/2012 5:00,0.122298355,0.122298355
6/19/2012 6:00,0.267304676,0.267304676
6/19/2012 7:00,0.332837844,0.332837844
6/19/2012 8:00,0.343373758,0.343373758
6/19/2012 9:00,0.541981044,0.541981044
6/19/2012 10:00,0.964853654,0.964853654
6/19/2012 11:00,1.209348838,1.209348838
6/19/2012 12:00,1.458078523,1.458078523
6/19/2012 13:00,1.733381637,1.733381637
6/19/2012 14:00,1.315792189,1.925418184
6/19/2012 15:00,1.453505792,1.934325944
6/19/2012 16:00,1.430997087,1.884967631
6/19/2012 17:00,1.41021879,1.822139265
6/19/2012 18:00,1.477743045,1.487617985
6/19/2012 19:00,1.205738166,1.205738166
6/19/2012 20:00,1.094192474,1.094192474
6/19/2012 21:00,0.810054137,0.810054137
6/19/2012 22:00,0.647019982,0.647019982
6/19/2012 23:00,0.480603754,0.480603754
6/20/2012 0:00,0.355721467,0.355721467
6/20/2012 1:00,1.982226114,0.283126777
6/20/2012 2:00,1.948286683,0.202340795
6/20/2012 3:00,1.863422506,0.140997544
6/20/2012 4:00,0.104522895,0.104522895
6/20/2012 5:00,0.081892387,0.081892387
6/20/2012 6:00,0.114380348,0.114380348
6/20/2012 7:00,0.196209224,0.196209224
6/20/2012 8:00,0.290397702,0.290397702
6/20/2012 9:00,0.388938173,0.388938173
6/20/2012 10:00,0.653799213,0.653799213
6/20/2012 11:00,0.7999075,0.7999075
6/20/2012 12:00,1.257369288,1.257369288
6/20/2012 13:00,1.716047579,1.716047579
6/20/2012 14:00,1.316691832,1.892162929
6/20/2012 15:00,1.411033504,1.810860673
6/20/2012 16:00,1.186521124,1.503041673
6/20/2012 17:00,1.209329043,1.511700621
6/20/2012 18:00,1.072244273,1.193647449
6/20/2012 19:00,1.056642908,1.056642908
6/20/2012 20:00,0.888560414,0.888560414
6/20/2012 21:00,0.760364611,0.760364611
6/20/2012 22:00,0.592962753,0.592962753
6/20/2012 23:00,0.424433838,0.424433838
6/21/2012 0:00,0.299428365,0.299428365
6/21/2012 1:00,1.914906618,0.211071989
6/21/2012 2:00,1.9110932,0.142885686
6/21/2012 3:00,1.847609099,0.099278682
6/21/2012 4:00,0.055973207,0.055973207
6/21/2012 5:00,0.039824844,0.039824844
6/21/2012 6:00,0.053912637,0.053912637
6/21/2012 7:00,0.17586591,0.17586591
6/21/2012 8:00,0.302782648,0.302782648
6/21/2012 9:00,0.552169983,0.552169983
6/21/2012 10:00,1.003819459,1.003819459
6/21/2012 11:00,1.264104629,1.264104629
6/21/2012 12:00,1.581280307,1.581280307
6/21/2012 13:00,1.865654363,1.865654363
6/21/2012 14:00,1.306453774,1.932419038
6/21/2012 15:00,1.453741432,1.960040395
6/21/2012 16:00,1.468774454,1.9807856
6/21/2012 17:00,1.488311445,1.974550541
6/21/2012 18:00,1.924349764,1.962744045
6/21/2012 19:00,1.909535642,1.909535642
6/21/2012 20:00,1.464666866,1.464666866
6/21/2012 21:00,1.193455752,1.193455752
6/21/2012 22:00,0.844721046,0.844721046
6/21/2012 23:00,0.638436015,0.638436015
6/22/2012 0:00,0.46689409,0.46689409
6/22/2012 1:00,2.126349125,0.361036405
6/22/2012 2:00,2.113134212,0.282541629
6/22/2012 3:00,1.99873971,0.21507361
6/22/2012 4:00,0.168041353,0.168041353
6/22/2012 5:00,0.150566061,0.150566061
6/22/2012 6:00,0.213846619,0.213846619
6/22/2012 7:00,0.323158759,0.323158759
6/22/2012 8:00,0.572627491,0.572627491
6/22/2012 9:00,0.806680062,0.806680062
6/22/2012 10:00,1.291667524,1.291667524
6/22/2012 11:00,1.584595411,1.584595411
6/22/2012 12:00,1.980670028,1.980670028
6/22/2012 13:00,1.992688116,1.992688116
6/22/2012 14:00,1.306147288,2.043902371
6/22/2012 15:00,1.44220364,2.078257988
6/22/2012 16:00,1.460893634,2.084930174
6/22/2012 17:00,1.570232307,2.062335812
6/22/2012 18:00,2.038646255,2.038646255
6/22/2012 19:00,2.03263382,2.03263382
6/22/2012 20:00,1.919303596,1.919303596
6/22/2012 21:00,1.365785527,1.365785527
6/22/2012 22:00,0.987616914,0.987616914
6/22/2012 23:00,0.708114109,0.708114109
6/23/2012 0:00,0.540390818,0.540390818
6/23/2012 1:00,2.185697281,0.443083974
6/23/2012 2:00,2.107194094,0.319774035
6/23/2012 3:00,2.017987475,0.251768387
6/23/2012 4:00,0.20390009,0.20390009
6/23/2012 5:00,0.179582168,0.179582168
6/23/2012 6:00,0.272884804,0.272884804
6/23/2012 7:00,0.382631416,0.382631416
6/23/2012 8:00,0.846070577,0.846070577
6/23/2012 9:00,0.975805598,0.975805598
6/23/2012 10:00,1.523040494,1.523040494
6/23/2012 11:00,1.783957221,1.783957221
6/23/2012 12:00,2.047866813,2.047866813
6/23/2012 13:00,2.114464199,2.114464199
6/23/2012 14:00,1.313187154,2.155064836
6/23/2012 15:00,1.43669344,2.131836784
6/23/2012 16:00,1.46105937,2.141953408
6/23/2012 17:00,1.617381295,2.185069929
6/23/2012 18:00,2.184613767,2.184613767
6/23/2012 19:00,2.076622607,2.076622607
6/23/2012 20:00,1.98420781,1.98420781
6/23/2012 21:00,1.622113746,1.622113746
6/23/2012 22:00,1.271024562,1.271024562
6/23/2012 23:00,0.850179431,0.850179431
6/24/2012 0:00,0.6999038,0.6999038
6/24/2012 1:00,2.305203158,0.531402098
6/24/2012 2:00,2.310434897,0.43215575
6/24/2012 3:00,2.203611389,0.342925001
6/24/2012 4:00,0.293191591,0.293191591
6/24/2012 5:00,0.269506987,0.269506987
6/24/2012 6:00,0.343783017,0.343783017
6/24/2012 7:00,0.3865689,0.3865689
6/24/2012 8:00,0.536006903,0.536006903
6/24/2012 9:00,0.73747954,0.73747954
6/24/2012 10:00,1.248431497,1.248431497
6/24/2012 11:00,1.551594113,1.551594113
6/24/2012 12:00,1.920146967,1.920146967
6/24/2012 13:00,2.060746508,2.060746508
6/24/2012 14:00,1.316168579,2.06904375
6/24/2012 15:00,1.450554789,2.13452949
6/24/2012 16:00,1.475755678,2.173669199
6/24/2012 17:00,1.778572747,2.098385939
6/24/2012 18:00,2.019511834,2.019511834
6/24/2012 19:00,1.959868581,1.959868581
6/24/2012 20:00,1.851092622,1.851092622
6/24/2012 21:00,1.384937622,1.384937622
6/24/2012 22:00,1.047007913,1.047007913
6/24/2012 23:00,0.785623125,0.785623125
6/25/2012 0:00,0.631155564,0.631155564
6/25/2012 1:00,2.289959497,0.51286721
6/25/2012 2:00,2.28068849,0.430232689
6/25/2012 3:00,2.146847675,0.34953917
6/25/2012 4:00,0.292919746,0.292919746
6/25/2012 5:00,0.274735483,0.274735483
6/25/2012 6:00,0.363830738,0.363830738
6/25/2012 7:00,0.388936878,0.388936878
6/25/2012 8:00,0.423821503,0.423821503
6/25/2012 9:00,0.661095556,0.661095556
6/25/2012 10:00,1.10680463,1.10680463
6/25/2012 11:00,1.400588218,1.400588218
6/25/2012 12:00,1.762937998,1.762937998
6/25/2012 13:00,2.085435506,2.085435506
6/25/2012 14:00,1.31464537,2.143794627
6/25/2012 15:00,1.462227996,2.184531034
6/25/2012 16:00,1.489815983,2.216575129
6/25/2012 17:00,1.81777136,2.216138754
6/25/2012 18:00,2.214697483,2.214697483
6/25/2012 19:00,2.197925012,2.197925012
6/25/2012 20:00,2.12846578,2.12846578
6/25/2012 21:00,1.984462473,1.984462473
6/25/2012 22:00,1.789091917,1.789091917
6/25/2012 23:00,1.351077148,1.351077148
6/26/2012 0:00,1.049179317,1.049179317
6/26/2012 1:00,2.5446085,0.916309958
6/26/2012 2:00,2.411278502,0.757242126
6/26/2012 3:00,2.346104522,0.680910913
6/26/2012 4:00,0.647551748,0.647551748
6/26/2012 5:00,0.557097445,0.557097445
6/26/2012 6:00,0.668902561,0.668902561
6/26/2012 7:00,0.743738829,0.743738829
6/26/2012 8:00,1.051566589,1.051566589
6/26/2012 9:00,1.232743801,1.232743801
6/26/2012 10:00,1.652974484,1.652974484
6/26/2012 11:00,1.738111878,1.738111878
6/26/2012 12:00,1.954091004,1.954091004
6/26/2012 13:00,2.030837231,2.030837231
6/26/2012 14:00,1.357381935,2.095686878
6/26/2012 15:00,1.477304382,2.150033228
6/26/2012 16:00,1.498654896,2.136745529
6/26/2012 17:00,2.123701433,2.123701433
6/26/2012 18:00,2.092344762,2.092344762
6/26/2012 19:00,2.051151837,2.051151837
6/26/2012 20:00,1.985083602,1.985083602
6/26/2012 21:00,1.533883193,1.533883193
6/26/2012 22:00,1.004399275,1.004399275
6/26/2012 23:00,0.738212627,0.738212627
6/27/2012 0:00,0.543418759,0.543418759
6/27/2012 1:00,2.108081097,0.391780063
6/27/2012 2:00,2.059385984,0.294054535
6/27/2012 3:00,1.902932735,0.208837589
6/27/2012 4:00,0.151272028,0.151272028
6/27/2012 5:00,0.155662807,0.155662807
6/27/2012 6:00,0.200168942,0.200168942
6/27/2012 7:00,0.4242199,0.4242199
6/27/2012 8:00,0.457067834,0.457067834
6/27/2012 9:00,0.637351015,0.637351015
6/27/2012 10:00,1.029927739,1.029927739
6/27/2012 11:00,1.25344516,1.25344516
6/27/2012 12:00,1.593947275,1.593947275
6/27/2012 13:00,1.766662604,1.766662604
6/27/2012 14:00,1.31954449,1.997291722
6/27/2012 15:00,1.452120731,2.050844382
6/27/2012 16:00,1.466864473,2.074875129
6/27/2012 17:00,1.5635946,2.127576318
6/27/2012 18:00,2.167728754,2.167728754
6/27/2012 19:00,2.130772235,2.130772235
6/27/2012 20:00,1.990439944,1.990439944
6/27/2012 21:00,1.712906651,1.712906651
6/27/2012 22:00,1.264504684,1.264504684
6/27/2012 23:00,0.73411892,0.73411892
6/28/2012 0:00,0.539134606,0.539134606
6/28/2012 1:00,2.105271147,0.381617105
6/28/2012 2:00,2.07486785,0.286013887
6/28/2012 3:00,1.988919119,0.217534782
6/28/2012 4:00,0.168684711,0.168684711
6/28/2012 5:00,0.156068383,0.156068383
6/28/2012 6:00,0.251000903,0.251000903
6/28/2012 7:00,0.361308061,0.361308061
6/28/2012 8:00,0.68463513,0.68463513
6/28/2012 9:00,0.974947938,0.974947938
6/28/2012 10:00,1.387997189,1.387997189
6/28/2012 11:00,1.701985807,1.701985807
6/28/2012 12:00,2.028928613,2.028928613
6/28/2012 13:00,2.121774657,2.121774657
6/28/2012 14:00,1.332195992,2.193573309
6/28/2012 15:00,1.46611512,2.267779092
6/28/2012 16:00,1.487793863,2.300388866
6/28/2012 17:00,1.571351284,2.313072688
6/28/2012 18:00,2.341528727,2.341528727
6/28/2012 19:00,2.310112859,2.310112859
6/28/2012 20:00,2.222405109,2.222405109
6/28/2012 21:00,2.048294998,2.048294998
6/28/2012 22:00,1.727138954,1.727138954
6/28/2012 23:00,1.14323856,1.14323856
6/29/2012 0:00,0.798903117,0.798903117
6/29/2012 1:00,2.281408319,0.57674511
6/29/2012 2:00,2.250325567,0.440253007
6/29/2012 3:00,2.150190738,0.339632636
6/29/2012 4:00,0.272066285,0.272066285
6/29/2012 5:00,0.244406765,0.244406765
6/29/2012 6:00,0.373811362,0.373811362
6/29/2012 7:00,0.47702962,0.47702962
6/29/2012 8:00,0.689962087,0.689962087
6/29/2012 9:00,1.101195924,1.101195924
6/29/2012 10:00,1.820485071,1.820485071
6/29/2012 11:00,2.046660558,2.046660558
6/29/2012 12:00,2.139108015,2.139108015
6/29/2012 13:00,2.191869608,2.191869608
6/29/2012 14:00,1.37579377,2.259023141
6/29/2012 15:00,1.480869236,2.334579784
6/29/2012 16:00,1.502617828,2.369950964
6/29/2012 17:00,1.843245577,2.379998334
6/29/2012 18:00,2.391108783,2.391108783
6/29/2012 19:00,2.34811313,2.34811313
6/29/2012 20:00,2.216873638,2.216873638
6/29/2012 21:00,2.017814906,2.017814906
6/29/2012 22:00,1.77676722,1.77676722
6/29/2012 23:00,1.187032467,1.187032467
6/30/2012 0:00,0.838197383,0.838197383
6/30/2012 1:00,2.346335451,0.610497732
6/30/2012 2:00,2.302259774,0.470857094
6/30/2012 3:00,2.210307767,0.373087385
6/30/2012 4:00,0.313104076,0.313104076
6/30/2012 5:00,0.289352941,0.289352941
6/30/2012 6:00,0.455520713,0.455520713
6/30/2012 7:00,0.55079709,0.55079709
6/30/2012 8:00,0.773584526,0.773584526
6/30/2012 9:00,1.205149604,1.205149604
6/30/2012 10:00,1.91483657,1.91483657
6/30/2012 11:00,2.107106892,2.107106892
6/30/2012 12:00,2.204768348,2.204768348
6/30/2012 13:00,2.268063976,2.268063976
6/30/2012 14:00,1.417355785,2.334967535
6/30/2012 15:00,1.487976665,2.349531257
6/30/2012 16:00,1.50822344,2.36332298
6/30/2012 17:00,1.927711045,2.390344141
6/30/2012 18:00,2.402861114,2.402861114
6/30/2012 19:00,2.359851419,2.359851419
6/30/2012 20:00,2.268216868,2.268216868
6/30/2012 21:00,2.171980727,2.171980727
6/30/2012 22:00,2.086853661,2.086853661
6/30/2012 23:00,1.905984623,1.905984623
7/1/2012 0:00,1.307829941,1.307829941
7/1/2012 1:00,2.554627852,0.958072538
7/1/2012 2:00,2.46591801,0.734251561
7/1/2012 3:00,2.36950562,0.59312033
7/1/2012 4:00,0.486276126,0.486276126
7/1/2012 5:00,0.432119321,0.432119321
7/1/2012 6:00,0.553606818,0.553606818
7/1/2012 7:00,0.603469238,0.603469238
7/1/2012 8:00,0.852334246,0.852334246
7/1/2012 9:00,1.393679551,1.393679551
7/1/2012 10:00,1.940596659,1.940596659
7/1/2012 11:00,2.106827104,2.106827104
7/1/2012 12:00,2.239000812,2.239000812
7/1/2012 13:00,2.318195736,2.318195736
7/1/2012 14:00,1.444825319,2.375941115
7/1/2012 15:00,1.517193602,2.419987269
7/1/2012 16:00,1.538173833,2.402372039
7/1/2012 17:00,2.201176013,2.256152605
7/1/2012 18:00,2.123644598,2.123644598
7/1/2012 19:00,2.044973224,2.044973224
7/1/2012 20:00,2.003342676,2.003342676
7/1/2012 21:00,1.940895327,1.940895327
7/1/2012 22:00,1.577257551,1.577257551
7/1/2012 23:00,1.105413541,1.105413541
7/2/2012 0:00,0.824598143,0.824598143
7/2/2012 1:00,2.399128553,0.702808316
7/2/2012 2:00,2.420200177,0.63399543
7/2/2012 3:00,2.322278506,0.524266098
7/2/2012 4:00,0.452372276,0.452372276
7/2/2012 5:00,0.435603455,0.435603455
7/2/2012 6:00,0.670691637,0.670691637
7/2/2012 7:00,0.99085479,0.99085479
7/2/2012 8:00,1.034528496,1.034528496
7/2/2012 9:00,1.047214226,1.047214226
7/2/2012 10:00,1.169808542,1.169808542
7/2/2012 11:00,1.159719317,1.159719317
7/2/2012 12:00,1.205668239,1.205668239
7/2/2012 13:00,1.310780629,1.310780629
7/2/2012 14:00,1.188162566,1.516757462
7/2/2012 15:00,1.409451702,1.681269261
7/2/2012 16:00,1.512897499,1.8030858
7/2/2012 17:00,1.746665609,1.824312681
7/2/2012 18:00,1.880825487,1.880825487
7/2/2012 19:00,1.852525528,1.852525528
7/2/2012 20:00,1.443418012,1.443418012
7/2/2012 21:00,1.141598515,1.141598515
7/2/2012 22:00,0.895078532,0.895078532
7/2/2012 23:00,0.685197299,0.685197299
7/3/2012 0:00,0.526811154,0.526811154
7/3/2012 1:00,2.187295154,0.428989958
7/3/2012 2:00,2.198582565,0.353829526
7/3/2012 3:00,2.123942543,0.29313017
7/3/2012 4:00,0.261900062,0.261900062
7/3/2012 5:00,0.243744617,0.243744617
7/3/2012 6:00,0.392072632,0.392072632
7/3/2012 7:00,0.494915373,0.494915373
7/3/2012 8:00,0.693163334,0.693163334
7/3/2012 9:00,0.985630757,0.985630757
7/3/2012 10:00,1.579724189,1.579724189
7/3/2012 11:00,1.838035298,1.838035298
7/3/2012 12:00,2.014257935,2.014257935
7/3/2012 13:00,2.066427678,2.066427678
7/3/2012 14:00,1.303357007,2.132724933
7/3/2012 15:00,1.446961461,2.163578907
7/3/2012 16:00,1.469114699,2.182521001
7/3/2012 17:00,1.679505571,2.196865683
7/3/2012 18:00,2.189619391,2.189619391
7/3/2012 19:00,2.160100537,2.160100537
7/3/2012 20:00,2.085301187,2.085301187
7/3/2012 21:00,1.875905116,1.875905116
7/3/2012 22:00,1.444078789,1.444078789
7/3/2012 23:00,1.114807997,1.114807997
7/4/2012 0:00,0.860855643,0.860855643
7/4/2012 1:00,2.298833922,0.67108266
7/4/2012 2:00,2.259297833,0.542920234
7/4/2012 3:00,2.1749963,0.455209756
7/4/2012 4:00,0.400857108,0.400857108
7/4/2012 5:00,0.374081366,0.374081366
7/4/2012 6:00,0.475678264,0.475678264
7/4/2012 7:00,0.52929511,0.52929511
7/4/2012 8:00,0.982399839,0.982399839
7/4/2012 9:00,1.008118073,1.008118073
7/4/2012 10:00,1.425276354,1.425276354
7/4/2012 11:00,1.677424693,1.677424693
7/4/2012 12:00,1.98466578,1.98466578
7/4/2012 13:00,2.081746617,2.081746617
7/4/2012 14:00,1.321847076,2.128867011
7/4/2012 15:00,1.458292354,2.16308024
7/4/2012 16:00,1.484268148,2.193159792
7/4/2012 17:00,1.899875463,2.15695235
7/4/2012 18:00,2.056945375,2.056945375
7/4/2012 19:00,1.967902037,1.967902037
7/4/2012 20:00,1.90875874,1.90875874
7/4/2012 21:00,1.632151075,1.632151075
7/4/2012 22:00,1.175326878,1.175326878
7/4/2012 23:00,0.906308909,0.906308909
7/5/2012 0:00,0.762624724,0.762624724
7/5/2012 1:00,2.367911203,0.679089515
7/5/2012 2:00,2.346238169,0.594556981
7/5/2012 3:00,2.251476751,0.510315966
7/5/2012 4:00,0.44832073,0.44832073
7/5/2012 5:00,0.584043137,0.584043137
7/5/2012 6:00,0.504081412,0.504081412
7/5/2012 7:00,0.47008869,0.47008869
7/5/2012 8:00,0.537748478,0.537748478
7/5/2012 9:00,0.812220475,0.812220475
7/5/2012 10:00,1.095658154,1.095658154
7/5/2012 11:00,1.310924794,1.310924794
7/5/2012 12:00,1.761174636,1.761174636
7/5/2012 13:00,2.071490503,2.071490503
7/5/2012 14:00,1.334167709,2.143844035
7/5/2012 15:00,1.468059266,2.175055028
7/5/2012 16:00,1.500786632,2.213624421
7/5/2012 17:00,2.010666526,2.203902054
7/5/2012 18:00,2.166666655,2.166666655
7/5/2012 19:00,2.119591685,2.119591685
7/5/2012 20:00,1.986405763,1.986405763
7/5/2012 21:00,1.685057148,1.685057148
7/5/2012 22:00,1.203451535,1.203451535
7/5/2012 23:00,0.833295546,0.833295546
7/6/2012 0:00,0.595003691,0.595003691
7/6/2012 1:00,2.112755191,0.456684669
7/6/2012 2:00,2.108703082,0.364475177
7/6/2012 3:00,2.052600955,0.294638977
7/6/2012 4:00,0.247874108,0.247874108
7/6/2012 5:00,0.230912166,0.230912166
7/6/2012 6:00,0.303291973,0.303291973
7/6/2012 7:00,0.436736354,0.436736354
7/6/2012 8:00,0.404563,0.404563
7/6/2012 9:00,0.669858215,0.669858215
7/6/2012 10:00,1.250714029,1.250714029
7/6/2012 11:00,1.660661803,1.660661803
7/6/2012 12:00,1.939958733,1.939958733
7/6/2012 13:00,2.052141549,2.052141549
7/6/2012 14:00,1.310931958,2.114341856
7/6/2012 15:00,1.453804703,2.176065754
7/6/2012 16:00,1.481870026,2.226001343
7/6/2012 17:00,1.690880005,2.260711411
7/6/2012 18:00,2.238363264,2.238363264
7/6/2012 19:00,2.191202809,2.191202809
7/6/2012 20:00,2.076108021,2.076108021
7/6/2012 21:00,1.740326826,1.740326826
7/6/2012 22:00,1.317556857,1.317556857
7/6/2012 23:00,1.006097341,1.006097341
7/7/2012 0:00,0.766865976,0.766865976
7/7/2012 1:00,2.266805674,0.636967072
7/7/2012 2:00,2.274834101,0.540211864
7/7/2012 3:00,2.229870299,0.480549242
7/7/2012 4:00,0.419196621,0.419196621
7/7/2012 5:00,0.396153713,0.396153713
7/7/2012 6:00,0.499940203,0.499940203
7/7/2012 7:00,0.446850795,0.446850795
7/7/2012 8:00,0.466335993,0.466335993
7/7/2012 9:00,0.513063114,0.513063114
7/7/2012 10:00,0.682239397,0.682239397
7/7/2012 11:00,0.782332956,0.782332956
7/7/2012 12:00,0.937368281,0.937368281
7/7/2012 13:00,1.286541207,1.286541207
7/7/2012 14:00,1.192811679,1.760182525
7/7/2012 15:00,1.388487558,1.916836245
7/7/2012 16:00,1.407626228,1.906290339
7/7/2012 17:00,1.744230173,2.002178291
7/7/2012 18:00,1.793640697,1.793640697
7/7/2012 19:00,1.626753873,1.626753873
7/7/2012 20:00,1.379187488,1.379187488
7/7/2012 21:00,1.111555159,1.111555159
7/7/2012 22:00,0.918495684,0.918495684
7/7/2012 23:00,0.726888219,0.726888219
7/8/2012 0:00,0.616639824,0.616639824
7/8/2012 1:00,2.327807963,0.569366525
7/8/2012 2:00,2.377089368,0.582117834
7/8/2012 3:00,2.324776895,0.541707951
7/8/2012 4:00,0.530902642,0.530902642
7/8/2012 5:00,0.518282019,0.518282019
7/8/2012 6:00,0.630583001,0.630583001
7/8/2012 7:00,0.607107827,0.607107827
7/8/2012 8:00,0.635106302,0.635106302
7/8/2012 9:00,0.818889905,0.818889905
7/8/2012 10:00,1.288412265,1.288412265
7/8/2012 11:00,1.475566127,1.475566127
7/8/2012 12:00,1.883899233,1.883899233
7/8/2012 13:00,2.04028783,2.04028783
7/8/2012 14:00,1.33777238,2.07492414
7/8/2012 15:00,1.462673656,2.080640115
7/8/2012 16:00,1.493250253,2.1108472
7/8/2012 17:00,1.955899606,2.133794682
7/8/2012 18:00,2.152743957,2.152743957
7/8/2012 19:00,2.100268288,2.100268288
7/8/2012 20:00,1.998800314,1.998800314
7/8/2012 21:00,1.935289369,1.935289369
7/8/2012 22:00,1.546856709,1.546856709
7/8/2012 23:00,1.251608116,1.251608116
7/9/2012 0:00,0.93320839,0.93320839
7/9/2012 1:00,2.359479423,0.76636143
7/9/2012 2:00,2.341997609,0.637529476
7/9/2012 3:00,2.281243707,0.576453199
7/9/2012 4:00,0.527272995,0.527272995
7/9/2012 5:00,0.523750576,0.523750576
7/9/2012 6:00,0.764303263,0.764303263
7/9/2012 7:00,0.652225143,0.652225143
7/9/2012 8:00,0.88191932,0.88191932
7/9/2012 9:00,1.047971881,1.047971881
7/9/2012 10:00,1.531778345,1.531778345
7/9/2012 11:00,1.728895581,1.728895581
7/9/2012 12:00,1.888124402,1.888124402
7/9/2012 13:00,1.954189756,1.954189756
7/9/2012 14:00,1.330813662,1.95446566
7/9/2012 15:00,1.449592111,1.994355156
7/9/2012 16:00,1.431112686,1.947784939
7/9/2012 17:00,1.906019405,2.016766827
7/9/2012 18:00,2.035656595,2.035656595
7/9/2012 19:00,1.968347412,1.968347412
7/9/2012 20:00,1.68808806,1.68808806
7/9/2012 21:00,1.286764908,1.286764908
7/9/2012 22:00,0.954532606,0.954532606
7/9/2012 23:00,0.703131439,0.703131439
7/10/2012 0:00,0.602181843,0.602181843
7/10/2012 1:00,2.180298879,0.487659315
7/10/2012 2:00,2.174865644,0.399684585
7/10/2012 3:00,2.119919567,0.336767302
7/10/2012 4:00,0.301325717,0.301325717
7/10/2012 5:00,0.289175322,0.289175322
7/10/2012 6:00,0.408310512,0.408310512
7/10/2012 7:00,0.523334235,0.523334235
7/10/2012 8:00,0.701319927,0.701319927
7/10/2012 9:00,0.942641021,0.942641021
7/10/2012 10:00,1.409388273,1.409388273
7/10/2012 11:00,1.691151064,1.691151064
7/10/2012 12:00,1.908971891,1.908971891
7/10/2012 13:00,1.940583793,1.940583793
7/10/2012 14:00,1.331516078,2.017075901
7/10/2012 15:00,1.45226655,2.098993937
7/10/2012 16:00,1.477817178,2.069948923
7/10/2012 17:00,1.725937615,2.042328603
7/10/2012 18:00,1.799135474,1.799135474
7/10/2012 19:00,1.60762181,1.60762181
7/10/2012 20:00,1.110530027,1.110530027
7/10/2012 21:00,0.971130889,0.971130889
7/10/2012 22:00,0.630132592,0.630132592
7/10/2012 23:00,0.487232041,0.487232041
7/11/2012 0:00,0.397285637,0.397285637
7/11/2012 1:00,2.042138078,0.354145123
7/11/2012 2:00,2.037148796,0.296293824
7/11/2012 3:00,2.002341418,0.263234375
7/11/2012 4:00,0.23909166,0.23909166
7/11/2012 5:00,0.239399271,0.239399271
7/11/2012 6:00,0.305055035,0.305055035
7/11/2012 7:00,0.401774358,0.401774358
7/11/2012 8:00,0.490396379,0.490396379
7/11/2012 9:00,0.671313668,0.671313668
7/11/2012 10:00,0.941614368,0.941614368
7/11/2012 11:00,1.178651278,1.178651278
7/11/2012 12:00,1.382127461,1.382127461
7/11/2012 13:00,1.620017238,1.620017238
7/11/2012 14:00,1.342612494,1.822769636
7/11/2012 15:00,1.48007162,1.854080501
7/11/2012 16:00,1.484098867,1.742790875
7/11/2012 17:00,1.553579277,1.659354448
7/11/2012 18:00,1.493870985,1.493870985
7/11/2012 19:00,1.000661485,1.000661485
7/11/2012 20:00,0.744167924,0.744167924
7/11/2012 21:00,0.602250886,0.602250886
7/11/2012 22:00,0.467510539,0.467510539
7/11/2012 23:00,0.358941525,0.358941525
7/12/2012 0:00,0.281921984,0.281921984
7/12/2012 1:00,1.954989463,0.232076009
7/12/2012 2:00,1.975405247,0.197706505
7/12/2012 3:00,1.933639117,0.172592846
7/12/2012 4:00,0.153797306,0.153797306
7/12/2012 5:00,0.151953805,0.151953805
7/12/2012 6:00,0.210844189,0.210844189
7/12/2012 7:00,0.319093103,0.319093103
7/12/2012 8:00,0.44977312,0.44977312
7/12/2012 9:00,0.619484842,0.619484842
7/12/2012 10:00,0.799982143,0.799982143
7/12/2012 11:00,0.909856117,0.909856117
7/12/2012 12:00,1.216965228,1.216965228
7/12/2012 13:00,1.287137346,1.287137346
7/12/2012 14:00,1.078605689,1.367241217
7/12/2012 15:00,1.301307396,1.507496942
7/12/2012 16:00,1.35019269,1.53954134
7/12/2012 17:00,1.288061803,1.424694462
7/12/2012 18:00,1.19781057,1.243272498
7/12/2012 19:00,1.032061093,1.032061093
7/12/2012 20:00,0.761986229,0.761986229
7/12/2012 21:00,0.615463691,0.615463691
7/12/2012 22:00,0.528128011,0.528128011
7/12/2012 23:00,0.36475067,0.36475067
7/13/2012 0:00,0.286736584,0.286736584
7/13/2012 1:00,1.989157268,0.244705867
7/13/2012 2:00,2.002308929,0.209587089
7/13/2012 3:00,1.948303245,0.187091093
7/13/2012 4:00,0.192078239,0.192078239
7/13/2012 5:00,0.212096959,0.212096959
7/13/2012 6:00,0.226097861,0.226097861
7/13/2012 7:00,0.324078618,0.324078618
7/13/2012 8:00,0.453357838,0.453357838
7/13/2012 9:00,0.648283378,0.648283378
7/13/2012 10:00,0.972196328,0.972196328
7/13/2012 11:00,1.105900529,1.105900529
7/13/2012 12:00,1.380055333,1.380055333
7/13/2012 13:00,1.67775073,1.67775073
7/13/2012 14:00,1.299038899,1.906750509
7/13/2012 15:00,1.447618714,1.913417667
7/13/2012 16:00,1.464963763,1.930110513
7/13/2012 17:00,1.493249644,1.936879043
7/13/2012 18:00,1.920685714,1.920685714
7/13/2012 19:00,1.64138202,1.64138202
7/13/2012 20:00,1.244663335,1.244663335
7/13/2012 21:00,0.923764111,0.923764111
7/13/2012 22:00,0.74407736,0.74407736
7/13/2012 23:00,0.601385533,0.601385533
7/14/2012 0:00,0.532616566,0.532616566
7/14/2012 1:00,2.178753301,0.450290477
7/14/2012 2:00,2.176251495,0.408101762
7/14/2012 3:00,2.12737665,0.375016206
7/14/2012 4:00,0.441616988,0.441616988
7/14/2012 5:00,0.305801892,0.305801892
7/14/2012 6:00,0.390138876,0.390138876
7/14/2012 7:00,0.484835048,0.484835048
7/14/2012 8:00,0.643803455,0.643803455
7/14/2012 9:00,0.881401993,0.881401993
7/14/2012 10:00,1.233340531,1.233340531
7/14/2012 11:00,1.458226563,1.458226563
7/14/2012 12:00,1.508780948,1.508780948
7/14/2012 13:00,1.619613883,1.619613883
7/14/2012 14:00,1.304305498,1.714063152
7/14/2012 15:00,1.476726947,1.823391629
7/14/2012 16:00,1.483397489,1.903689233
7/14/2012 17:00,1.705571922,1.972395106
7/14/2012 18:00,1.948792391,1.948792391
7/14/2012 19:00,1.674995928,1.674995928
7/14/2012 20:00,1.177792074,1.177792074
7/14/2012 21:00,0.920449246,0.920449246
7/14/2012 22:00,0.703877031,0.703877031
7/14/2012 23:00,0.529722536,0.529722536
7/15/2012 0:00,0.407819804,0.407819804
7/15/2012 1:00,2.063282289,0.329072276
7/15/2012 2:00,2.090507467,0.269653405
7/15/2012 3:00,2.063753634,0.235335442
7/15/2012 4:00,0.210373391,0.210373391
7/15/2012 5:00,0.198738529,0.198738529
7/15/2012 6:00,0.400192582,0.400192582
7/15/2012 7:00,0.337080817,0.337080817
7/15/2012 8:00,0.46246397,0.46246397
7/15/2012 9:00,0.690884939,0.690884939
7/15/2012 10:00,1.125768061,1.125768061
7/15/2012 11:00,1.307338882,1.307338882
7/15/2012 12:00,1.571377404,1.571377404
7/15/2012 13:00,1.860522766,1.860522766
7/15/2012 14:00,1.315940109,1.937402016
7/15/2012 15:00,1.447985166,1.97873871
7/15/2012 16:00,1.469334891,1.935816963
7/15/2012 17:00,1.57436274,1.897404174
7/15/2012 18:00,1.86749164,1.86749164
7/15/2012 19:00,1.751573149,1.751573149
7/15/2012 20:00,1.3115247,1.3115247
7/15/2012 21:00,1.021212936,1.021212936
7/15/2012 22:00,0.813118541,0.813118541
7/15/2012 23:00,0.695922295,0.695922295
7/16/2012 0:00,0.550615903,0.550615903
7/16/2012 1:00,2.23892419,0.477765551
7/16/2012 2:00,2.244561998,0.416821216
7/16/2012 3:00,2.152707707,0.360526284
7/16/2012 4:00,0.321568203,0.321568203
7/16/2012 5:00,0.296209306,0.296209306
7/16/2012 6:00,0.378151204,0.378151204
7/16/2012 7:00,0.467322122,0.467322122
7/16/2012 8:00,0.586259102,0.586259102
7/16/2012 9:00,0.925574057,0.925574057
7/16/2012 10:00,1.402467432,1.402467432
7/16/2012 11:00,1.557539076,1.557539076
7/16/2012 12:00,1.887734126,1.887734126
7/16/2012 13:00,1.974421947,1.974421947
7/16/2012 14:00,1.328815527,1.918290848
7/16/2012 15:00,1.480249625,1.807577748
7/16/2012 16:00,1.511678763,1.754270733
7/16/2012 17:00,1.648348935,1.732237565
7/16/2012 18:00,1.508876636,1.508876636
7/16/2012 19:00,1.239033645,1.239033645
7/16/2012 20:00,0.962817678,0.962817678
7/16/2012 21:00,0.796193722,0.796193722
7/16/2012 22:00,0.628165366,0.628165366
7/16/2012 23:00,0.499926585,0.499926585
7/17/2012 0:00,0.547151328,0.547151328
7/17/2012 1:00,2.128142556,0.335493766
7/17/2012 2:00,2.168970547,0.285674956
7/17/2012 3:00,2.11080193,0.250206784
7/17/2012 4:00,0.227196094,0.227196094
7/17/2012 5:00,0.225768122,0.225768122
7/17/2012 6:00,0.3062737,0.3062737
7/17/2012 7:00,0.360546829,0.360546829
7/17/2012 8:00,0.45646749,0.45646749
7/17/2012 9:00,0.620702602,0.620702602
7/17/2012 10:00,0.881569274,0.881569274
7/17/2012 11:00,0.965353613,0.965353613
7/17/2012 12:00,1.207713394,1.207713394
7/17/2012 13:00,1.290647519,1.290647519
7/17/2012 14:00,0.860705271,1.206783691
7/17/2012 15:00,0.870914015,1.105602256
7/17/2012 16:00,0.844301397,1.086481354
7/17/2012 17:00,1.001521715,1.298115651
7/17/2012 18:00,0.927007683,1.194603635
7/17/2012 19:00,0.930401974,1.152925685
7/17/2012 20:00,0.990788165,0.990788165
7/17/2012 21:00,0.885779297,0.885779297
7/17/2012 22:00,0.76226619,0.76226619
7/17/2012 23:00,0.630975064,0.630975064
7/18/2012 0:00,0.540419576,0.540419576
7/18/2012 1:00,2.196111356,0.469077336
7/18/2012 2:00,2.153051299,0.371488754
7/18/2012 3:00,2.070062768,0.312535325
7/18/2012 4:00,0.276047863,0.276047863
7/18/2012 5:00,0.266349463,0.266349463
7/18/2012 6:00,0.41284596,0.41284596
7/18/2012 7:00,0.334211683,0.334211683
7/18/2012 8:00,0.458670388,0.458670388
7/18/2012 9:00,0.578198811,0.578198811
7/18/2012 10:00,0.781842044,0.781842044
7/18/2012 11:00,0.846697358,0.846697358
7/18/2012 12:00,1.018511122,1.018511122
7/18/2012 13:00,1.160020016,1.160020016
7/18/2012 14:00,1.036517675,1.286774326
7/18/2012 15:00,1.191595122,1.398176809
7/18/2012 16:00,1.272305915,1.503101039
7/18/2012 17:00,1.380487528,1.613152997
7/18/2012 18:00,1.339094355,1.370494913
7/18/2012 19:00,1.204722282,1.204722282
7/18/2012 20:00,0.9495448,0.9495448
7/18/2012 21:00,0.790636426,0.790636426
7/18/2012 22:00,0.604729866,0.604729866
7/18/2012 23:00,0.462170245,0.462170245
7/19/2012 0:00,0.35555844,0.35555844
7/19/2012 1:00,2.030314834,0.287706261
7/19/2012 2:00,2.051643917,0.246617669
7/19/2012 3:00,2.003041184,0.226703828
7/19/2012 4:00,0.219351964,0.219351964
7/19/2012 5:00,0.238290737,0.238290737
7/19/2012 6:00,0.334428674,0.334428674
7/19/2012 7:00,0.446843986,0.446843986
7/19/2012 8:00,0.623614924,0.623614924
7/19/2012 9:00,0.819546745,0.819546745
7/19/2012 10:00,1.037722798,1.037722798
7/19/2012 11:00,1.136979373,1.136979373
7/19/2012 12:00,1.296340715,1.296340715
7/19/2012 13:00,1.4274917,1.4274917
7/19/2012 14:00,1.153603383,1.664319299
7/19/2012 15:00,1.428006045,1.922451783
7/19/2012 16:00,1.461088534,1.988188745
7/19/2012 17:00,1.481811535,2.014929498
7/19/2012 18:00,1.977642737,1.988881202
7/19/2012 19:00,1.945255911,1.945255911
7/19/2012 20:00,1.658072658,1.658072658
7/19/2012 21:00,1.352589823,1.352589823
7/19/2012 22:00,1.11724485,1.11724485
7/19/2012 23:00,0.894444401,0.894444401
7/20/2012 0:00,0.727494484,0.727494484
7/20/2012 1:00,2.318927157,0.651370904
7/20/2012 2:00,2.310242316,0.584581379
7/20/2012 3:00,2.25373589,0.51372645
7/20/2012 4:00,0.45222663,0.45222663
7/20/2012 5:00,0.434117256,0.434117256
7/20/2012 6:00,0.564470895,0.564470895
7/20/2012 7:00,0.806078317,0.806078317
7/20/2012 8:00,0.758304257,0.758304257
7/20/2012 9:00,0.860687183,0.860687183
7/20/2012 10:00,1.117468671,1.117468671
7/20/2012 11:00,1.380637786,1.380637786
7/20/2012 12:00,1.653985182,1.653985182
7/20/2012 13:00,1.805305123,1.805305123
7/20/2012 14:00,1.367264816,1.830699354
7/20/2012 15:00,1.48393981,1.862995395
7/20/2012 16:00,1.502269058,1.878951706
7/20/2012 17:00,1.808593831,1.87683549
7/20/2012 18:00,1.838369989,1.838369989
7/20/2012 19:00,1.483922319,1.483922319
7/20/2012 20:00,1.15486835,1.15486835
7/20/2012 21:00,0.990856303,0.990856303
7/20/2012 22:00,0.815476086,0.815476086
7/20/2012 23:00,0.686302681,0.686302681
7/21/2012 0:00,0.608104904,0.608104904
7/21/2012 1:00,2.292092357,0.558292145
7/21/2012 2:00,2.29105895,0.485155481
7/21/2012 3:00,2.220041769,0.432577489
7/21/2012 4:00,0.416869571,0.416869571
7/21/2012 5:00,0.41189649,0.41189649
7/21/2012 6:00,0.523910094,0.523910094
7/21/2012 7:00,0.656560213,0.656560213
7/21/2012 8:00,0.793592073,0.793592073
7/21/2012 9:00,0.950472993,0.950472993
7/21/2012 10:00,1.22437759,1.22437759
7/21/2012 11:00,1.3438056,1.3438056
7/21/2012 12:00,1.591181581,1.591181581
7/21/2012 13:00,1.709550261,1.709550261
7/21/2012 14:00,1.325586917,1.849830121
7/21/2012 15:00,1.478754743,1.883414508
7/21/2012 16:00,1.486693003,1.832826837
7/21/2012 17:00,1.726772418,1.848607804
7/21/2012 18:00,1.753694384,1.753694384
7/21/2012 19:00,1.322579318,1.322579318
7/21/2012 20:00,1.191652227,1.191652227
7/21/2012 21:00,1.000387437,1.000387437
7/21/2012 22:00,0.677339321,0.677339321
7/21/2012 23:00,0.545364917,0.545364917
7/22/2012 0:00,0.436504801,0.436504801
7/22/2012 1:00,2.120638862,0.35901264
7/22/2012 2:00,2.142009216,0.31770779
7/22/2012 3:00,2.090077147,0.289350346
7/22/2012 4:00,0.251188046,0.251188046
7/22/2012 5:00,0.316194176,0.316194176
7/22/2012 6:00,0.343406273,0.343406273
7/22/2012 7:00,0.3974458,0.3974458
7/22/2012 8:00,0.543017397,0.543017397
7/22/2012 9:00,0.821282661,0.821282661
7/22/2012 10:00,1.203131634,1.203131634
7/22/2012 11:00,1.351590954,1.351590954
7/22/2012 12:00,1.560730232,1.560730232
7/22/2012 13:00,1.73696978,1.73696978
7/22/2012 14:00,1.203159283,1.780883874
7/22/2012 15:00,1.306188471,1.795953703
7/22/2012 16:00,1.444148781,1.9949001
7/22/2012 17:00,1.500104998,2.04422184
7/22/2012 18:00,2.02236229,2.02236229
7/22/2012 19:00,1.903042064,1.903042064
7/22/2012 20:00,1.528372011,1.528372011
7/22/2012 21:00,1.196529387,1.196529387
7/22/2012 22:00,0.931984189,0.931984189
7/22/2012 23:00,0.753587807,0.753587807
7/23/2012 0:00,0.615009618,0.615009618
7/23/2012 1:00,2.257132746,0.508747526
7/23/2012 2:00,2.233443925,0.420840047
7/23/2012 3:00,2.13730837,0.361748856
7/23/2012 4:00,0.303731328,0.303731328
7/23/2012 5:00,0.284569377,0.284569377
7/23/2012 6:00,0.46330031,0.46330031
7/23/2012 7:00,0.611123971,0.611123971
7/23/2012 8:00,0.607739035,0.607739035
7/23/2012 9:00,0.926255463,0.926255463
7/23/2012 10:00,1.548840333,1.548840333
7/23/2012 11:00,1.774597054,1.774597054
7/23/2012 12:00,1.954015746,1.954015746
7/23/2012 13:00,2.042620993,2.042620993
7/23/2012 14:00,1.316531629,2.071825587
7/23/2012 15:00,1.440948313,2.097948101
7/23/2012 16:00,1.459472827,2.127492333
7/23/2012 17:00,1.761850665,2.143479562
7/23/2012 18:00,2.158355393,2.158355393
7/23/2012 19:00,2.100104284,2.100104284
7/23/2012 20:00,2.009318679,2.009318679
7/23/2012 21:00,1.678872379,1.678872379
7/23/2012 22:00,1.2146346,1.2146346
7/23/2012 23:00,0.998574561,0.998574561
7/24/2012 0:00,0.82683455,0.82683455
7/24/2012 1:00,2.36173199,0.692142977
7/24/2012 2:00,2.324071522,0.588950814
7/24/2012 3:00,2.214079791,0.492831392
7/24/2012 4:00,0.421478684,0.421478684
7/24/2012 5:00,0.379907069,0.379907069
7/24/2012 6:00,0.44724484,0.44724484
7/24/2012 7:00,0.798411754,0.798411754
7/24/2012 8:00,0.50594363,0.50594363
7/24/2012 9:00,0.709302223,0.709302223
7/24/2012 10:00,1.16525579,1.16525579
7/24/2012 11:00,1.578676094,1.578676094
7/24/2012 12:00,1.880865592,1.880865592
7/24/2012 13:00,2.083734452,2.083734452
7/24/2012 14:00,1.326689161,2.10816311
7/24/2012 15:00,1.440733827,2.062834164
7/24/2012 16:00,1.479482236,2.115335049
7/24/2012 17:00,1.942271609,2.138197809
7/24/2012 18:00,2.135399518,2.135399518
7/24/2012 19:00,2.06663221,2.06663221
7/24/2012 20:00,1.770158436,1.770158436
7/24/2012 21:00,1.499460925,1.499460925
7/24/2012 22:00,1.285481975,1.285481975
7/24/2012 23:00,1.125052654,1.125052654
7/25/2012 0:00,0.943308105,0.943308105
7/25/2012 1:00,2.459843079,0.810395006
7/25/2012 2:00,2.452679171,0.744018154
7/25/2012 3:00,2.336355408,0.657215681
7/25/2012 4:00,0.588708802,0.588708802
7/25/2012 5:00,0.561002797,0.561002797
7/25/2012 6:00,0.777336382,0.777336382
7/25/2012 7:00,0.625114188,0.625114188
7/25/2012 8:00,0.737335495,0.737335495
7/25/2012 9:00,1.031633036,1.031633036
7/25/2012 10:00,1.618841479,1.618841479
7/25/2012 11:00,1.893900038,1.893900038
7/25/2012 12:00,2.035195529,2.035195529
7/25/2012 13:00,2.090776162,2.090776162
7/25/2012 14:00,1.356089699,2.107902874
7/25/2012 15:00,1.481247582,2.143171983
7/25/2012 16:00,1.503759248,2.170536782
7/25/2012 17:00,2.153886877,2.182734954
7/25/2012 18:00,2.17866537,2.17866537
7/25/2012 19:00,2.125034375,2.125034375
7/25/2012 20:00,2.062042012,2.062042012
7/25/2012 21:00,2.018006054,2.018006054
7/25/2012 22:00,1.677771721,1.677771721
7/25/2012 23:00,1.283335119,1.283335119
7/26/2012 0:00,0.98794062,0.98794062
7/26/2012 1:00,2.406413714,0.802174294
7/26/2012 2:00,2.320368147,0.655033057
7/26/2012 3:00,2.23428121,0.547831249
7/26/2012 4:00,0.486820034,0.486820034
7/26/2012 5:00,0.469007415,0.469007415
7/26/2012 6:00,0.593926819,0.593926819
7/26/2012 7:00,0.568742731,0.568742731
7/26/2012 8:00,0.813948147,0.813948147
7/26/2012 9:00,1.100924867,1.100924867
7/26/2012 10:00,1.641869962,1.641869962
7/26/2012 11:00,1.881969545,1.881969545
7/26/2012 12:00,2.022743968,2.022743968
7/26/2012 13:00,2.05935688,2.05935688
7/26/2012 14:00,1.347729215,2.084327304
7/26/2012 15:00,1.463009074,2.120254687
7/26/2012 16:00,1.484538884,2.124647348
7/26/2012 17:00,2.030722055,2.143900497
7/26/2012 18:00,2.188245816,2.188245816
7/26/2012 19:00,2.119976296,2.119976296
7/26/2012 20:00,2.071833577,2.071833577
7/26/2012 21:00,2.03299422,2.03299422
7/26/2012 22:00,1.876022601,1.876022601
7/26/2012 23:00,1.430187838,1.430187838
7/27/2012 0:00,1.156100513,1.156100513
7/27/2012 1:00,2.546197764,0.981862083
7/27/2012 2:00,2.488880136,0.885238832
7/27/2012 3:00,2.418262088,0.789367538
7/27/2012 4:00,0.745547143,0.745547143
7/27/2012 5:00,0.73316181,0.73316181
7/27/2012 6:00,0.839024212,0.839024212
7/27/2012 7:00,0.730403867,0.730403867
7/27/2012 8:00,0.970591161,0.970591161
7/27/2012 9:00,1.226836211,1.226836211
7/27/2012 10:00,1.407647616,1.407647616
7/27/2012 11:00,1.575488147,1.575488147
7/27/2012 12:00,1.935049421,1.935049421
7/27/2012 13:00,1.902043104,1.902043104
7/27/2012 14:00,1.390841581,1.933560309
7/27/2012 15:00,1.526072537,1.824614324
7/27/2012 16:00,1.634722575,1.810984595
7/27/2012 17:00,1.824363304,1.824363304
7/27/2012 18:00,1.773950817,1.773950817
7/27/2012 19:00,1.609835644,1.609835644
7/27/2012 20:00,1.108927375,1.108927375
7/27/2012 21:00,0.918237396,0.918237396
7/27/2012 22:00,0.710678714,0.710678714
7/27/2012 23:00,0.608466691,0.608466691
7/28/2012 0:00,0.472802701,0.472802701
7/28/2012 1:00,2.11183568,0.402552574
7/28/2012 2:00,2.101126513,0.334316317
7/28/2012 3:00,2.069134799,0.299511207
7/28/2012 4:00,0.266510337,0.266510337
7/28/2012 5:00,0.255411509,0.255411509
7/28/2012 6:00,0.416401473,0.416401473
7/28/2012 7:00,0.446845527,0.446845527
7/28/2012 8:00,0.572403309,0.572403309
7/28/2012 9:00,0.830652059,0.830652059
7/28/2012 10:00,1.400001016,1.400001016
7/28/2012 11:00,1.46539703,1.46539703
7/28/2012 12:00,1.834980311,1.834980311
7/28/2012 13:00,1.982365414,1.982365414
7/28/2012 14:00,1.317871548,2.031361846
7/28/2012 15:00,1.449601323,2.075815407
7/28/2012 16:00,1.461963321,2.120442001
7/28/2012 17:00,1.640222425,2.116974421
7/28/2012 18:00,2.12628344,2.12628344
7/28/2012 19:00,2.100325113,2.100325113
7/28/2012 20:00,2.025988552,2.025988552
7/28/2012 21:00,1.944627844,1.944627844
7/28/2012 22:00,1.525455388,1.525455388
7/28/2012 23:00,1.198529034,1.198529034
7/29/2012 0:00,0.938631724,0.938631724
7/29/2012 1:00,2.450580041,0.780021753
7/29/2012 2:00,2.358681417,0.619728436
7/29/2012 3:00,2.258303208,0.525539157
7/29/2012 4:00,0.441099884,0.441099884
7/29/2012 5:00,0.394623601,0.394623601
7/29/2012 6:00,0.477967488,0.477967488
7/29/2012 7:00,0.583829955,0.583829955
7/29/2012 8:00,0.646312574,0.646312574
7/29/2012 9:00,0.84876716,0.84876716
7/29/2012 10:00,1.481216079,1.481216079
7/29/2012 11:00,1.775422811,1.775422811
7/29/2012 12:00,2.043757355,2.043757355
7/29/2012 13:00,2.075740402,2.075740402
7/29/2012 14:00,1.323558906,2.10846074
7/29/2012 15:00,1.458399011,2.159217361
7/29/2012 16:00,1.485562252,2.16217709
7/29/2012 17:00,1.991570295,2.133603654
7/29/2012 18:00,2.058723477,2.058723477
7/29/2012 19:00,1.997698232,1.997698232
7/29/2012 20:00,1.911486533,1.911486533
7/29/2012 21:00,1.523330046,1.523330046
7/29/2012 22:00,1.220561313,1.220561313
7/29/2012 23:00,0.916002566,0.916002566
7/30/2012 0:00,0.719854422,0.719854422
7/30/2012 1:00,2.210130946,0.586975621
7/30/2012 2:00,2.159745502,0.456128202
7/30/2012 3:00,2.070094517,0.368478918
7/30/2012 4:00,0.319387006,0.319387006
7/30/2012 5:00,0.287360697,0.287360697
7/30/2012 6:00,0.372545936,0.372545936
7/30/2012 7:00,0.468155804,0.468155804
7/30/2012 8:00,0.652792017,0.652792017
7/30/2012 9:00,0.966052238,0.966052238
7/30/2012 10:00,1.532208405,1.532208405
7/30/2012 11:00,1.756609306,1.756609306
7/30/2012 12:00,1.944515558,1.944515558
7/30/2012 13:00,1.964554065,1.964554065
7/30/2012 14:00,1.328388867,2.008600637
7/30/2012 15:00,1.455915491,2.061301045
7/30/2012 16:00,1.472892359,2.091166065
7/30/2012 17:00,1.775882355,2.10359879
7/30/2012 18:00,2.091713282,2.091713282
7/30/2012 19:00,2.05878752,2.05878752
7/30/2012 20:00,2.023950131,2.023950131
7/30/2012 21:00,1.99965307,1.99965307
7/30/2012 22:00,1.684791275,1.684791275
7/30/2012 23:00,1.158361513,1.158361513
7/31/2012 0:00,0.955952567,0.955952567
7/31/2012 1:00,2.486992508,0.769957927
7/31/2012 2:00,2.254020835,0.617226593
7/31/2012 3:00,2.074534828,0.451703412
7/31/2012 4:00,0.397690308,0.397690308
7/31/2012 5:00,0.345846167,0.345846167
7/31/2012 6:00,0.367506867,0.367506867
7/31/2012 7:00,0.437004839,0.437004839
7/31/2012 8:00,0.547689255,0.547689255
7/31/2012 9:00,0.680817448,0.680817448
7/31/2012 10:00,0.810977686,0.810977686
7/31/2012 11:00,0.929101728,0.929101728
7/31/2012 12:00,0.983544784,0.983544784
7/31/2012 13:00,0.934210921,0.934210921
7/31/2012 14:00,0.666659288,0.869035128
7/31/2012 15:00,0.775833448,0.944909836
7/31/2012 16:00,0.718473761,0.881065769
7/31/2012 17:00,0.873808842,1.099509142
7/31/2012 18:00,0.818504559,1.029234512
7/31/2012 19:00,0.80102134,0.981332756
7/31/2012 20:00,0.933808474,0.933808474
7/31/2012 21:00,0.902578101,0.902578101
7/31/2012 22:00,0.916576449,0.916576449
7/31/2012 23:00,0.766691883,0.766691883
8/1/2012 0:00,0.615799383,0.615799383
8/1/2012 1:00,2.273972476,0.546730714
8/1/2012 2:00,2.286955089,0.470835756
8/1/2012 3:00,2.235206731,0.429554766
8/1/2012 4:00,0.366779842,0.366779842
8/1/2012 5:00,0.336379312,0.336379312
8/1/2012 6:00,0.415304052,0.415304052
8/1/2012 7:00,0.425114296,0.425114296
8/1/2012 8:00,0.563851966,0.563851966
8/1/2012 9:00,0.80243386,0.80243386
8/1/2012 10:00,1.43009478,1.43009478
8/1/2012 11:00,1.662427096,1.662427096
8/1/2012 12:00,1.979904004,1.979904004
8/1/2012 13:00,2.077908091,2.077908091
8/1/2012 14:00,1.317753175,2.128913118
8/1/2012 15:00,1.45784625,2.165620479
8/1/2012 16:00,1.481492429,2.1815522
8/1/2012 17:00,1.84515829,2.205968619
8/1/2012 18:00,2.159280816,2.159280816
8/1/2012 19:00,2.073945133,2.073945133
8/1/2012 20:00,2.03558478,2.03558478
8/1/2012 21:00,1.97884094,1.97884094
8/1/2012 22:00,1.509798357,1.509798357
8/1/2012 23:00,1.059951014,1.059951014
8/2/2012 0:00,0.809173342,0.809173342
8/2/2012 1:00,2.301198763,0.637410375
8/2/2012 2:00,2.242146104,0.498294692
8/2/2012 3:00,2.149452414,0.398918129
8/2/2012 4:00,0.331144056,0.331144056
8/2/2012 5:00,0.298371682,0.298371682
8/2/2012 6:00,0.409717099,0.409717099
8/2/2012 7:00,0.433490604,0.433490604
8/2/2012 8:00,0.566635559,0.566635559
8/2/2012 9:00,0.852469368,0.852469368
8/2/2012 10:00,1.570705324,1.570705324
8/2/2012 11:00,1.899868529,1.899868529
8/2/2012 12:00,2.031348976,2.031348976
8/2/2012 13:00,1.869945759,1.869945759
8/2/2012 14:00,1.372186301,1.749302852
8/2/2012 15:00,1.509672202,1.732400457
8/2/2012 16:00,1.514315438,1.703125518
8/2/2012 17:00,1.515721992,1.55243125
8/2/2012 18:00,1.31258993,1.31258993
8/2/2012 19:00,1.102865494,1.102865494
8/2/2012 20:00,0.942121756,0.942121756
8/2/2012 21:00,0.760616814,0.760616814
8/2/2012 22:00,0.604097837,0.604097837
8/2/2012 23:00,0.450120183,0.450120183
8/3/2012 0:00,0.358707831,0.358707831
8/3/2012 1:00,2.06987359,0.306598885
8/3/2012 2:00,2.10328189,0.268420291
8/3/2012 3:00,2.0644397,0.240356463
8/3/2012 4:00,0.223974408,0.223974408
8/3/2012 5:00,0.221398726,0.221398726
8/3/2012 6:00,0.306611071,0.306611071
8/3/2012 7:00,0.392799274,0.392799274
8/3/2012 8:00,0.544216143,0.544216143
8/3/2012 9:00,0.771863047,0.771863047
8/3/2012 10:00,1.14334084,1.14334084
8/3/2012 11:00,1.268879771,1.268879771
8/3/2012 12:00,1.451269639,1.451269639
8/3/2012 13:00,1.663633032,1.663633032
8/3/2012 14:00,1.24875918,1.764511055
8/3/2012 15:00,1.455791068,1.897541281
8/3/2012 16:00,1.471173675,1.901050749
8/3/2012 17:00,1.552270301,1.763840161
8/3/2012 18:00,1.692349548,1.692349548
8/3/2012 19:00,1.320580689,1.320580689
8/3/2012 20:00,1.023541015,1.023541015
8/3/2012 21:00,0.92148279,0.92148279
8/3/2012 22:00,0.736798387,0.736798387
8/3/2012 23:00,0.510371167,0.510371167
8/4/2012 0:00,0.402447941,0.402447941
8/4/2012 1:00,2.083231695,0.344031711
8/4/2012 2:00,2.108127137,0.288000741
8/4/2012 3:00,2.053013078,0.26375904
8/4/2012 4:00,0.227668879,0.227668879
8/4/2012 5:00,0.215688759,0.215688759
8/4/2012 6:00,0.272534626,0.272534626
8/4/2012 7:00,0.328793533,0.328793533
8/4/2012 8:00,0.399548643,0.399548643
8/4/2012 9:00,0.626067347,0.626067347
8/4/2012 10:00,0.896217462,0.896217462
8/4/2012 11:00,1.083925621,1.083925621
8/4/2012 12:00,1.338401147,1.338401147
8/4/2012 13:00,1.67774285,1.67774285
8/4/2012 14:00,1.3155565,1.933993543
8/4/2012 15:00,1.441775511,1.933558624
8/4/2012 16:00,1.368185903,1.826646767
8/4/2012 17:00,1.294681561,1.727965301
8/4/2012 18:00,1.322181579,1.322181579
8/4/2012 19:00,1.125769956,1.125769956
8/4/2012 20:00,1.017320555,1.017320555
8/4/2012 21:00,0.721554359,0.721554359
8/4/2012 22:00,0.630218158,0.630218158
8/4/2012 23:00,0.522489871,0.522489871
8/5/2012 0:00,0.447977765,0.447977765
8/5/2012 1:00,2.187940709,0.406059149
8/5/2012 2:00,2.220530392,0.362386622
8/5/2012 3:00,2.12798479,0.325992394
8/5/2012 4:00,0.302060186,0.302060186
8/5/2012 5:00,0.29922193,0.29922193
8/5/2012 6:00,0.352413305,0.352413305
8/5/2012 7:00,0.360920962,0.360920962
8/5/2012 8:00,0.399482874,0.399482874
8/5/2012 9:00,0.538735132,0.538735132
8/5/2012 10:00,0.923095276,0.923095276
8/5/2012 11:00,1.115442257,1.115442257
8/5/2012 12:00,1.373251461,1.373251461
8/5/2012 13:00,1.635452764,1.635452764
8/5/2012 14:00,1.30429878,1.890131615
8/5/2012 15:00,1.470527004,1.935947706
8/5/2012 16:00,1.484238735,1.961813731
8/5/2012 17:00,1.681557306,1.980306565
8/5/2012 18:00,1.964920696,1.964920696
8/5/2012 19:00,1.901679563,1.901679563
8/5/2012 20:00,1.513189865,1.513189865
8/5/2012 21:00,1.131108984,1.131108984
8/5/2012 22:00,0.851920599,0.851920599
8/5/2012 23:00,0.844819983,0.844819983
8/6/2012 0:00,0.574345235,0.574345235
8/6/2012 1:00,2.299351622,0.49573528
8/6/2012 2:00,2.276973229,0.439123551
8/6/2012 3:00,2.194117185,0.362554003
8/6/2012 4:00,0.318414471,0.318414471
8/6/2012 5:00,0.290097624,0.290097624
8/6/2012 6:00,0.349257122,0.349257122
8/6/2012 7:00,0.393054823,0.393054823
8/6/2012 8:00,0.744039937,0.744039937
8/6/2012 9:00,0.972141321,0.972141321
8/6/2012 10:00,1.152783062,1.152783062
8/6/2012 11:00,1.344315606,1.344315606
8/6/2012 12:00,1.695546877,1.695546877
8/6/2012 13:00,1.917648244,1.917648244
8/6/2012 14:00,1.334429418,1.946215539
8/6/2012 15:00,1.460685308,1.968237295
8/6/2012 16:00,1.481088066,1.978737702
8/6/2012 17:00,1.750507739,1.971266479
8/6/2012 18:00,1.90867492,1.90867492
8/6/2012 19:00,1.822458737,1.822458737
8/6/2012 20:00,1.400032069,1.400032069
8/6/2012 21:00,1.051673322,1.051673322
8/6/2012 22:00,0.824595628,0.824595628
8/6/2012 23:00,0.660629082,0.660629082
8/7/2012 0:00,0.50519789,0.50519789
8/7/2012 1:00,2.177729386,0.419775331
8/7/2012 2:00,2.16384844,0.351137177
8/7/2012 3:00,2.112293276,0.305509581
8/7/2012 4:00,0.275746733,0.275746733
8/7/2012 5:00,0.272677435,0.272677435
8/7/2012 6:00,0.359771226,0.359771226
8/7/2012 7:00,0.362324598,0.362324598
8/7/2012 8:00,0.493514613,0.493514613
8/7/2012 9:00,0.694851143,0.694851143
8/7/2012 10:00,1.145281947,1.145281947
8/7/2012 11:00,1.42717667,1.42717667
8/7/2012 12:00,1.499729424,1.499729424
8/7/2012 13:00,1.582428886,1.582428886
8/7/2012 14:00,0.937577757,1.385287835
8/7/2012 15:00,1.026663117,1.374338635
8/7/2012 16:00,1.109609666,1.46730517
8/7/2012 17:00,1.392070932,1.814413117
8/7/2012 18:00,1.372351353,1.598734956
8/7/2012 19:00,1.283330393,1.283330393
8/7/2012 20:00,1.001019482,1.001019482
8/7/2012 21:00,0.834390213,0.834390213
8/7/2012 22:00,0.695044375,0.695044375
8/7/2012 23:00,0.685263774,0.685263774
8/8/2012 0:00,0.459662983,0.459662983
8/8/2012 1:00,2.163632815,0.403833278
8/8/2012 2:00,2.185938344,0.363821229
8/8/2012 3:00,2.132136438,0.336037625
8/8/2012 4:00,0.314672031,0.314672031
8/8/2012 5:00,0.311709612,0.311709612
8/8/2012 6:00,0.470558461,0.470558461
8/8/2012 7:00,0.393892116,0.393892116
8/8/2012 8:00,0.467606488,0.467606488
8/8/2012 9:00,0.637097185,0.637097185
8/8/2012 10:00,1.060737811,1.060737811
8/8/2012 11:00,1.309869699,1.309869699
8/8/2012 12:00,1.81118093,1.81118093
8/8/2012 13:00,1.975223233,1.975223233
8/8/2012 14:00,1.326917634,1.986282619
8/8/2012 15:00,1.465827901,1.901186108
8/8/2012 16:00,1.471812275,1.890760774
8/8/2012 17:00,1.646805076,1.88897701
8/8/2012 18:00,1.568371737,1.568371737
8/8/2012 19:00,1.380794733,1.380794733
8/8/2012 20:00,0.890453716,0.890453716
8/8/2012 21:00,0.75669639,0.75669639
8/8/2012 22:00,0.650649042,0.650649042
8/8/2012 23:00,0.527225263,0.527225263
8/9/2012 0:00,0.441619967,0.441619967
8/9/2012 1:00,2.191920607,0.402024554
8/9/2012 2:00,2.253745618,0.376646398
8/9/2012 3:00,2.203011997,0.355646477
8/9/2012 4:00,0.340403887,0.340403887
8/9/2012 5:00,0.336551012,0.336551012
8/9/2012 6:00,0.504421826,0.504421826
8/9/2012 7:00,0.407019661,0.407019661
8/9/2012 8:00,0.558060665,0.558060665
8/9/2012 9:00,0.582773787,0.582773787
8/9/2012 10:00,0.844493865,0.844493865
8/9/2012 11:00,1.025127323,1.025127323
8/9/2012 12:00,0.963417004,0.963417004
8/9/2012 13:00,0.874358933,0.874358933
8/9/2012 14:00,0.722543926,0.888394461
8/9/2012 15:00,0.801339867,0.931403693
8/9/2012 16:00,0.82790409,0.977770406
8/9/2012 17:00,0.943564894,1.116571674
8/9/2012 18:00,0.850160276,0.990868507
8/9/2012 19:00,0.793189234,0.894816957
8/9/2012 20:00,0.770128191,0.770128191
8/9/2012 21:00,0.695505581,0.695505581
8/9/2012 22:00,0.576826874,0.576826874
8/9/2012 23:00,0.468668138,0.468668138
8/10/2012 0:00,0.378668686,0.378668686
8/10/2012 1:00,1.974670318,0.318676108
8/10/2012 2:00,1.995629819,0.278398165
8/10/2012 3:00,1.936278662,0.244007502
8/10/2012 4:00,0.224035246,0.224035246
8/10/2012 5:00,0.214612775,0.214612775
8/10/2012 6:00,0.248134286,0.248134286
8/10/2012 7:00,0.293685473,0.293685473
8/10/2012 8:00,0.304818716,0.304818716
8/10/2012 9:00,0.341728225,0.341728225
8/10/2012 10:00,0.458998202,0.458998202
8/10/2012 11:00,0.59049659,0.59049659
8/10/2012 12:00,0.724769938,0.724769938
8/10/2012 13:00,0.887078206,0.887078206
8/10/2012 14:00,0.897282265,1.173738946
8/10/2012 15:00,1.197438203,1.436443069
8/10/2012 16:00,1.315343957,1.578078378
8/10/2012 17:00,1.398225285,1.667010979
8/10/2012 18:00,1.252542613,1.381573135
8/10/2012 19:00,1.146760221,1.146760221
8/10/2012 20:00,0.877316112,0.877316112
8/10/2012 21:00,0.690379256,0.690379256
8/10/2012 22:00,0.546876539,0.546876539
8/10/2012 23:00,0.415080882,0.415080882
8/11/2012 0:00,0.317115865,0.317115865
8/11/2012 1:00,2.011378714,0.267513086
8/11/2012 2:00,1.988053873,0.224617544
8/11/2012 3:00,1.93242061,0.203364769
8/11/2012 4:00,0.186756446,0.186756446
8/11/2012 5:00,0.183270159,0.183270159
8/11/2012 6:00,0.216557695,0.216557695
8/11/2012 7:00,0.27557454,0.27557454
8/11/2012 8:00,0.370356835,0.370356835
8/11/2012 9:00,0.495057442,0.495057442
8/11/2012 10:00,0.663312202,0.663312202
8/11/2012 11:00,0.754431957,0.754431957
8/11/2012 12:00,0.959566961,0.959566961
8/11/2012 13:00,1.196872557,1.196872557
8/11/2012 14:00,0.991841123,1.340360834
8/11/2012 15:00,1.202851642,1.504837176
8/11/2012 16:00,1.249101396,1.551858421
8/11/2012 17:00,1.348002715,1.64365588
8/11/2012 18:00,1.275652757,1.410246478
8/11/2012 19:00,1.160859842,1.160859842
8/11/2012 20:00,0.89918548,0.89918548
8/11/2012 21:00,0.707143686,0.707143686
8/11/2012 22:00,0.54112426,0.54112426
8/11/2012 23:00,0.405722432,0.405722432
8/12/2012 0:00,0.30403088,0.30403088
8/12/2012 1:00,1.84434504,0.186178187
8/12/2012 2:00,1.828689491,0.130994998
8/12/2012 3:00,1.657266906,0.085078145
8/12/2012 4:00,0.057727484,0.057727484
8/12/2012 5:00,0.029203481,0.029203481
8/12/2012 6:00,0,0
8/12/2012 7:00,0.052535856,0.052535856
8/12/2012 8:00,0.113813009,0.113813009
8/12/2012 9:00,0.235062218,0.235062218
8/12/2012 10:00,0.544011595,0.544011595
8/12/2012 11:00,0.805583961,0.805583961
8/12/2012 12:00,1.103457485,1.103457485
8/12/2012 13:00,1.33294548,1.33294548
8/12/2012 14:00,1.090682223,1.479174638
8/12/2012 15:00,1.405034011,1.739582567
8/12/2012 16:00,1.4718906,1.831731049
8/12/2012 17:00,1.50016767,1.83366801
8/12/2012 18:00,1.492004732,1.555107864
8/12/2012 19:00,1.195629496,1.195629496
8/12/2012 20:00,0.880140573,0.880140573
8/12/2012 21:00,0.657551393,0.657551393
8/12/2012 22:00,0.487507424,0.487507424
8/12/2012 23:00,0.352258566,0.352258566
8/13/2012 0:00,0.25365382,0.25365382
8/13/2012 1:00,1.879870674,0.193970415
8/13/2012 2:00,1.859602274,0.144609728
8/13/2012 3:00,1.732417858,0.103095031
8/13/2012 4:00,0.07320558,0.07320558
8/13/2012 5:00,0.063385282,0.063385282
8/13/2012 6:00,0.024161968,0.024161968
8/13/2012 7:00,0.122379783,0.122379783
8/13/2012 8:00,0.241845765,0.241845765
8/13/2012 9:00,0.448368324,0.448368324
8/13/2012 10:00,0.675686517,0.675686517
8/13/2012 11:00,0.829031441,0.829031441
8/13/2012 12:00,1.024653704,1.024653704
8/13/2012 13:00,1.256860896,1.256860896
8/13/2012 14:00,1.027339209,1.372045058
8/13/2012 15:00,1.090911409,1.262753137
8/13/2012 16:00,1.044507046,1.175452223
8/13/2012 17:00,1.014502346,1.138255974
8/13/2012 18:00,0.877809201,0.991282825
8/13/2012 19:00,0.758548093,0.843037519
8/13/2012 20:00,0.652780195,0.652780195
8/13/2012 21:00,0.525269328,0.525269328
8/13/2012 22:00,0.402415033,0.402415033
8/13/2012 23:00,0.306216845,0.306216845
8/14/2012 0:00,0.246735288,0.246735288
8/14/2012 1:00,2.040987036,0.22830652
8/14/2012 2:00,2.05116393,0.193291945
8/14/2012 3:00,1.971350289,0.1746267
8/14/2012 4:00,0.167507298,0.167507298
8/14/2012 5:00,0.161383151,0.161383151
8/14/2012 6:00,0.198617773,0.198617773
8/14/2012 7:00,0.25822454,0.25822454
8/14/2012 8:00,0.363077838,0.363077838
8/14/2012 9:00,0.493461799,0.493461799
8/14/2012 10:00,0.784719319,0.784719319
8/14/2012 11:00,0.957423199,0.957423199
8/14/2012 12:00,1.190972405,1.190972405
8/14/2012 13:00,1.385414419,1.385414419
8/14/2012 14:00,1.163299376,1.643882424
8/14/2012 15:00,1.449510348,1.879233515
8/14/2012 16:00,1.472501441,1.896787327
8/14/2012 17:00,1.494948351,1.894239406
8/14/2012 18:00,1.878135725,1.890196423
8/14/2012 19:00,1.543793389,1.543793389
8/14/2012 20:00,1.146458931,1.146458931
8/14/2012 21:00,0.888241869,0.888241869
8/14/2012 22:00,0.661401252,0.661401252
8/14/2012 23:00,0.468661153,0.468661153
8/15/2012 0:00,0.349200568,0.349200568
8/15/2012 1:00,1.983317989,0.260277355
8/15/2012 2:00,1.974992159,0.194385411
8/15/2012 3:00,1.913064462,0.149676105
8/15/2012 4:00,0.113206197,0.113206197
8/15/2012 5:00,0.102357465,0.102357465
8/15/2012 6:00,0.104008221,0.104008221
8/15/2012 7:00,0.17648076,0.17648076
8/15/2012 8:00,0.264227553,0.264227553
8/15/2012 9:00,0.450802815,0.450802815
8/15/2012 10:00,0.71251602,0.71251602
8/15/2012 11:00,0.929882032,0.929882032
8/15/2012 12:00,1.201627189,1.201627189
8/15/2012 13:00,1.464158405,1.464158405
8/15/2012 14:00,1.224329634,1.668457037
8/15/2012 15:00,1.455285368,1.817648279
8/15/2012 16:00,1.472896895,1.822534922
8/15/2012 17:00,1.500272091,1.800183796
8/15/2012 18:00,1.49579121,1.497859838
8/15/2012 19:00,1.124854984,1.124854984
8/15/2012 20:00,0.876007173,0.876007173
8/15/2012 21:00,0.705669481,0.705669481
8/15/2012 22:00,0.549051417,0.549051417
8/15/2012 23:00,0.411533881,0.411533881
8/16/2012 0:00,0.303782224,0.303782224
8/16/2012 1:00,1.970774146,0.226348632
8/16/2012 2:00,1.968134796,0.169342666
8/16/2012 3:00,1.90727214,0.132894808
8/16/2012 4:00,0.101682798,0.101682798
8/16/2012 5:00,0.098748844,0.098748844
8/16/2012 6:00,0.107602053,0.107602053
8/16/2012 7:00,0.200641129,0.200641129
8/16/2012 8:00,0.337258554,0.337258554
8/16/2012 9:00,0.544364503,0.544364503
8/16/2012 10:00,0.904615891,0.904615891
8/16/2012 11:00,1.106925722,1.106925722
8/16/2012 12:00,1.433792961,1.433792961
8/16/2012 13:00,1.769102223,1.769102223
8/16/2012 14:00,1.295852102,1.908948694
8/16/2012 15:00,1.440496594,1.92454551
8/16/2012 16:00,1.456891242,1.935161685
8/16/2012 17:00,1.483960363,1.919916149
8/16/2012 18:00,1.863339332,1.878442471
8/16/2012 19:00,1.674382004,1.674382004
8/16/2012 20:00,1.300391838,1.300391838
8/16/2012 21:00,0.987100077,0.987100077
8/16/2012 22:00,0.786888391,0.786888391
8/16/2012 23:00,0.63310319,0.63310319
8/17/2012 0:00,0.477700051,0.477700051
8/17/2012 1:00,2.096782097,0.356198309
8/17/2012 2:00,2.088794223,0.282785215
8/17/2012 3:00,2.017756657,0.227127814
8/17/2012 4:00,0.189790019,0.189790019
8/17/2012 5:00,0.174530591,0.174530591
8/17/2012 6:00,0.175596872,0.175596872
8/17/2012 7:00,0.280039457,0.280039457
8/17/2012 8:00,0.400827146,0.400827146
8/17/2012 9:00,0.542456449,0.542456449
8/17/2012 10:00,0.728961405,0.728961405
8/17/2012 11:00,0.8454594,0.8454594
8/17/2012 12:00,1.03639954,1.03639954
8/17/2012 13:00,1.264804458,1.264804458
8/17/2012 14:00,1.138013625,1.504203839
8/17/2012 15:00,1.384632911,1.689681299
8/17/2012 16:00,1.440538493,1.74401003
8/17/2012 17:00,1.498824216,1.765300602
8/17/2012 18:00,1.43991477,1.43991477
8/17/2012 19:00,1.143068974,1.143068974
8/17/2012 20:00,0.892606879,0.892606879
8/17/2012 21:00,0.730920799,0.730920799
8/17/2012 22:00,0.571417639,0.571417639
8/17/2012 23:00,0.421747864,0.421747864
8/18/2012 0:00,0.319398977,0.319398977
8/18/2012 1:00,2.016497918,0.250915367
8/18/2012 2:00,2.039771197,0.198855928
8/18/2012 3:00,2.000692078,0.161047014
8/18/2012 4:00,0.137723028,0.137723028
8/18/2012 5:00,0.130173132,0.130173132
8/18/2012 6:00,0.205490237,0.205490237
8/18/2012 7:00,0.29933996,0.29933996
8/18/2012 8:00,0.430737022,0.430737022
8/18/2012 9:00,0.602052884,0.602052884
8/18/2012 10:00,0.822941457,0.822941457
8/18/2012 11:00,0.961150345,0.961150345
8/18/2012 12:00,1.174240475,1.174240475
8/18/2012 13:00,1.333214228,1.333214228
8/18/2012 14:00,1.118733781,1.525860886
8/18/2012 15:00,1.371589805,1.696665853
8/18/2012 16:00,1.451272789,1.718009688
8/18/2012 17:00,1.420282212,1.60898822
8/18/2012 18:00,1.261632223,1.273226611
8/18/2012 19:00,0.895120888,0.895120888
8/18/2012 20:00,0.640546322,0.640546322
8/18/2012 21:00,0.486362925,0.486362925
8/18/2012 22:00,0.354689479,0.354689479
8/18/2012 23:00,0.252264422,0.252264422
8/19/2012 0:00,0.18056579,0.18056579
8/19/2012 1:00,1.896404287,0.182318636
8/19/2012 2:00,1.913904268,0.154460123
8/19/2012 3:00,1.869995356,0.12998537
8/19/2012 4:00,0.114672616,0.114672616
8/19/2012 5:00,0.110552623,0.110552623
8/19/2012 6:00,0.136877924,0.136877924
8/19/2012 7:00,0.25711762,0.25711762
8/19/2012 8:00,0.35878923,0.35878923
8/19/2012 9:00,0.500806073,0.500806073
8/19/2012 10:00,0.63268279,0.63268279
8/19/2012 11:00,0.768212405,0.768212405
8/19/2012 12:00,0.938167499,0.938167499
8/19/2012 13:00,1.035657425,1.035657425
8/19/2012 14:00,0.885650489,1.123715747
8/19/2012 15:00,1.065783632,1.243088069
8/19/2012 16:00,1.139102877,1.325343207
8/19/2012 17:00,1.294776981,1.509154277
8/19/2012 18:00,1.217068906,1.400691541
8/19/2012 19:00,1.076693489,1.092405454
8/19/2012 20:00,0.855230206,0.855230206
8/19/2012 21:00,0.681585536,0.681585536
8/19/2012 22:00,0.531175478,0.531175478
8/19/2012 23:00,0.41068585,0.41068585
8/20/2012 0:00,0.320618737,0.320618737
8/20/2012 1:00,1.911475361,0.25204468
8/20/2012 2:00,1.90310489,0.203820081
8/20/2012 3:00,1.857720539,0.167408232
8/20/2012 4:00,0.13596966,0.13596966
8/20/2012 5:00,0.122602638,0.122602638
8/20/2012 6:00,0.093629496,0.093629496
8/20/2012 7:00,0.173778102,0.173778102
8/20/2012 8:00,0.26694101,0.26694101
8/20/2012 9:00,0.425935831,0.425935831
8/20/2012 10:00,0.686596667,0.686596667
8/20/2012 11:00,0.904729027,0.904729027
8/20/2012 12:00,1.107217449,1.107217449
8/20/2012 13:00,1.327095803,1.327095803
8/20/2012 14:00,1.1147928,1.528531223
8/20/2012 15:00,1.354556983,1.677833943
8/20/2012 16:00,1.410933094,1.729829913
8/20/2012 17:00,1.491791738,1.796591734
8/20/2012 18:00,1.465748235,1.517404422
8/20/2012 19:00,1.209811244,1.209811244
8/20/2012 20:00,0.972973386,0.972973386
8/20/2012 21:00,0.736401822,0.736401822
8/20/2012 22:00,0.574840056,0.574840056
8/20/2012 23:00,0.432102541,0.432102541
8/21/2012 0:00,0.325825721,0.325825721
8/21/2012 1:00,1.911121372,0.25283458
8/21/2012 2:00,1.887481087,0.198775424
8/21/2012 3:00,1.806546046,0.155308508
8/21/2012 4:00,0.112848351,0.112848351
8/21/2012 5:00,0.101613131,0.101613131
8/21/2012 6:00,0.055944548,0.055944548
8/21/2012 7:00,0.191807749,0.191807749
8/21/2012 8:00,0.370544593,0.370544593
8/21/2012 9:00,0.475984037,0.475984037
8/21/2012 10:00,0.769738787,0.769738787
8/21/2012 11:00,1.020208044,1.020208044
8/21/2012 12:00,1.3775109,1.3775109
8/21/2012 13:00,1.441730858,1.441730858
8/21/2012 14:00,1.162720567,1.616348078
8/21/2012 15:00,1.444447315,1.818875649
8/21/2012 16:00,1.472462281,1.808738442
8/21/2012 17:00,1.502307612,1.781624655
8/21/2012 18:00,1.66705924,1.690629875
8/21/2012 19:00,1.271239796,1.271239796
8/21/2012 20:00,0.91378493,0.91378493
8/21/2012 21:00,0.691391145,0.691391145
8/21/2012 22:00,0.539356502,0.539356502
8/21/2012 23:00,0.39599667,0.39599667
8/22/2012 0:00,0.303487967,0.303487967
8/22/2012 1:00,1.879255229,0.244769348
8/22/2012 2:00,1.855028398,0.202020678
8/22/2012 3:00,1.793205334,0.169383478
8/22/2012 4:00,0.145320735,0.145320735
8/22/2012 5:00,0.131825988,0.131825988
8/22/2012 6:00,0.088101689,0.088101689
8/22/2012 7:00,0.193678701,0.193678701
8/22/2012 8:00,0.223616086,0.223616086
8/22/2012 9:00,0.295180698,0.295180698
8/22/2012 10:00,0.559441971,0.559441971
8/22/2012 11:00,0.731307668,0.731307668
8/22/2012 12:00,0.949455837,0.949455837
8/22/2012 13:00,1.246600315,1.246600315
8/22/2012 14:00,1.091547989,1.579634627
8/22/2012 15:00,1.352473411,1.770665286
8/22/2012 16:00,1.456562302,1.882773421
8/22/2012 17:00,1.488858492,1.894987034
8/22/2012 18:00,1.764970255,1.865755447
8/22/2012 19:00,1.468358418,1.468358418
8/22/2012 20:00,1.054596654,1.054596654
8/22/2012 21:00,0.828078934,0.828078934
8/22/2012 22:00,0.578582878,0.578582878
8/22/2012 23:00,0.446514153,0.446514153
8/23/2012 0:00,0.322470875,0.322470875
8/23/2012 1:00,1.893264657,0.25923346
8/23/2012 2:00,1.867931135,0.202543971
8/23/2012 3:00,1.799638239,0.158625244
8/23/2012 4:00,0.132007322,0.132007322
8/23/2012 5:00,0.127883811,0.127883811
8/23/2012 6:00,0.091695715,0.091695715
8/23/2012 7:00,0.193285475,0.193285475
8/23/2012 8:00,0.255535614,0.255535614
8/23/2012 9:00,0.420817767,0.420817767
8/23/2012 10:00,0.767627829,0.767627829
8/23/2012 11:00,0.997020764,0.997020764
8/23/2012 12:00,1.28439085,1.28439085
8/23/2012 13:00,1.505683511,1.505683511
8/23/2012 14:00,1.240424825,1.789012301
8/23/2012 15:00,1.45938363,1.858708897
8/23/2012 16:00,1.472089048,1.886995374
8/23/2012 17:00,1.493904308,1.90568203
8/23/2012 18:00,1.869986396,1.899505518
8/23/2012 19:00,1.707337516,1.707337516
8/23/2012 20:00,1.201968953,1.201968953
8/23/2012 21:00,0.905173077,0.905173077
8/23/2012 22:00,0.709465392,0.709465392
8/23/2012 23:00,0.549866619,0.549866619
8/24/2012 0:00,0.436396414,0.436396414
8/24/2012 1:00,1.97205657,0.362094927
8/24/2012 2:00,1.940481312,0.296119571
8/24/2012 3:00,1.886630835,0.250073765
8/24/2012 4:00,0.212232066,0.212232066
8/24/2012 5:00,0.194833052,0.194833052
8/24/2012 6:00,0.184907514,0.184907514
8/24/2012 7:00,0.267824959,0.267824959
8/24/2012 8:00,0.662860973,0.662860973
8/24/2012 9:00,0.630365549,0.630365549
8/24/2012 10:00,0.894569729,0.894569729
8/24/2012 11:00,1.050292684,1.050292684
8/24/2012 12:00,1.36474824,1.36474824
8/24/2012 13:00,1.645482907,1.645482907
8/24/2012 14:00,1.28147353,1.850839262
8/24/2012 15:00,1.446079941,1.928938269
8/24/2012 16:00,1.466137988,1.925023946
8/24/2012 17:00,1.520733309,1.91096286
8/24/2012 18:00,1.865281367,1.865281367
8/24/2012 19:00,1.581613156,1.581613156
8/24/2012 20:00,1.13468353,1.13468353
8/24/2012 21:00,0.877698528,0.877698528
8/24/2012 22:00,0.734683167,0.734683167
8/24/2012 23:00,0.529431841,0.529431841
8/25/2012 0:00,0.423548055,0.423548055
8/25/2012 1:00,2.102358072,0.337607538
8/25/2012 2:00,2.122309212,0.301456705
8/25/2012 3:00,2.090790372,0.279466745
8/25/2012 4:00,0.246695168,0.246695168
8/25/2012 5:00,0.226810592,0.226810592
8/25/2012 6:00,0.285031532,0.285031532
8/25/2012 7:00,0.334843336,0.334843336
8/25/2012 8:00,0.450299374,0.450299374
8/25/2012 9:00,0.61681293,0.61681293
8/25/2012 10:00,0.932858127,0.932858127
8/25/2012 11:00,1.058960802,1.058960802
8/25/2012 12:00,1.334167041,1.334167041
8/25/2012 13:00,1.454364095,1.454364095
8/25/2012 14:00,1.221555909,1.643965518
8/25/2012 15:00,1.457507276,1.801276057
8/25/2012 16:00,1.484086644,1.82076276
8/25/2012 17:00,1.569457681,1.800570903
8/25/2012 18:00,1.516223943,1.516223943
8/25/2012 19:00,1.359276479,1.359276479
8/25/2012 20:00,0.950495891,0.950495891
8/25/2012 21:00,0.786817802,0.786817802
8/25/2012 22:00,0.588713753,0.588713753
8/25/2012 23:00,0.455340476,0.455340476
8/26/2012 0:00,0.361340923,0.361340923
8/26/2012 1:00,2.073940885,0.292569989
8/26/2012 2:00,2.11422412,0.246779947
8/26/2012 3:00,2.070913837,0.22097
8/26/2012 4:00,0.197220163,0.197220163
8/26/2012 5:00,0.192710282,0.192710282
8/26/2012 6:00,0.226881858,0.226881858
8/26/2012 7:00,0.290338565,0.290338565
8/26/2012 8:00,0.38433733,0.38433733
8/26/2012 9:00,0.591184277,0.591184277
8/26/2012 10:00,0.934958376,0.934958376
8/26/2012 11:00,1.12809113,1.12809113
8/26/2012 12:00,1.403833304,1.403833304
8/26/2012 13:00,1.73523959,1.73523959
8/26/2012 14:00,1.314796185,1.890917163
8/26/2012 15:00,1.449335856,1.901353898
8/26/2012 16:00,1.465736412,1.927740394
8/26/2012 17:00,1.555829408,1.919355394
8/26/2012 18:00,1.880755233,1.880755233
8/26/2012 19:00,1.511196264,1.511196264
8/26/2012 20:00,1.138969565,1.138969565
8/26/2012 21:00,0.879902706,0.879902706
8/26/2012 22:00,0.703169939,0.703169939
8/26/2012 23:00,0.531066272,0.531066272
8/27/2012 0:00,0.417898628,0.417898628
8/27/2012 1:00,2.020214478,0.331241161
8/27/2012 2:00,2.005828978,0.273599253
8/27/2012 3:00,1.93786129,0.230831741
8/27/2012 4:00,0.198780832,0.198780832
8/27/2012 5:00,0.184650726,0.184650726
8/27/2012 6:00,0.192940508,0.192940508
8/27/2012 7:00,0.285618644,0.285618644
8/27/2012 8:00,0.398698236,0.398698236
8/27/2012 9:00,0.60169877,0.60169877
8/27/2012 10:00,0.938775526,0.938775526
8/27/2012 11:00,1.131574476,1.131574476
8/27/2012 12:00,1.385599574,1.385599574
8/27/2012 13:00,1.656294844,1.656294844
8/27/2012 14:00,1.289532137,1.904557964
8/27/2012 15:00,1.442584992,1.953614491
8/27/2012 16:00,1.460537595,1.964580132
8/27/2012 17:00,1.521008014,1.964257876
8/27/2012 18:00,1.947353984,1.947353984
8/27/2012 19:00,1.71598488,1.71598488
8/27/2012 20:00,1.261217694,1.261217694
8/27/2012 21:00,0.990591524,0.990591524
8/27/2012 22:00,0.815167393,0.815167393
8/27/2012 23:00,0.690221062,0.690221062
8/28/2012 0:00,0.573043837,0.573043837
8/28/2012 1:00,2.229922064,0.492272385
8/28/2012 2:00,2.214702604,0.429625694
8/28/2012 3:00,2.163299866,0.3861232
8/28/2012 4:00,0.361279075,0.361279075
8/28/2012 5:00,0.355993143,0.355993143
8/28/2012 6:00,0.446428661,0.446428661
8/28/2012 7:00,0.531470382,0.531470382
8/28/2012 8:00,0.513491693,0.513491693
8/28/2012 9:00,0.59757798,0.59757798
8/28/2012 10:00,0.771537743,0.771537743
8/28/2012 11:00,0.847245156,0.847245156
8/28/2012 12:00,0.947559839,0.947559839
8/28/2012 13:00,0.971929897,0.971929897
8/28/2012 14:00,0.881829431,1.11022597
8/28/2012 15:00,1.123728565,1.334285325
8/28/2012 16:00,1.113372596,1.320716981
8/28/2012 17:00,1.274026003,1.500651219
8/28/2012 18:00,1.191743036,1.279417608
8/28/2012 19:00,1.020709647,1.020709647
8/28/2012 20:00,0.820255247,0.820255247
8/28/2012 21:00,0.687231163,0.687231163
8/28/2012 22:00,0.553412518,0.553412518
8/28/2012 23:00,0.441867573,0.441867573
8/29/2012 0:00,0.371918386,0.371918386
8/29/2012 1:00,2.079283895,0.330973903
8/29/2012 2:00,2.111802389,0.304818256
8/29/2012 3:00,2.075387608,0.28219541
8/29/2012 4:00,0.269177232,0.269177232
8/29/2012 5:00,0.279554616,0.279554616
8/29/2012 6:00,0.455465628,0.455465628
8/29/2012 7:00,0.368883834,0.368883834
8/29/2012 8:00,0.449525761,0.449525761
8/29/2012 9:00,0.601808279,0.601808279
8/29/2012 10:00,0.879987552,0.879987552
8/29/2012 11:00,1.004707913,1.004707913
8/29/2012 12:00,1.180798535,1.180798535
8/29/2012 13:00,1.360420448,1.360420448
8/29/2012 14:00,1.048747442,1.424929638
8/29/2012 15:00,1.180756079,1.482577342
8/29/2012 16:00,1.217579409,1.508730208
8/29/2012 17:00,1.258526116,1.530455082
8/29/2012 18:00,1.161697262,1.279399325
8/29/2012 19:00,1.10161289,1.10161289
8/29/2012 20:00,0.990826746,0.990826746
8/29/2012 21:00,0.876187783,0.876187783
8/29/2012 22:00,0.753926353,0.753926353
8/29/2012 23:00,0.629112944,0.629112944
8/30/2012 0:00,0.538590527,0.538590527
8/30/2012 1:00,2.174202814,0.467279224
8/30/2012 2:00,2.20287574,0.442697236
8/30/2012 3:00,2.152515912,0.43051304
8/30/2012 4:00,0.404609781,0.404609781
8/30/2012 5:00,0.406456928,0.406456928
8/30/2012 6:00,0.506288571,0.506288571
8/30/2012 7:00,0.554967363,0.554967363
8/30/2012 8:00,0.658261532,0.658261532
8/30/2012 9:00,0.785894416,0.785894416
8/30/2012 10:00,0.922543705,0.922543705
8/30/2012 11:00,0.864570729,0.864570729
8/30/2012 12:00,0.911322158,0.911322158
8/30/2012 13:00,1.114162673,1.114162673
8/30/2012 14:00,0.790312992,1.038009222
8/30/2012 15:00,0.948452776,1.142798993
8/30/2012 16:00,0.924229285,1.105162252
8/30/2012 17:00,0.978476318,1.156599869
8/30/2012 18:00,0.921010158,1.073439093
8/30/2012 19:00,0.984100184,1.048138053
8/30/2012 20:00,0.850559945,0.850559945
8/30/2012 21:00,0.807390176,0.807390176
8/30/2012 22:00,0.7462896,0.7462896
8/30/2012 23:00,0.647414872,0.647414872
8/31/2012 0:00,0.603055556,0.603055556
8/31/2012 1:00,2.23771246,0.545341008
8/31/2012 2:00,2.245553295,0.480724608
8/31/2012 3:00,2.211801407,0.457125278
8/31/2012 4:00,0.431849693,0.431849693
8/31/2012 5:00,0.422334157,0.422334157
8/31/2012 6:00,0.509014612,0.509014612
8/31/2012 7:00,0.685827439,0.685827439
8/31/2012 8:00,0.65811519,0.65811519
8/31/2012 9:00,0.780576041,0.780576041
8/31/2012 10:00,1.021047377,1.021047377
8/31/2012 11:00,1.126368228,1.126368228
8/31/2012 12:00,1.308482612,1.308482612
8/31/2012 13:00,1.490787711,1.490787711
8/31/2012 14:00,1.185379227,1.614185439
8/31/2012 15:00,1.310823331,1.667159583
8/31/2012 16:00,1.369560435,1.719549365
8/31/2012 17:00,1.477470118,1.683678573
8/31/2012 18:00,1.473392853,1.473392853
8/31/2012 19:00,1.181841031,1.181841031
8/31/2012 20:00,1.011678745,1.011678745
8/31/2012 21:00,0.987462669,0.987462669
8/31/2012 22:00,0.717987839,0.717987839
8/31/2012 23:00,0.573796422,0.573796422
9/1/2012 0:00,0.466108009,0.466108009
9/1/2012 1:00,2.156984007,0.419368305
9/1/2012 2:00,2.190239602,0.38445947
9/1/2012 3:00,2.136798457,0.358055575
9/1/2012 4:00,0.356077455,0.356077455
9/1/2012 5:00,0.371536603,0.371536603
9/1/2012 6:00,0.677284776,0.677284776
9/1/2012 7:00,0.601809339,0.601809339
9/1/2012 8:00,0.543572029,0.543572029
9/1/2012 9:00,0.641948686,0.641948686
9/1/2012 10:00,0.917928433,0.917928433
9/1/2012 11:00,1.122817386,1.122817386
9/1/2012 12:00,1.575016937,1.575016937
9/1/2012 13:00,1.742877938,1.742877938
9/1/2012 14:00,1.350733403,1.862410806
9/1/2012 15:00,1.467135036,1.747156753
9/1/2012 16:00,1.407676118,1.600113671
9/1/2012 17:00,1.477363868,1.591197315
9/1/2012 18:00,1.404881623,1.404881623
9/1/2012 19:00,1.102109705,1.102109705
9/1/2012 20:00,0.971164287,0.971164287
9/1/2012 21:00,0.882374487,0.882374487
9/1/2012 22:00,0.647528484,0.647528484
9/1/2012 23:00,0.776663261,0.776663261
9/2/2012 0:00,0.433645554,0.433645554
9/2/2012 1:00,2.147079316,0.377493808
9/2/2012 2:00,2.172499809,0.32823835
9/2/2012 3:00,2.149676717,0.303637089
9/2/2012 4:00,0.305894642,0.305894642
9/2/2012 5:00,0.309862273,0.309862273
9/2/2012 6:00,0.375650115,0.375650115
9/2/2012 7:00,0.367653746,0.367653746
9/2/2012 8:00,0.42326895,0.42326895
9/2/2012 9:00,0.645474929,0.645474929
9/2/2012 10:00,0.897145723,0.897145723
9/2/2012 11:00,1.097578555,1.097578555
9/2/2012 12:00,1.300531643,1.300531643
9/2/2012 13:00,1.540755785,1.540755785
9/2/2012 14:00,1.262880548,1.763711297
9/2/2012 15:00,1.480387473,1.87542305
9/2/2012 16:00,1.499606002,1.877779598
9/2/2012 17:00,1.635250674,1.862416556
9/2/2012 18:00,1.742990565,1.742990565
9/2/2012 19:00,1.418045515,1.418045515
9/2/2012 20:00,1.202044725,1.202044725
9/2/2012 21:00,0.989996767,0.989996767
9/2/2012 22:00,0.90386824,0.90386824
9/2/2012 23:00,0.769633563,0.769633563
9/3/2012 0:00,0.722827313,0.722827313
9/3/2012 1:00,2.201710505,0.564196093
9/3/2012 2:00,2.076877298,0.444305334
9/3/2012 3:00,2.025721915,0.392009595
9/3/2012 4:00,0.341036787,0.341036787
9/3/2012 5:00,0.315718716,0.315718716
9/3/2012 6:00,0.331905567,0.331905567
9/3/2012 7:00,0.354393479,0.354393479
9/3/2012 8:00,0.359428241,0.359428241
9/3/2012 9:00,0.401827212,0.401827212
9/3/2012 10:00,0.441391035,0.441391035
9/3/2012 11:00,0.527059064,0.527059064
9/3/2012 12:00,0.638956806,0.638956806
9/3/2012 13:00,0.813534955,0.813534955
9/3/2012 14:00,0.877598756,1.120915284
9/3/2012 15:00,1.008763789,1.206570343
9/3/2012 16:00,1.073578007,1.288669268
9/3/2012 17:00,0.984734247,1.173055303
9/3/2012 18:00,0.838192092,0.971568523
9/3/2012 19:00,0.803980874,0.835376794
9/3/2012 20:00,0.730072955,0.730072955
9/3/2012 21:00,0.645792776,0.645792776
9/3/2012 22:00,0.570323014,0.570323014
9/3/2012 23:00,0.461385073,0.461385073
9/4/2012 0:00,0.391739424,0.391739424
9/4/2012 1:00,2.044133537,0.333074265
9/4/2012 2:00,2.050895737,0.284030943
9/4/2012 3:00,2.010397491,0.247846551
9/4/2012 4:00,0.231928218,0.231928218
9/4/2012 5:00,0.22060037,0.22060037
9/4/2012 6:00,0.273597897,0.273597897
9/4/2012 7:00,0.297426141,0.297426141
9/4/2012 8:00,0.339303011,0.339303011
9/4/2012 9:00,0.379537488,0.379537488
9/4/2012 10:00,0.568732506,0.568732506
9/4/2012 11:00,0.642552316,0.642552316
9/4/2012 12:00,0.851998962,0.851998962
9/4/2012 13:00,1.082551749,1.082551749
9/4/2012 14:00,0.996216151,1.322449632
9/4/2012 15:00,1.268028536,1.515985308
9/4/2012 16:00,1.377600646,1.609587533
9/4/2012 17:00,1.488022773,1.726041794
9/4/2012 18:00,1.391557926,1.42444752
9/4/2012 19:00,1.155758583,1.155758583
9/4/2012 20:00,0.881925848,0.881925848
9/4/2012 21:00,0.717496657,0.717496657
9/4/2012 22:00,0.576476205,0.576476205
9/4/2012 23:00,0.52601394,0.52601394
9/5/2012 0:00,0.372226616,0.372226616
9/5/2012 1:00,2.032972991,0.304337997
9/5/2012 2:00,2.044613722,0.259748328
9/5/2012 3:00,2.003614691,0.226402209
9/5/2012 4:00,0.20120233,0.20120233
9/5/2012 5:00,0.196699889,0.196699889
9/5/2012 6:00,0.245867072,0.245867072
9/5/2012 7:00,0.412683006,0.412683006
9/5/2012 8:00,0.514203657,0.514203657
9/5/2012 9:00,0.63486737,0.63486737
9/5/2012 10:00,0.9036953,0.9036953
9/5/2012 11:00,1.050195091,1.050195091
9/5/2012 12:00,1.221038214,1.221038214
9/5/2012 13:00,1.425641283,1.425641283
9/5/2012 14:00,1.228474961,1.681249339
9/5/2012 15:00,1.461970283,1.86176987
9/5/2012 16:00,1.478317546,1.86975618
9/5/2012 17:00,1.535980655,1.863898992
9/5/2012 18:00,1.778483708,1.778483708
9/5/2012 19:00,1.418502218,1.418502218
9/5/2012 20:00,1.04282502,1.04282502
9/5/2012 21:00,0.820868037,0.820868037
9/5/2012 22:00,0.681274702,0.681274702
9/5/2012 23:00,0.552694376,0.552694376
9/6/2012 0:00,0.39399146,0.39399146
9/6/2012 1:00,2.10422432,0.342960489
9/6/2012 2:00,2.134465081,0.283857954
9/6/2012 3:00,2.081608812,0.257365391
9/6/2012 4:00,0.23867481,0.23867481
9/6/2012 5:00,0.297918795,0.297918795
9/6/2012 6:00,0.33009389,0.33009389
9/6/2012 7:00,0.466005314,0.466005314
9/6/2012 8:00,0.521242821,0.521242821
9/6/2012 9:00,0.684933277,0.684933277
9/6/2012 10:00,0.873881052,0.873881052
9/6/2012 11:00,0.987606845,0.987606845
9/6/2012 12:00,1.232114774,1.232114774
9/6/2012 13:00,1.412869325,1.412869325
9/6/2012 14:00,1.111249634,1.561930137
9/6/2012 15:00,1.2275599,1.612347064
9/6/2012 16:00,1.197007119,1.563878875
9/6/2012 17:00,1.260260007,1.581169512
9/6/2012 18:00,1.182705128,1.290897646
9/6/2012 19:00,1.081433795,1.081433795
9/6/2012 20:00,0.906861387,0.906861387
9/6/2012 21:00,0.768524682,0.768524682
9/6/2012 22:00,0.6286324,0.6286324
9/6/2012 23:00,0.521197516,0.521197516
9/7/2012 0:00,0.423278188,0.423278188
9/7/2012 1:00,2.076455532,0.363942965
9/7/2012 2:00,2.085674252,0.324224861
9/7/2012 3:00,2.035129669,0.298971405
9/7/2012 4:00,0.278512926,0.278512926
9/7/2012 5:00,0.272896313,0.272896313
9/7/2012 6:00,0.299900195,0.299900195
9/7/2012 7:00,0.313107391,0.313107391
9/7/2012 8:00,0.318101865,0.318101865
9/7/2012 9:00,0.409918074,0.409918074
9/7/2012 10:00,0.5487874,0.5487874
9/7/2012 11:00,0.547967918,0.547967918
9/7/2012 12:00,0.669734155,0.669734155
9/7/2012 13:00,0.799148543,0.799148543
9/7/2012 14:00,0.615488326,0.90387925
9/7/2012 15:00,0.734761637,0.992546118
9/7/2012 16:00,0.826474687,1.117480082
9/7/2012 17:00,1.102325302,1.488541966
9/7/2012 18:00,0.989924183,1.286488423
9/7/2012 19:00,0.915699254,1.141977932
9/7/2012 20:00,1.173990617,1.173990617
9/7/2012 21:00,0.929410678,0.929410678
9/7/2012 22:00,0.82796046,0.82796046
9/7/2012 23:00,0.753764742,0.753764742
9/8/2012 0:00,0.659329398,0.659329398
9/8/2012 1:00,2.247607462,0.597106133
9/8/2012 2:00,2.266456637,0.54050234
9/8/2012 3:00,2.21888392,0.50561056
9/8/2012 4:00,0.484389607,0.484389607
9/8/2012 5:00,0.469921153,0.469921153
9/8/2012 6:00,0.549972532,0.549972532
9/8/2012 7:00,0.848022575,0.848022575
9/8/2012 8:00,0.572014453,0.572014453
9/8/2012 9:00,0.665938132,0.665938132
9/8/2012 10:00,0.753325352,0.753325352
9/8/2012 11:00,0.810534674,0.810534674
9/8/2012 12:00,0.945490347,0.945490347
9/8/2012 13:00,1.216984584,1.216984584
9/8/2012 14:00,1.136345844,1.480900378
9/8/2012 15:00,1.362110208,1.612199567
9/8/2012 16:00,1.301084748,1.48574198
9/8/2012 17:00,1.132945794,1.24884143
9/8/2012 18:00,1.081241012,1.081241012
9/8/2012 19:00,0.848920595,0.848920595
9/8/2012 20:00,0.63775084,0.63775084
9/8/2012 21:00,0.509784836,0.509784836
9/8/2012 22:00,0.379435943,0.379435943
9/8/2012 23:00,0.253114982,0.253114982
9/9/2012 0:00,0.172655403,0.172655403
9/9/2012 1:00,1.782020526,0.124671347
9/9/2012 2:00,1.731682401,0.066046635
9/9/2012 3:00,1.3434984,0.020360751
9/9/2012 4:00,0,0
9/9/2012 5:00,0,0
9/9/2012 6:00,0,0
9/9/2012 7:00,0,0
9/9/2012 8:00,0.087779713,0.087779713
9/9/2012 9:00,0.202960575,0.202960575
9/9/2012 10:00,0.332987114,0.332987114
9/9/2012 11:00,0.513824732,0.513824732
9/9/2012 12:00,0.74504793,0.74504793
9/9/2012 13:00,0.958182887,0.958182887
9/9/2012 14:00,0.86724414,1.123026751
9/9/2012 15:00,1.029219416,1.221114571
9/9/2012 16:00,1.103716329,1.294088318
9/9/2012 17:00,1.176285683,1.365813926
9/9/2012 18:00,0.998878682,1.137562656
9/9/2012 19:00,0.792519,0.84732254
9/9/2012 20:00,0.672470332,0.672470332
9/9/2012 21:00,0.468488842,0.468488842
9/9/2012 22:00,0.350642427,0.350642427
9/9/2012 23:00,0.220898046,0.220898046
9/10/2012 0:00,0.144745854,0.144745854
9/10/2012 1:00,1.729163397,0.082751255
9/10/2012 2:00,1.705445526,0.032923252
9/10/2012 3:00,1.254555412,0.001140407
9/10/2012 4:00,0,0
9/10/2012 5:00,0.051455393,0.051455393
9/10/2012 6:00,0,0
9/10/2012 7:00,0.002379916,0.002379916
9/10/2012 8:00,0.100622862,0.100622862
9/10/2012 9:00,0.232843019,0.232843019
9/10/2012 10:00,0.462997293,0.462997293
9/10/2012 11:00,0.698389913,0.698389913
9/10/2012 12:00,0.952908422,0.952908422
9/10/2012 13:00,1.160635871,1.160635871
9/10/2012 14:00,0.949204574,1.27533394
9/10/2012 15:00,1.126386908,1.358740901
9/10/2012 16:00,1.257443146,1.497817966
9/10/2012 17:00,1.356960262,1.601010845
9/10/2012 18:00,1.095007099,1.265404736
9/10/2012 19:00,0.971466326,0.974506564
9/10/2012 20:00,0.815103223,0.815103223
9/10/2012 21:00,0.577256008,0.577256008
9/10/2012 22:00,0.438050705,0.438050705
9/10/2012 23:00,0.393736412,0.393736412
9/11/2012 0:00,0.228688517,0.228688517
9/11/2012 1:00,1.798647853,0.162043624
9/11/2012 2:00,1.781881286,0.119293304
9/11/2012 3:00,1.539285015,0.082106156
9/11/2012 4:00,0.194827447,0.194827447
9/11/2012 5:00,0.038945096,0.038945096
9/11/2012 6:00,0.002627145,0.002627145
9/11/2012 7:00,0.126722136,0.126722136
9/11/2012 8:00,0.36552388,0.36552388
9/11/2012 9:00,0.337171989,0.337171989
9/11/2012 10:00,0.541561098,0.541561098
9/11/2012 11:00,0.748517163,0.748517163
9/11/2012 12:00,1.01918351,1.01918351
9/11/2012 13:00,1.241408266,1.241408266
9/11/2012 14:00,1.040589571,1.405738691
9/11/2012 15:00,1.265787221,1.555267189
9/11/2012 16:00,1.342372918,1.62352953
9/11/2012 17:00,1.315205364,1.536353225
9/11/2012 18:00,1.103271071,1.221943503
9/11/2012 19:00,0.999036595,0.999036595
9/11/2012 20:00,0.775363169,0.775363169
9/11/2012 21:00,0.598086279,0.598086279
9/11/2012 22:00,0.461884898,0.461884898
9/11/2012 23:00,0.333248849,0.333248849
9/12/2012 0:00,0.335204761,0.335204761
9/12/2012 1:00,1.926416774,0.213457458
9/12/2012 2:00,1.931825115,0.185326539
9/12/2012 3:00,1.881636037,0.166075636
9/12/2012 4:00,0.15791892,0.15791892
9/12/2012 5:00,0.166952253,0.166952253
9/12/2012 6:00,0.189077135,0.189077135
9/12/2012 7:00,0.258359944,0.258359944
9/12/2012 8:00,0.291866223,0.291866223
9/12/2012 9:00,0.337168991,0.337168991
9/12/2012 10:00,0.519369865,0.519369865
9/12/2012 11:00,0.615375552,0.615375552
9/12/2012 12:00,0.806891331,0.806891331
9/12/2012 13:00,1.055852357,1.055852357
9/12/2012 14:00,0.906758505,1.197636923
9/12/2012 15:00,1.133391865,1.379796479
9/12/2012 16:00,1.241670564,1.486307666
9/12/2012 17:00,1.330050118,1.547835774
9/12/2012 18:00,1.064332466,1.202694796
9/12/2012 19:00,0.921225223,0.923302611
9/12/2012 20:00,0.735090208,0.735090208
9/12/2012 21:00,0.59267677,0.59267677
9/12/2012 22:00,0.475443552,0.475443552
9/12/2012 23:00,0.369997325,0.369997325
9/13/2012 0:00,0.298515051,0.298515051
9/13/2012 1:00,1.937546062,0.245735243
9/13/2012 2:00,1.928577706,0.204949789
9/13/2012 3:00,1.844150796,0.172307685
9/13/2012 4:00,0.151164562,0.151164562
9/13/2012 5:00,0.14100443,0.14100443
9/13/2012 6:00,0.134505551,0.134505551
9/13/2012 7:00,0.271358904,0.271358904
9/13/2012 8:00,0.302191253,0.302191253
9/13/2012 9:00,0.357202399,0.357202399
9/13/2012 10:00,0.566603299,0.566603299
9/13/2012 11:00,0.69153243,0.69153243
9/13/2012 12:00,0.890069724,0.890069724
9/13/2012 13:00,1.060649693,1.060649693
9/13/2012 14:00,0.92881246,1.218612159
9/13/2012 15:00,1.1783096,1.396736066
9/13/2012 16:00,1.244836458,1.468412041
9/13/2012 17:00,1.223945346,1.429854507
9/13/2012 18:00,1.042132375,1.188291917
9/13/2012 19:00,0.885946638,0.890374392
9/13/2012 20:00,0.715813865,0.715813865
9/13/2012 21:00,0.558190471,0.558190471
9/13/2012 22:00,0.423493667,0.423493667
9/13/2012 23:00,0.310665997,0.310665997
9/14/2012 0:00,0.2351894,0.2351894
9/14/2012 1:00,1.889809443,0.176705558
9/14/2012 2:00,1.842795507,0.132758947
9/14/2012 3:00,1.656576269,0.092221881
9/14/2012 4:00,0.064497799,0.064497799
9/14/2012 5:00,0.044561683,0.044561683
9/14/2012 6:00,0.006239156,0.006239156
9/14/2012 7:00,0.317640595,0.317640595
9/14/2012 8:00,0.538552095,0.538552095
9/14/2012 9:00,0.328594852,0.328594852
9/14/2012 10:00,0.560845215,0.560845215
9/14/2012 11:00,0.763384762,0.763384762
9/14/2012 12:00,0.964731687,0.964731687
9/14/2012 13:00,1.158857361,1.158857361
9/14/2012 14:00,0.902562693,1.247801487
9/14/2012 15:00,1.086275186,1.346204292
9/14/2012 16:00,1.223532836,1.508885396
9/14/2012 17:00,1.277774561,1.528456036
9/14/2012 18:00,1.051259143,1.224943202
9/14/2012 19:00,1.025976219,1.063095023
9/14/2012 20:00,0.803267425,0.803267425
9/14/2012 21:00,0.650831431,0.650831431
9/14/2012 22:00,0.524521624,0.524521624
9/14/2012 23:00,0.438206953,0.438206953
9/15/2012 0:00,0.310341571,0.310341571
9/15/2012 1:00,1.926061334,0.248100736
9/15/2012 2:00,1.881579612,0.177884923
9/15/2012 3:00,1.800239112,0.135162943
9/15/2012 4:00,0.105219528,0.105219528
9/15/2012 5:00,0.097557476,0.097557476
9/15/2012 6:00,0.061283796,0.061283796
9/15/2012 7:00,0.381321051,0.381321051
9/15/2012 8:00,0.297498284,0.297498284
9/15/2012 9:00,0.381367682,0.381367682
9/15/2012 10:00,0.577663273,0.577663273
9/15/2012 11:00,0.701316845,0.701316845
9/15/2012 12:00,0.786395998,0.786395998
9/15/2012 13:00,0.826327373,0.826327373
9/15/2012 14:00,0.628700813,0.850238271
9/15/2012 15:00,0.691579066,0.852820295
9/15/2012 16:00,0.721669305,0.871744682
9/15/2012 17:00,0.813830588,0.977753982
9/15/2012 18:00,0.715332635,0.847634755
9/15/2012 19:00,0.753062714,0.861427763
9/15/2012 20:00,0.618984667,0.618984667
9/15/2012 21:00,0.524055896,0.524055896
9/15/2012 22:00,0.424833202,0.424833202
9/15/2012 23:00,0.32778373,0.32778373
9/16/2012 0:00,0.258408367,0.258408367
9/16/2012 1:00,1.939375217,0.217375778
9/16/2012 2:00,1.852277508,0.177937758
9/16/2012 3:00,0.641987979,0.14759119
9/16/2012 4:00,0.129902443,0.129902443
9/16/2012 5:00,0.134392185,0.134392185
9/16/2012 6:00,0.132270781,0.132270781
9/16/2012 7:00,0.221930458,0.221930458
9/16/2012 8:00,0.256574313,0.256574313
9/16/2012 9:00,0.213926871,0.213926871
9/16/2012 10:00,0.324682575,0.324682575
9/16/2012 11:00,0.354657784,0.354657784
9/16/2012 12:00,0.442076875,0.442076875
9/16/2012 13:00,0.562012354,0.562012354
9/16/2012 14:00,0.516363464,0.715683285
9/16/2012 15:00,0.607300072,0.774945039
9/16/2012 16:00,0.698356763,0.881705491
9/16/2012 17:00,0.709654645,0.831349967
9/16/2012 18:00,0.617060632,0.698958108
9/16/2012 19:00,0.553475195,0.622466794
9/16/2012 20:00,0.556995577,0.556995577
9/16/2012 21:00,0.504909503,0.504909503
9/16/2012 22:00,0.416766595,0.416766595
9/16/2012 23:00,0.543382857,0.543382857
9/17/2012 0:00,0.290675567,0.290675567
9/17/2012 1:00,2.049326605,0.257819382
9/17/2012 2:00,1.956163297,0.235104812
9/17/2012 3:00,0.329350861,0.219649322
9/17/2012 4:00,0.20877861,0.20877861
9/17/2012 5:00,0.214183363,0.214183363
9/17/2012 6:00,0.249188386,0.249188386
9/17/2012 7:00,0.268691652,0.268691652
9/17/2012 8:00,0.277017213,0.277017213
9/17/2012 9:00,0.340371126,0.340371126
9/17/2012 10:00,0.528192405,0.528192405
9/17/2012 11:00,0.691937419,0.691937419
9/17/2012 12:00,0.920171115,0.920171115
9/17/2012 13:00,1.148017038,1.148017038
9/17/2012 14:00,0.937263543,1.222995924
9/17/2012 15:00,1.051001177,1.203834026
9/17/2012 16:00,1.079488436,1.2164305
9/17/2012 17:00,1.119165724,1.256884332
9/17/2012 18:00,0.950942901,1.058700128
9/17/2012 19:00,0.768089705,0.825351777
9/17/2012 20:00,0.647641744,0.647641744
9/17/2012 21:00,0.523117484,0.523117484
9/17/2012 22:00,0.426158431,0.426158431
9/17/2012 23:00,0.343098184,0.343098184
9/18/2012 0:00,0.281172608,0.281172608
9/18/2012 1:00,1.972110125,0.235221558
9/18/2012 2:00,1.965425298,0.19816107
9/18/2012 3:00,1.906391921,0.16984055
9/18/2012 4:00,0.137308085,0.137308085
9/18/2012 5:00,0.124605441,0.124605441
9/18/2012 6:00,0.133335897,0.133335897
9/18/2012 7:00,0.207660352,0.207660352
9/18/2012 8:00,0.287761525,0.287761525
9/18/2012 9:00,0.470156087,0.470156087
9/18/2012 10:00,0.570066008,0.570066008
9/18/2012 11:00,0.680144564,0.680144564
9/18/2012 12:00,0.818324962,0.818324962
9/18/2012 13:00,0.961085027,0.961085027
9/18/2012 14:00,0.847224015,1.080371288
9/18/2012 15:00,1.021392322,1.190465936
9/18/2012 16:00,1.050650882,1.211302853
9/18/2012 17:00,0.98936959,1.10202181
9/18/2012 18:00,0.752987356,0.814128482
9/18/2012 19:00,0.54718133,0.577016502
9/18/2012 20:00,0.406648257,0.406648257
9/18/2012 21:00,0.293883893,0.293883893
9/18/2012 22:00,0.197944353,0.197944353
9/18/2012 23:00,0.102133554,0.102133554
9/19/2012 0:00,0.02781486,0.02781486
9/19/2012 1:00,1.634274145,0
9/19/2012 2:00,1.615784129,0
9/19/2012 3:00,0.811925419,0
9/19/2012 4:00,0,0
9/19/2012 5:00,0,0
9/19/2012 6:00,0,0
9/19/2012 7:00,0,0
9/19/2012 8:00,0,0
9/19/2012 9:00,0,0
9/19/2012 10:00,0.005574276,0.005574276
9/19/2012 11:00,0.155829073,0.155829073
9/19/2012 12:00,0.330008179,0.330008179
9/19/2012 13:00,0.525600006,0.525600006
9/19/2012 14:00,0.563009128,0.706384265
9/19/2012 15:00,0.757700079,0.879888921
9/19/2012 16:00,0.840202193,0.964355296
9/19/2012 17:00,0.876604243,1.001635175
9/19/2012 18:00,0.699579038,0.78413701
9/19/2012 19:00,0.506957082,0.538733313
9/19/2012 20:00,0.376254424,0.376254424
9/19/2012 21:00,0.25607867,0.25607867
9/19/2012 22:00,0.165024156,0.165024156
9/19/2012 23:00,0.050075444,0.050075444
9/20/2012 0:00,0,0
9/20/2012 1:00,1.672234463,0
9/20/2012 2:00,1.467920521,0
9/20/2012 3:00,0.000207395,0
9/20/2012 4:00,0,0
9/20/2012 5:00,0,0
9/20/2012 6:00,0,0
9/20/2012 7:00,0,0
9/20/2012 8:00,0,0
9/20/2012 9:00,0,0
9/20/2012 10:00,0.023585702,0.023585702
9/20/2012 11:00,0.198106396,0.198106396
9/20/2012 12:00,0.418295115,0.418295115
9/20/2012 13:00,0.663507101,0.663507101
9/20/2012 14:00,0.679786499,0.895216566
9/20/2012 15:00,0.920292494,1.111758631
9/20/2012 16:00,1.003594232,1.201163087
9/20/2012 17:00,1.066230497,1.26215185
9/20/2012 18:00,0.834058656,0.958341126
9/20/2012 19:00,0.599240934,0.65220765
9/20/2012 20:00,0.459786598,0.459786598
9/20/2012 21:00,0.31872209,0.31872209
9/20/2012 22:00,0.216959836,0.216959836
9/20/2012 23:00,0.103049066,0.103049066
9/21/2012 0:00,0.018663094,0.018663094
9/21/2012 1:00,1.677847973,0
9/21/2012 2:00,1.649995651,0
9/21/2012 3:00,0.633380126,0
9/21/2012 4:00,0,0
9/21/2012 5:00,0.082139952,0.082139952
9/21/2012 6:00,0,0
9/21/2012 7:00,0,0
9/21/2012 8:00,0,0
9/21/2012 9:00,0.031664839,0.031664839
9/21/2012 10:00,0.277288811,0.277288811
9/21/2012 11:00,0.386762185,0.386762185
9/21/2012 12:00,0.696141611,0.696141611
9/21/2012 13:00,0.963083067,0.963083067
9/21/2012 14:00,0.877576568,1.179044629
9/21/2012 15:00,1.083260889,1.321530346
9/21/2012 16:00,1.173068465,1.416197923
9/21/2012 17:00,1.229294154,1.467462311
9/21/2012 18:00,0.985250095,1.148719831
9/21/2012 19:00,0.798510506,0.857543598
9/21/2012 20:00,0.623899339,0.623899339
9/21/2012 21:00,0.449512902,0.449512902
9/21/2012 22:00,0.318107019,0.318107019
9/21/2012 23:00,0.195722113,0.195722113
9/22/2012 0:00,0.20712655,0.20712655
9/22/2012 1:00,1.763805574,0.062310705
9/22/2012 2:00,1.812211675,0.213055815
9/22/2012 3:00,1.458769632,0
9/22/2012 4:00,0,0
9/22/2012 5:00,0,0
9/22/2012 6:00,0,0
9/22/2012 7:00,0,0
9/22/2012 8:00,0.091022155,0.091022155
9/22/2012 9:00,0.217949944,0.217949944
9/22/2012 10:00,0.458244922,0.458244922
9/22/2012 11:00,0.688054286,0.688054286
9/22/2012 12:00,0.920854725,0.920854725
9/22/2012 13:00,1.117896149,1.117896149
9/22/2012 14:00,1.051103247,1.491624036
9/22/2012 15:00,1.320154608,1.703790752
9/22/2012 16:00,1.32644486,1.672970489
9/22/2012 17:00,1.347747904,1.652515854
9/22/2012 18:00,1.131964658,1.27771228
9/22/2012 19:00,0.936400136,0.936400136
9/22/2012 20:00,0.673610082,0.673610082
9/22/2012 21:00,0.485192919,0.485192919
9/22/2012 22:00,0.341119045,0.341119045
9/22/2012 23:00,0.200284037,0.200284037
9/23/2012 0:00,0.104266382,0.104266382
9/23/2012 1:00,1.683227887,0.028291951
9/23/2012 2:00,1.653864449,0
9/23/2012 3:00,1.108369842,0
9/23/2012 4:00,0,0
9/23/2012 5:00,0,0
9/23/2012 6:00,0,0
9/23/2012 7:00,0,0
9/23/2012 8:00,0,0
9/23/2012 9:00,0.069485538,0.069485538
9/23/2012 10:00,0.211887271,0.211887271
9/23/2012 11:00,0.415724888,0.415724888
9/23/2012 12:00,0.668655349,0.668655349
9/23/2012 13:00,0.898901849,0.898901849
9/23/2012 14:00,0.829518973,1.098307277
9/23/2012 15:00,1.048418366,1.258333369
9/23/2012 16:00,1.083545875,1.27621888
9/23/2012 17:00,1.056537034,1.225840307
9/23/2012 18:00,0.843026263,0.953881782
9/23/2012 19:00,0.749495636,0.802092074
9/23/2012 20:00,0.550349479,0.550349479
9/23/2012 21:00,0.368518162,0.368518162
9/23/2012 22:00,0.235790188,0.235790188
9/23/2012 23:00,0.127943178,0.127943178
9/24/2012 0:00,0.041256887,0.041256887
9/24/2012 1:00,1.586113558,0
9/24/2012 2:00,1.580390587,0
9/24/2012 3:00,0.867196855,0
9/24/2012 4:00,0,0
9/24/2012 5:00,0,0
9/24/2012 6:00,0,0
9/24/2012 7:00,0,0
9/24/2012 8:00,0,0
9/24/2012 9:00,0,0
9/24/2012 10:00,0.03718803,0.03718803
9/24/2012 11:00,0.22184703,0.22184703
9/24/2012 12:00,0.410205539,0.410205539
9/24/2012 13:00,0.623385179,0.623385179
9/24/2012 14:00,0.669225352,0.848606561
9/24/2012 15:00,0.861429092,0.999859981
9/24/2012 16:00,0.928596172,1.063441856
9/24/2012 17:00,0.905685218,1.027379717
9/24/2012 18:00,0.739156178,0.818622086
9/24/2012 19:00,0.567928576,0.599718603
9/24/2012 20:00,0.434436134,0.434436134
9/24/2012 21:00,0.303099021,0.303099021
9/24/2012 22:00,0.185547497,0.185547497
9/24/2012 23:00,0.079496735,0.079496735
9/25/2012 0:00,0.008295582,0.008295582
9/25/2012 1:00,1.727702972,0
9/25/2012 2:00,1.594656692,0
9/25/2012 3:00,0.211414726,0
9/25/2012 4:00,0,0
9/25/2012 5:00,0,0
9/25/2012 6:00,0,0
9/25/2012 7:00,0,0
9/25/2012 8:00,0.016953792,0.016953792
9/25/2012 9:00,0.147061534,0.147061534
9/25/2012 10:00,0.302256954,0.302256954
9/25/2012 11:00,0.491970415,0.491970415
9/25/2012 12:00,0.733699612,0.733699612
9/25/2012 13:00,0.938016016,0.938016016
9/25/2012 14:00,0.859644379,1.157438535
9/25/2012 15:00,0.961272688,1.166488191
9/25/2012 16:00,0.964529692,1.146840779
9/25/2012 17:00,1.019311834,1.194331395
9/25/2012 18:00,0.813398007,0.934645656
9/25/2012 19:00,0.642181144,0.715875436
9/25/2012 20:00,0.569301793,0.569301793
9/25/2012 21:00,0.430467224,0.430467224
9/25/2012 22:00,0.312546946,0.312546946
9/25/2012 23:00,0.210454422,0.210454422
9/26/2012 0:00,0.129972648,0.129972648
9/26/2012 1:00,1.747906944,0.072862627
9/26/2012 2:00,1.704978657,0.022940653
9/26/2012 3:00,0.892945001,0
9/26/2012 4:00,0,0
9/26/2012 5:00,0,0
9/26/2012 6:00,0,0
9/26/2012 7:00,0,0
9/26/2012 8:00,0.096295057,0.096295057
9/26/2012 9:00,0.207098982,0.207098982
9/26/2012 10:00,0.383838283,0.383838283
9/26/2012 11:00,0.586645355,0.586645355
9/26/2012 12:00,0.831063631,0.831063631
9/26/2012 13:00,1.050957837,1.050957837
9/26/2012 14:00,0.969135857,1.302079573
9/26/2012 15:00,1.152403232,1.409530587
9/26/2012 16:00,1.229600548,1.500839824
9/26/2012 17:00,1.270455323,1.545726394
9/26/2012 18:00,0.994261934,1.170298012
9/26/2012 19:00,0.853678137,0.877474178
9/26/2012 20:00,0.655929597,0.655929597
9/26/2012 21:00,0.493585666,0.493585666
9/26/2012 22:00,0.399224378,0.399224378
9/26/2012 23:00,0.261799932,0.261799932
9/27/2012 0:00,0.176713759,0.176713759
9/27/2012 1:00,1.816743754,0.123842258
9/27/2012 2:00,1.834280382,0.083307772
9/27/2012 3:00,1.64079007,0.050683678
9/27/2012 4:00,0.027446868,0.027446868
9/27/2012 5:00,0.018091941,0.018091941
9/27/2012 6:00,0.001085734,0.001085734
9/27/2012 7:00,0.0839266,0.0839266
9/27/2012 8:00,0.16734333,0.16734333
9/27/2012 9:00,0.212292009,0.212292009
9/27/2012 10:00,0.458516916,0.458516916
9/27/2012 11:00,0.662505884,0.662505884
9/27/2012 12:00,0.909247435,0.909247435
9/27/2012 13:00,1.277012758,1.277012758
9/27/2012 14:00,0.984244176,1.40458448
9/27/2012 15:00,1.058950655,1.38170664
9/27/2012 16:00,1.009493059,1.28572538
9/27/2012 17:00,1.021213199,1.250374104
9/27/2012 18:00,0.835190511,0.991628784
9/27/2012 19:00,0.713577623,0.810045904
9/27/2012 20:00,0.645655345,0.645655345
9/27/2012 21:00,0.672349551,0.672349551
9/27/2012 22:00,0.381771409,0.381771409
9/27/2012 23:00,0.282788972,0.282788972
9/28/2012 0:00,0.16816594,0.16816594
9/28/2012 1:00,1.79858072,0.111640256
9/28/2012 2:00,1.817338054,0.071848038
9/28/2012 3:00,1.422576353,0.035182905
9/28/2012 4:00,0.01048815,0.01048815
9/28/2012 5:00,0.011517887,0.011517887
9/28/2012 6:00,0.067037534,0.067037534
9/28/2012 7:00,0.357621281,0.357621281
9/28/2012 8:00,0.161113078,0.161113078
9/28/2012 9:00,0.283831706,0.283831706
9/28/2012 10:00,0.603774926,0.603774926
9/28/2012 11:00,0.838601403,0.838601403
9/28/2012 12:00,1.155985853,1.155985853
9/28/2012 13:00,1.387131487,1.387131487
9/28/2012 14:00,1.038948118,1.460686402
9/28/2012 15:00,1.228142772,1.589684765
9/28/2012 16:00,1.188624609,1.539544293
9/28/2012 17:00,1.181179094,1.48347668
9/28/2012 18:00,0.916344203,1.093944032
9/28/2012 19:00,0.781430765,0.81502839
9/28/2012 20:00,0.635791032,0.635791032
9/28/2012 21:00,0.508537798,0.508537798
9/28/2012 22:00,0.387994374,0.387994374
9/28/2012 23:00,0.285887991,0.285887991
9/29/2012 0:00,0.204199649,0.204199649
9/29/2012 1:00,1.873769267,0.167420822
9/29/2012 2:00,1.887090953,0.112762927
9/29/2012 3:00,1.778632736,0.084727235
9/29/2012 4:00,0.048966551,0.048966551
9/29/2012 5:00,0.04495175,0.04495175
9/29/2012 6:00,0.016247026,0.016247026
9/29/2012 7:00,0.120377714,0.120377714
9/29/2012 8:00,0.176031865,0.176031865
9/29/2012 9:00,0.305582326,0.305582326
9/29/2012 10:00,0.587783384,0.587783384
9/29/2012 11:00,0.775629601,0.775629601
9/29/2012 12:00,1.090236671,1.090236671
9/29/2012 13:00,1.332914013,1.332914013
9/29/2012 14:00,1.149682794,1.579217524
9/29/2012 15:00,1.350644319,1.678818733
9/29/2012 16:00,1.254303215,1.502013475
9/29/2012 17:00,1.199309322,1.389756207
9/29/2012 18:00,0.93514255,1.050222704
9/29/2012 19:00,0.780132199,0.780132199
9/29/2012 20:00,0.584738915,0.584738915
9/29/2012 21:00,0.465011087,0.465011087
9/29/2012 22:00,0.345084557,0.345084557
9/29/2012 23:00,0.243434091,0.243434091
9/30/2012 0:00,0.171692913,0.171692913
9/30/2012 1:00,1.878079499,0.113958211
9/30/2012 2:00,1.907129133,0.132185394
9/30/2012 3:00,1.684742613,0.022443375
9/30/2012 4:00,0,0
9/30/2012 5:00,0,0
9/30/2012 6:00,0,0
9/30/2012 7:00,0.077550372,0.077550372
9/30/2012 8:00,0.105329787,0.105329787
9/30/2012 9:00,0.186780236,0.186780236
9/30/2012 10:00,0.327068899,0.327068899
9/30/2012 11:00,0.628607739,0.628607739
9/30/2012 12:00,0.600489248,0.600489248
9/30/2012 13:00,0.744792045,0.744792045
9/30/2012 14:00,0.705985411,0.856674441
9/30/2012 15:00,0.826065723,0.904799368
9/30/2012 16:00,0.809248081,0.873314204
9/30/2012 17:00,0.679867592,0.72764198
9/30/2012 18:00,0.54235846,0.576107952
9/30/2012 19:00,0.396904637,0.418521598
9/30/2012 20:00,0.309467182,0.309467182
9/30/2012 21:00,0.2189225,0.2189225
9/30/2012 22:00,0.165530981,0.165530981
9/30/2012 23:00,0.1082852,0.1082852
10/1/2012 0:00,0.075734764,0.075734764
10/1/2012 1:00,0.060716365,0.060716365
10/1/2012 2:00,0.072091858,0.072091858
10/1/2012 3:00,0.085442019,0.085442019
10/1/2012 4:00,0.105993474,0.105993474
10/1/2012 5:00,0.130223647,0.130223647
10/1/2012 6:00,0.18961121,0.18961121
10/1/2012 7:00,0.238996105,0.238996105
10/1/2012 8:00,0.265441245,0.265441245
10/1/2012 9:00,0.449830252,0.449830252
10/1/2012 10:00,0.400932914,0.400932914
10/1/2012 11:00,0.559369323,0.559369323
10/1/2012 12:00,0.738343671,0.738343671
10/1/2012 13:00,1.01626791,1.01626791
10/1/2012 14:00,1.208453433,1.208453433
10/1/2012 15:00,1.318197234,1.318197234
10/1/2012 16:00,1.477935439,1.477935439
10/1/2012 17:00,1.444780064,1.444780064
10/1/2012 18:00,1.120788299,1.120788299
10/1/2012 19:00,0.879487409,0.879487409
10/1/2012 20:00,0.671259359,0.671259359
10/1/2012 21:00,0.487063365,0.487063365
10/1/2012 22:00,0.356459894,0.356459894
10/1/2012 23:00,0.251278688,0.251278688
10/2/2012 0:00,0.170453886,0.170453886
10/2/2012 1:00,0.118852308,0.118852308
10/2/2012 2:00,0.079357155,0.079357155
10/2/2012 3:00,0.040655302,0.040655302
10/2/2012 4:00,0.032785927,0.032785927
10/2/2012 5:00,0.099690389,0.099690389
10/2/2012 6:00,0.18002762,0.18002762
10/2/2012 7:00,0.084481821,0.084481821
10/2/2012 8:00,0.276536591,0.276536591
10/2/2012 9:00,0.211232958,0.211232958
10/2/2012 10:00,0.143677933,0.143677933
10/2/2012 11:00,0.282279971,0.282279971
10/2/2012 12:00,0.375917504,0.375917504
10/2/2012 13:00,0.429752349,0.429752349
10/2/2012 14:00,0.487152024,0.487152024
10/2/2012 15:00,0.556725115,0.556725115
10/2/2012 16:00,0.582470064,0.582470064
10/2/2012 17:00,0.536940446,0.536940446
10/2/2012 18:00,0.506966127,0.506966127
10/2/2012 19:00,0.384546843,0.384546843
10/2/2012 20:00,0.268668696,0.268668696
10/2/2012 21:00,0.16128763,0.16128763
10/2/2012 22:00,0.066615722,0.066615722
10/2/2012 23:00,0.030016944,0.030016944
10/3/2012 0:00,0.113360737,0.113360737
10/3/2012 1:00,0.186856556,0.186856556
10/3/2012 2:00,0.232788519,0.232788519
10/3/2012 3:00,0.279502434,0.279502434
10/3/2012 4:00,0.307155677,0.307155677
10/3/2012 5:00,0.320110269,0.320110269
10/3/2012 6:00,0.42353858,0.42353858
10/3/2012 7:00,0.315205103,0.315205103
10/3/2012 8:00,0.253644001,0.253644001
10/3/2012 9:00,0.144844506,0.144844506
10/3/2012 10:00,0.048423996,0.048423996
10/3/2012 11:00,0.155596537,0.155596537
10/3/2012 12:00,0.307281252,0.307281252
10/3/2012 13:00,0.512885802,0.512885802
10/3/2012 14:00,0.808283112,0.808283112
10/3/2012 15:00,1.077294751,1.077294751
10/3/2012 16:00,1.222913054,1.222913054
10/3/2012 17:00,1.343654097,1.343654097
10/3/2012 18:00,1.175844271,1.175844271
10/3/2012 19:00,0.765064364,0.765064364
10/3/2012 20:00,0.485888399,0.485888399
10/3/2012 21:00,0.35132255,0.35132255
10/3/2012 22:00,0.196796629,0.196796629
10/3/2012 23:00,0.190707495,0.190707495
10/4/2012 0:00,0.015928674,0.015928674
10/4/2012 1:00,0.068414646,0.068414646
10/4/2012 2:00,0.148334665,0.148334665
10/4/2012 3:00,0.197282902,0.197282902
10/4/2012 4:00,0.251954759,0.251954759
10/4/2012 5:00,0.267819526,0.267819526
10/4/2012 6:00,0.293552768,0.293552768
10/4/2012 7:00,0.149976233,0.149976233
10/4/2012 8:00,0.043585137,0.043585137
10/4/2012 9:00,0.125815048,0.125815048
10/4/2012 10:00,0.260153234,0.260153234
10/4/2012 11:00,0.497851698,0.497851698
10/4/2012 12:00,0.811625759,0.811625759
10/4/2012 13:00,1.117141156,1.117141156
10/4/2012 14:00,1.37289863,1.37289863
10/4/2012 15:00,1.584018649,1.584018649
10/4/2012 16:00,1.505909945,1.505909945
10/4/2012 17:00,1.452711576,1.452711576
10/4/2012 18:00,1.040585157,1.040585157
10/4/2012 19:00,0.733503131,0.733503131
10/4/2012 20:00,0.509107334,0.509107334
10/4/2012 21:00,0.346877051,0.346877051
10/4/2012 22:00,0.205928281,0.205928281
10/4/2012 23:00,0.102524913,0.102524913
10/5/2012 0:00,0.017407638,0.017407638
10/5/2012 1:00,0.062509771,0.062509771
10/5/2012 2:00,0.139362837,0.139362837
10/5/2012 3:00,0.191591977,0.191591977
10/5/2012 4:00,0.252296962,0.252296962
10/5/2012 5:00,0.27791357,0.27791357
10/5/2012 6:00,0.373287191,0.373287191
10/5/2012 7:00,0.21092636,0.21092636
10/5/2012 8:00,0.105123565,0.105123565
10/5/2012 9:00,0.071893954,0.071893954
10/5/2012 10:00,0.238464813,0.238464813
10/5/2012 11:00,0.445869269,0.445869269
10/5/2012 12:00,0.732100813,0.732100813
10/5/2012 13:00,1.072815144,1.072815144
10/5/2012 14:00,1.267427868,1.267427868
10/5/2012 15:00,1.405822585,1.405822585
10/5/2012 16:00,1.41661354,1.41661354
10/5/2012 17:00,1.39836707,1.39836707
10/5/2012 18:00,1.038974401,1.038974401
10/5/2012 19:00,0.76285286,0.76285286
10/5/2012 20:00,0.555090003,0.555090003
10/5/2012 21:00,0.375644987,0.375644987
10/5/2012 22:00,0.244944179,0.244944179
10/5/2012 23:00,0.140262588,0.140262588
10/6/2012 0:00,0.047788979,0.047788979
10/6/2012 1:00,0.018030714,0.018030714
10/6/2012 2:00,0.085066288,0.085066288
10/6/2012 3:00,0.131655827,0.131655827
10/6/2012 4:00,0.180288096,0.180288096
10/6/2012 5:00,0.183751456,0.183751456
10/6/2012 6:00,0.258807911,0.258807911
10/6/2012 7:00,0.075240627,0.075240627
10/6/2012 8:00,0.04775681,0.04775681
10/6/2012 9:00,0.190075087,0.190075087
10/6/2012 10:00,0.24830641,0.24830641
10/6/2012 11:00,0.419265119,0.419265119
10/6/2012 12:00,0.516398957,0.516398957
10/6/2012 13:00,0.582897579,0.582897579
10/6/2012 14:00,0.657814066,0.657814066
10/6/2012 15:00,0.701175537,0.701175537
10/6/2012 16:00,0.681194012,0.681194012
10/6/2012 17:00,0.526887751,0.526887751
10/6/2012 18:00,0.391801613,0.391801613
10/6/2012 19:00,0.271140755,0.271140755
10/6/2012 20:00,0.130603588,0.130603588
10/6/2012 21:00,0.017933383,0.017933383
10/6/2012 22:00,0.029114936,0.029114936
10/6/2012 23:00,0.08426828,0.08426828
10/7/2012 0:00,0.163054838,0.163054838
10/7/2012 1:00,0.205761245,0.205761245
10/7/2012 2:00,0.275302453,0.275302453
10/7/2012 3:00,0.259416519,0.259416519
10/7/2012 4:00,0.310593818,0.310593818
10/7/2012 5:00,0.357661575,0.357661575
10/7/2012 6:00,0.441918159,0.441918159
10/7/2012 7:00,0.328182852,0.328182852
10/7/2012 8:00,0.301155521,0.301155521
10/7/2012 9:00,0.280763612,0.280763612
10/7/2012 10:00,0.301004914,0.301004914
10/7/2012 11:00,0.175805193,0.175805193
10/7/2012 12:00,0.170320319,0.170320319
10/7/2012 13:00,0.120904257,0.120904257
10/7/2012 14:00,0.116227747,0.116227747
10/7/2012 15:00,0.038375647,0.038375647
10/7/2012 16:00,0.052657715,0.052657715
10/7/2012 17:00,0.039104009,0.039104009
10/7/2012 18:00,0.053868158,0.053868158
10/7/2012 19:00,0.206068271,0.206068271
10/7/2012 20:00,0.040595167,0.040595167
10/7/2012 21:00,0.076189732,0.076189732
10/7/2012 22:00,0.158123504,0.158123504
10/7/2012 23:00,0.225882135,0.225882135
10/8/2012 0:00,0.317657565,0.317657565
10/8/2012 1:00,0.364243125,0.364243125
10/8/2012 2:00,0.409219678,0.409219678
10/8/2012 3:00,0.413660193,0.413660193
10/8/2012 4:00,0.445920778,0.445920778
10/8/2012 5:00,0.436671217,0.436671217
10/8/2012 6:00,0.497875512,0.497875512
10/8/2012 7:00,0.412798191,0.412798191
10/8/2012 8:00,0.327387033,0.327387033
10/8/2012 9:00,0.119979184,0.119979184
10/8/2012 10:00,0.178529363,0.178529363
10/8/2012 11:00,0.09230424,0.09230424
10/8/2012 12:00,0.056120554,0.056120554
10/8/2012 13:00,0.198486651,0.198486651
10/8/2012 14:00,0.29349726,0.29349726
10/8/2012 15:00,0.387159651,0.387159651
10/8/2012 16:00,0.396454965,0.396454965
10/8/2012 17:00,0.30239542,0.30239542
10/8/2012 18:00,0.212187647,0.212187647
10/8/2012 19:00,0.095295938,0.095295938
10/8/2012 20:00,0.014364743,0.014364743
10/8/2012 21:00,0.059783475,0.059783475
10/8/2012 22:00,0.146904467,0.146904467
10/8/2012 23:00,0.244679145,0.244679145
10/9/2012 0:00,0.336486346,0.336486346
10/9/2012 1:00,0.426568755,0.426568755
10/9/2012 2:00,0.506844412,0.506844412
10/9/2012 3:00,0.555170342,0.555170342
10/9/2012 4:00,0.59768109,0.59768109
10/9/2012 5:00,0.638142789,0.638142789
10/9/2012 6:00,0.833599296,0.833599296
10/9/2012 7:00,0.630706497,0.630706497
10/9/2012 8:00,0.487403939,0.487403939
10/9/2012 9:00,0.329334316,0.329334316
10/9/2012 10:00,0.158929381,0.158929381
10/9/2012 11:00,0.017300577,0.017300577
10/9/2012 12:00,0.112645167,0.112645167
10/9/2012 13:00,0.261961794,0.261961794
10/9/2012 14:00,0.418255287,0.418255287
10/9/2012 15:00,0.592444709,0.592444709
10/9/2012 16:00,0.696353099,0.696353099
10/9/2012 17:00,0.659573094,0.659573094
10/9/2012 18:00,0.486700509,0.486700509
10/9/2012 19:00,0.404037955,0.404037955
10/9/2012 20:00,0.270228572,0.270228572
10/9/2012 21:00,0.061741852,0.061741852
10/9/2012 22:00,0.089516382,0.089516382
10/9/2012 23:00,0.195764607,0.195764607
10/10/2012 0:00,0.382110035,0.382110035
10/10/2012 1:00,0.468400171,0.468400171
10/10/2012 2:00,0.562558173,0.562558173
10/10/2012 3:00,0.593399351,0.593399351
10/10/2012 4:00,0.64014103,0.64014103
10/10/2012 5:00,0.626603344,0.626603344
10/10/2012 6:00,0.540607837,0.540607837
10/10/2012 7:00,0.403750362,0.403750362
10/10/2012 8:00,0.231996664,0.231996664
10/10/2012 9:00,0.091260587,0.091260587
10/10/2012 10:00,0.156468317,0.156468317
10/10/2012 11:00,0.204056213,0.204056213
10/10/2012 12:00,0.377348615,0.377348615
10/10/2012 13:00,0.533071442,0.533071442
10/10/2012 14:00,0.701583772,0.701583772
10/10/2012 15:00,0.849251581,0.849251581
10/10/2012 16:00,0.873025219,0.873025219
10/10/2012 17:00,0.777660733,0.777660733
10/10/2012 18:00,0.574857238,0.574857238
10/10/2012 19:00,0.402985642,0.402985642
10/10/2012 20:00,0.276610691,0.276610691
10/10/2012 21:00,0.175654103,0.175654103
10/10/2012 22:00,0.092244167,0.092244167
10/10/2012 23:00,0.021387058,0.021387058
10/11/2012 0:00,0.102526759,0.102526759
10/11/2012 1:00,0.20061959,0.20061959
10/11/2012 2:00,0.298341979,0.298341979
10/11/2012 3:00,0.379262299,0.379262299
10/11/2012 4:00,0.444604125,0.444604125
10/11/2012 5:00,0.472507697,0.472507697
10/11/2012 6:00,0.568976482,0.568976482
10/11/2012 7:00,0.3453682,0.3453682
10/11/2012 8:00,0.182751028,0.182751028
10/11/2012 9:00,0.03847808,0.03847808
10/11/2012 10:00,0.06551204,0.06551204
10/11/2012 11:00,0.25445758,0.25445758
10/11/2012 12:00,0.422770423,0.422770423
10/11/2012 13:00,0.621410364,0.621410364
10/11/2012 14:00,0.834035945,0.834035945
10/11/2012 15:00,1.035795202,1.035795202
10/11/2012 16:00,1.194364906,1.194364906
10/11/2012 17:00,0.967146128,0.967146128
10/11/2012 18:00,0.704256618,0.704256618
10/11/2012 19:00,0.543070586,0.543070586
10/11/2012 20:00,0.338420567,0.338420567
10/11/2012 21:00,0.252486856,0.252486856
10/11/2012 22:00,0.144990284,0.144990284
10/11/2012 23:00,0.067284358,0.067284358
10/12/2012 0:00,0.013804976,0.013804976
10/12/2012 1:00,0.051714629,0.051714629
10/12/2012 2:00,0.116308432,0.116308432
10/12/2012 3:00,0.166129516,0.166129516
10/12/2012 4:00,0.211541438,0.211541438
10/12/2012 5:00,0.223791343,0.223791343
10/12/2012 6:00,0.263611222,0.263611222
10/12/2012 7:00,0.180585566,0.180585566
10/12/2012 8:00,0.084128374,0.084128374
10/12/2012 9:00,0.088388562,0.088388562
10/12/2012 10:00,0.1969685,0.1969685
10/12/2012 11:00,0.383089291,0.383089291
10/12/2012 12:00,0.520438752,0.520438752
10/12/2012 13:00,0.709798319,0.709798319
10/12/2012 14:00,0.958895762,0.958895762
10/12/2012 15:00,1.166494135,1.166494135
10/12/2012 16:00,1.161581237,1.161581237
10/12/2012 17:00,1.113592479,1.113592479
10/12/2012 18:00,0.83863019,0.83863019
10/12/2012 19:00,0.678003198,0.678003198
10/12/2012 20:00,0.466526585,0.466526585
10/12/2012 21:00,0.35524091,0.35524091
10/12/2012 22:00,0.234866867,0.234866867
10/12/2012 23:00,0.152590156,0.152590156
10/13/2012 0:00,0.097853899,0.097853899
10/13/2012 1:00,0.064236503,0.064236503
10/13/2012 2:00,0.033391594,0.033391594
10/13/2012 3:00,0.024577706,0.024577706
10/13/2012 4:00,0.002351275,0.002351275
10/13/2012 5:00,0.014802123,0.014802123
10/13/2012 6:00,0.009940854,0.009940854
10/13/2012 7:00,0.06500159,0.06500159
10/13/2012 8:00,0.278500317,0.278500317
10/13/2012 9:00,0.244323723,0.244323723
10/13/2012 10:00,0.406629434,0.406629434
10/13/2012 11:00,0.577728272,0.577728272
10/13/2012 12:00,0.660805565,0.660805565
10/13/2012 13:00,0.84370525,0.84370525
10/13/2012 14:00,0.872909009,0.872909009
10/13/2012 15:00,1.008723121,1.008723121
10/13/2012 16:00,0.988009476,0.988009476
10/13/2012 17:00,0.987052342,0.987052342
10/13/2012 18:00,0.828613467,0.828613467
10/13/2012 19:00,0.725463261,0.725463261
10/13/2012 20:00,0.649997405,0.649997405
10/13/2012 21:00,0.465983468,0.465983468
10/13/2012 22:00,0.387886931,0.387886931
10/13/2012 23:00,0.29130226,0.29130226
10/14/2012 0:00,0.24366393,0.24366393
10/14/2012 1:00,0.196401704,0.196401704
10/14/2012 2:00,0.163424846,0.163424846
10/14/2012 3:00,0.12745327,0.12745327
10/14/2012 4:00,0.08780806,0.08780806
10/14/2012 5:00,0.085507044,0.085507044
10/14/2012 6:00,0.18642639,0.18642639
10/14/2012 7:00,0.115423672,0.115423672
10/14/2012 8:00,0.135713618,0.135713618
10/14/2012 9:00,0.271302399,0.271302399
10/14/2012 10:00,0.242264537,0.242264537
10/14/2012 11:00,0.448184722,0.448184722
10/14/2012 12:00,0.613523548,0.613523548
10/14/2012 13:00,1.050357013,1.050357013
10/14/2012 14:00,0.896006979,0.896006979
10/14/2012 15:00,1.033502406,1.033502406
10/14/2012 16:00,0.995250849,0.995250849
10/14/2012 17:00,0.935549755,0.935549755
10/14/2012 18:00,0.762268246,0.762268246
10/14/2012 19:00,0.633436974,0.633436974
10/14/2012 20:00,0.637168744,0.637168744
10/14/2012 21:00,0.466669346,0.466669346
10/14/2012 22:00,0.492663087,0.492663087
10/14/2012 23:00,0.307232083,0.307232083
10/15/2012 0:00,0.218492882,0.218492882
10/15/2012 1:00,0.149091871,0.149091871
10/15/2012 2:00,0.109879035,0.109879035
10/15/2012 3:00,0.079180845,0.079180845
10/15/2012 4:00,0.031390431,0.031390431
10/15/2012 5:00,0.012738782,0.012738782
10/15/2012 6:00,0.057118604,0.057118604
10/15/2012 7:00,0.200316527,0.200316527
10/15/2012 8:00,0.083016968,0.083016968
10/15/2012 9:00,0.309340763,0.309340763
10/15/2012 10:00,0.41574978,0.41574978
10/15/2012 11:00,0.607978061,0.607978061
10/15/2012 12:00,0.81356539,0.81356539
10/15/2012 13:00,0.989927998,0.989927998
10/15/2012 14:00,1.217645965,1.217645965
10/15/2012 15:00,1.121008465,1.121008465
10/15/2012 16:00,1.127993173,1.127993173
10/15/2012 17:00,0.99760587,0.99760587
10/15/2012 18:00,0.714956447,0.714956447
10/15/2012 19:00,0.530411451,0.530411451
10/15/2012 20:00,0.40023304,0.40023304
10/15/2012 21:00,0.280523215,0.280523215
10/15/2012 22:00,0.16500642,0.16500642
10/15/2012 23:00,0.066121668,0.066121668
10/16/2012 0:00,0.019096776,0.019096776
10/16/2012 1:00,0.084881331,0.084881331
10/16/2012 2:00,0.150836923,0.150836923
10/16/2012 3:00,0.213021255,0.213021255
10/16/2012 4:00,0.260476546,0.260476546
10/16/2012 5:00,0.288395531,0.288395531
10/16/2012 6:00,0.41731203,0.41731203
10/16/2012 7:00,0.250081836,0.250081836
10/16/2012 8:00,0.197870423,0.197870423
10/16/2012 9:00,0.047631921,0.047631921
10/16/2012 10:00,0.048352839,0.048352839
10/16/2012 11:00,0.189843161,0.189843161
10/16/2012 12:00,0.341192094,0.341192094
10/16/2012 13:00,0.447004368,0.447004368
10/16/2012 14:00,0.532994313,0.532994313
10/16/2012 15:00,0.575684475,0.575684475
10/16/2012 16:00,0.581899333,0.581899333
10/16/2012 17:00,0.563187396,0.563187396
10/16/2012 18:00,0.498464318,0.498464318
10/16/2012 19:00,0.374379666,0.374379666
10/16/2012 20:00,0.286413978,0.286413978
10/16/2012 21:00,0.214202776,0.214202776
10/16/2012 22:00,0.241655076,0.241655076
10/16/2012 23:00,0.088186614,0.088186614
10/17/2012 0:00,0.056318503,0.056318503
10/17/2012 1:00,0.017276011,0.017276011
10/17/2012 2:00,0.016214368,0.016214368
10/17/2012 3:00,0.053528321,0.053528321
10/17/2012 4:00,0.07933468,0.07933468
10/17/2012 5:00,0.109137735,0.109137735
10/17/2012 6:00,0.20855162,0.20855162
10/17/2012 7:00,0.135260682,0.135260682
10/17/2012 8:00,0.090872241,0.090872241
10/17/2012 9:00,0.034691703,0.034691703
10/17/2012 10:00,0.059494355,0.059494355
10/17/2012 11:00,0.171188495,0.171188495
10/17/2012 12:00,0.334918796,0.334918796
10/17/2012 13:00,0.45225541,0.45225541
10/17/2012 14:00,0.538137939,0.538137939
10/17/2012 15:00,0.579370619,0.579370619
10/17/2012 16:00,0.656599229,0.656599229
10/17/2012 17:00,0.685587696,0.685587696
10/17/2012 18:00,0.616036807,0.616036807
10/17/2012 19:00,0.476577038,0.476577038
10/17/2012 20:00,0.368355974,0.368355974
10/17/2012 21:00,0.312049144,0.312049144
10/17/2012 22:00,0.228871892,0.228871892
10/17/2012 23:00,0.213070534,0.213070534
10/18/2012 0:00,0.124710715,0.124710715
10/18/2012 1:00,0.082429298,0.082429298
10/18/2012 2:00,0.039460551,0.039460551
10/18/2012 3:00,0.052783918,0.052783918
10/18/2012 4:00,0.05991552,0.05991552
10/18/2012 5:00,0.037977593,0.037977593
10/18/2012 6:00,0.01512933,0.01512933
10/18/2012 7:00,0.223459708,0.223459708
10/18/2012 8:00,0.289030666,0.289030666
10/18/2012 9:00,0.223973915,0.223973915
10/18/2012 10:00,0.15336965,0.15336965
10/18/2012 11:00,0.201830509,0.201830509
10/18/2012 12:00,0.278122503,0.278122503
10/18/2012 13:00,0.37723111,0.37723111
10/18/2012 14:00,0.391678278,0.391678278
10/18/2012 15:00,0.394630671,0.394630671
10/18/2012 16:00,0.417586116,0.417586116
10/18/2012 17:00,0.440602117,0.440602117
10/18/2012 18:00,0.387473153,0.387473153
10/18/2012 19:00,0.316695516,0.316695516
10/18/2012 20:00,0.255395192,0.255395192
10/18/2012 21:00,0.1669633,0.1669633
10/18/2012 22:00,0.032210081,0.032210081
10/18/2012 23:00,0.061746646,0.061746646
10/19/2012 0:00,0.131594057,0.131594057
10/19/2012 1:00,0.185146648,0.185146648
10/19/2012 2:00,0.262050882,0.262050882
10/19/2012 3:00,0.318368779,0.318368779
10/19/2012 4:00,0.362085833,0.362085833
10/19/2012 5:00,0.423258437,0.423258437
10/19/2012 6:00,0.607774698,0.607774698
10/19/2012 7:00,0.439540857,0.439540857
10/19/2012 8:00,0.395007575,0.395007575
10/19/2012 9:00,0.306805191,0.306805191
10/19/2012 10:00,0.244233842,0.244233842
10/19/2012 11:00,0.065363002,0.065363002
10/19/2012 12:00,0.060748361,0.060748361
10/19/2012 13:00,0.148686571,0.148686571
10/19/2012 14:00,0.189547419,0.189547419
10/19/2012 15:00,0.254104027,0.254104027
10/19/2012 16:00,0.258609302,0.258609302
10/19/2012 17:00,0.249915192,0.249915192
10/19/2012 18:00,0.222541029,0.222541029
10/19/2012 19:00,0.175399406,0.175399406
10/19/2012 20:00,0.14256075,0.14256075
10/19/2012 21:00,0.073317582,0.073317582
10/19/2012 22:00,0.045255916,0.045255916
10/19/2012 23:00,0.18434202,0.18434202
10/20/2012 0:00,0.312596949,0.312596949
10/20/2012 1:00,0.42287445,0.42287445
10/20/2012 2:00,0.53278927,0.53278927
10/20/2012 3:00,0.61347934,0.61347934
10/20/2012 4:00,0.684039439,0.684039439
10/20/2012 5:00,0.741947272,0.741947272
10/20/2012 6:00,0.83371378,0.83371378
10/20/2012 7:00,0.592949554,0.592949554
10/20/2012 8:00,0.572339742,0.572339742
10/20/2012 9:00,0.357589704,0.357589704
10/20/2012 10:00,0.229675957,0.229675957
10/20/2012 11:00,0.052779199,0.052779199
10/20/2012 12:00,0.121068655,0.121068655
10/20/2012 13:00,0.250465711,0.250465711
10/20/2012 14:00,0.409380859,0.409380859
10/20/2012 15:00,0.562362861,0.562362861
10/20/2012 16:00,0.607124777,0.607124777
10/20/2012 17:00,0.587826417,0.587826417
10/20/2012 18:00,0.444240339,0.444240339
10/20/2012 19:00,0.267878617,0.267878617
10/20/2012 20:00,0.150057302,0.150057302
10/20/2012 21:00,0.024100337,0.024100337
10/20/2012 22:00,0.158072022,0.158072022
10/20/2012 23:00,0.335407484,0.335407484
10/21/2012 0:00,0.462089603,0.462089603
10/21/2012 1:00,0.582656865,0.582656865
10/21/2012 2:00,0.659688446,0.659688446
10/21/2012 3:00,0.728326413,0.728326413
10/21/2012 4:00,0.759803801,0.759803801
10/21/2012 5:00,0.787401691,0.787401691
10/21/2012 6:00,0.921335702,0.921335702
10/21/2012 7:00,0.705245127,0.705245127
10/21/2012 8:00,0.508328971,0.508328971
10/21/2012 9:00,0.262986519,0.262986519
10/21/2012 10:00,0.07162677,0.07162677
10/21/2012 11:00,0.097452596,0.097452596
10/21/2012 12:00,0.280671817,0.280671817
10/21/2012 13:00,0.457948006,0.457948006
10/21/2012 14:00,0.653624185,0.653624185
10/21/2012 15:00,0.782207479,0.782207479
10/21/2012 16:00,0.887914705,0.887914705
10/21/2012 17:00,0.780331098,0.780331098
10/21/2012 18:00,0.628601102,0.628601102
10/21/2012 19:00,0.418069825,0.418069825
10/21/2012 20:00,0.316292283,0.316292283
10/21/2012 21:00,0.300184331,0.300184331
10/21/2012 22:00,0.109775865,0.109775865
10/21/2012 23:00,0.067553889,0.067553889
10/22/2012 0:00,0.17246957,0.17246957
10/22/2012 1:00,0.272621659,0.272621659
10/22/2012 2:00,0.344670877,0.344670877
10/22/2012 3:00,0.41567226,0.41567226
10/22/2012 4:00,0.445305076,0.445305076
10/22/2012 5:00,0.470121247,0.470121247
10/22/2012 6:00,0.575728071,0.575728071
10/22/2012 7:00,0.430725638,0.430725638
10/22/2012 8:00,0.253692407,0.253692407
10/22/2012 9:00,0.069110425,0.069110425
10/22/2012 10:00,0.100933181,0.100933181
10/22/2012 11:00,0.240853049,0.240853049
10/22/2012 12:00,0.476288366,0.476288366
10/22/2012 13:00,0.730025871,0.730025871
10/22/2012 14:00,0.877271292,0.877271292
10/22/2012 15:00,0.986001334,0.986001334
10/22/2012 16:00,0.976590131,0.976590131
10/22/2012 17:00,1.016540177,1.016540177
10/22/2012 18:00,0.797164215,0.797164215
10/22/2012 19:00,0.546790925,0.546790925
10/22/2012 20:00,0.374134052,0.374134052
10/22/2012 21:00,0.234301635,0.234301635
10/22/2012 22:00,0.122645498,0.122645498
10/22/2012 23:00,0.022693403,0.022693403
10/23/2012 0:00,0.093256063,0.093256063
10/23/2012 1:00,0.194228209,0.194228209
10/23/2012 2:00,0.257297937,0.257297937
10/23/2012 3:00,0.335165724,0.335165724
10/23/2012 4:00,0.370284815,0.370284815
10/23/2012 5:00,0.398378475,0.398378475
10/23/2012 6:00,0.47834691,0.47834691
10/23/2012 7:00,0.339990481,0.339990481
10/23/2012 8:00,0.275678746,0.275678746
10/23/2012 9:00,0.197653388,0.197653388
10/23/2012 10:00,0.071850684,0.071850684
10/23/2012 11:00,0.067670275,0.067670275
10/23/2012 12:00,0.236761606,0.236761606
10/23/2012 13:00,0.373889379,0.373889379
10/23/2012 14:00,0.594291417,0.594291417
10/23/2012 15:00,0.7658667,0.7658667
10/23/2012 16:00,0.843252286,0.843252286
10/23/2012 17:00,0.832371586,0.832371586
10/23/2012 18:00,0.637419865,0.637419865
10/23/2012 19:00,0.466153661,0.466153661
10/23/2012 20:00,0.346701378,0.346701378
10/23/2012 21:00,0.17863004,0.17863004
10/23/2012 22:00,0.063428158,0.063428158
10/23/2012 23:00,0.064729543,0.064729543
10/24/2012 0:00,0.168706096,0.168706096
10/24/2012 1:00,0.280247627,0.280247627
10/24/2012 2:00,0.345217906,0.345217906
10/24/2012 3:00,0.416129591,0.416129591
10/24/2012 4:00,0.437894674,0.437894674
10/24/2012 5:00,0.476314567,0.476314567
10/24/2012 6:00,0.584297619,0.584297619
10/24/2012 7:00,0.395950581,0.395950581
10/24/2012 8:00,0.209120312,0.209120312
10/24/2012 9:00,0.046214633,0.046214633
10/24/2012 10:00,0.187517864,0.187517864
10/24/2012 11:00,0.28715559,0.28715559
10/24/2012 12:00,0.533806613,0.533806613
10/24/2012 13:00,0.822067285,0.822067285
10/24/2012 14:00,0.978972489,0.978972489
10/24/2012 15:00,1.132383505,1.132383505
10/24/2012 16:00,1.272518474,1.272518474
10/24/2012 17:00,1.111526295,1.111526295
10/24/2012 18:00,0.756860082,0.756860082
10/24/2012 19:00,0.529665383,0.529665383
10/24/2012 20:00,0.332288549,0.332288549
10/24/2012 21:00,0.210582256,0.210582256
10/24/2012 22:00,0.083244831,0.083244831
10/24/2012 23:00,0.030483124,0.030483124
10/25/2012 0:00,0.133763215,0.133763215
10/25/2012 1:00,0.223257076,0.223257076
10/25/2012 2:00,0.28672096,0.28672096
10/25/2012 3:00,0.337816414,0.337816414
10/25/2012 4:00,0.376579147,0.376579147
10/25/2012 5:00,0.411148303,0.411148303
10/25/2012 6:00,0.498668338,0.498668338
10/25/2012 7:00,0.289208841,0.289208841
10/25/2012 8:00,0.122635828,0.122635828
10/25/2012 9:00,0.025366918,0.025366918
10/25/2012 10:00,0.166591965,0.166591965
10/25/2012 11:00,0.324554496,0.324554496
10/25/2012 12:00,0.550710139,0.550710139
10/25/2012 13:00,0.77513075,0.77513075
10/25/2012 14:00,1.034297722,1.034297722
10/25/2012 15:00,1.11617482,1.11617482
10/25/2012 16:00,1.119620149,1.119620149
10/25/2012 17:00,1.01696887,1.01696887
10/25/2012 18:00,0.785997113,0.785997113
10/25/2012 19:00,0.525429067,0.525429067
10/25/2012 20:00,0.322958557,0.322958557
10/25/2012 21:00,0.241149684,0.241149684
10/25/2012 22:00,0.140473489,0.140473489
10/25/2012 23:00,0.019794541,0.019794541
10/26/2012 0:00,0.087559513,0.087559513
10/26/2012 1:00,0.186473555,0.186473555
10/26/2012 2:00,0.217815173,0.217815173
10/26/2012 3:00,0.300072141,0.300072141
10/26/2012 4:00,0.308209683,0.308209683
10/26/2012 5:00,0.333305007,0.333305007
10/26/2012 6:00,0.300744338,0.300744338
10/26/2012 7:00,0.156987276,0.156987276
10/26/2012 8:00,0.044647294,0.044647294
10/26/2012 9:00,0.123518745,0.123518745
10/26/2012 10:00,0.295564316,0.295564316
10/26/2012 11:00,0.440075903,0.440075903
10/26/2012 12:00,0.690323141,0.690323141
10/26/2012 13:00,0.865053153,0.865053153
10/26/2012 14:00,1.077926461,1.077926461
10/26/2012 15:00,1.208939991,1.208939991
10/26/2012 16:00,1.228835287,1.228835287
10/26/2012 17:00,1.169347067,1.169347067
10/26/2012 18:00,0.84309716,0.84309716
10/26/2012 19:00,0.571476369,0.571476369
10/26/2012 20:00,0.394329469,0.394329469
10/26/2012 21:00,0.249423734,0.249423734
10/26/2012 22:00,0.111758967,0.111758967
10/26/2012 23:00,0.02394264,0.02394264
10/27/2012 0:00,0.144400977,0.144400977
10/27/2012 1:00,0.260449025,0.260449025
10/27/2012 2:00,0.417486309,0.417486309
10/27/2012 3:00,0.478291024,0.478291024
10/27/2012 4:00,0.523062752,0.523062752
10/27/2012 5:00,0.590075984,0.590075984
10/27/2012 6:00,0.653255161,0.653255161
10/27/2012 7:00,0.64818867,0.64818867
10/27/2012 8:00,0.426122653,0.426122653
10/27/2012 9:00,0.300433137,0.300433137
10/27/2012 10:00,0.177064622,0.177064622
10/27/2012 11:00,0.27901102,0.27901102
10/27/2012 12:00,0.08817486,0.08817486
10/27/2012 13:00,0.020572255,0.020572255
10/27/2012 14:00,0.057151181,0.057151181
10/27/2012 15:00,0.077136494,0.077136494
10/27/2012 16:00,0.024212635,0.024212635
10/27/2012 17:00,0.039470843,0.039470843
10/27/2012 18:00,0.203725669,0.203725669
10/27/2012 19:00,0.202403036,0.202403036
10/27/2012 20:00,0.329163574,0.329163574
10/27/2012 21:00,0.398410365,0.398410365
10/27/2012 22:00,0.474936254,0.474936254
10/27/2012 23:00,0.486959576,0.486959576
10/28/2012 0:00,0.44884158,0.44884158
10/28/2012 1:00,0.560242815,0.560242815
10/28/2012 2:00,0.621345423,0.621345423
10/28/2012 3:00,0.636553972,0.636553972
10/28/2012 4:00,0.69421045,0.69421045
10/28/2012 5:00,0.707049792,0.707049792
10/28/2012 6:00,0.691428332,0.691428332
10/28/2012 7:00,0.725401823,0.725401823
10/28/2012 8:00,0.436038856,0.436038856
10/28/2012 9:00,0.247782123,0.247782123
10/28/2012 10:00,0.167720757,0.167720757
10/28/2012 11:00,0.269529849,0.269529849
10/28/2012 12:00,0.082344382,0.082344382
10/28/2012 13:00,0.055811893,0.055811893
10/28/2012 14:00,0.117395965,0.117395965
10/28/2012 15:00,0.242517715,0.242517715
10/28/2012 16:00,0.171551165,0.171551165
10/28/2012 17:00,0.057788513,0.057788513
10/28/2012 18:00,0.090315217,0.090315217
10/28/2012 19:00,0.056100029,0.056100029
10/28/2012 20:00,0.18702515,0.18702515
10/28/2012 21:00,0.268511789,0.268511789
10/28/2012 22:00,0.357340898,0.357340898
10/28/2012 23:00,0.432166595,0.432166595
10/29/2012 0:00,0.573729988,0.573729988
10/29/2012 1:00,0.706306284,0.706306284
10/29/2012 2:00,0.808691428,0.808691428
10/29/2012 3:00,0.920424226,0.920424226
10/29/2012 4:00,1.004463039,1.004463039
10/29/2012 5:00,1.047549812,1.047549812
10/29/2012 6:00,1.098358149,1.098358149
10/29/2012 7:00,1.26239841,1.26239841
10/29/2012 8:00,0.795325629,0.795325629
10/29/2012 9:00,0.618664825,0.618664825
10/29/2012 10:00,0.529723799,0.529723799
10/29/2012 11:00,0.619532374,0.619532374
10/29/2012 12:00,0.506173563,0.506173563
10/29/2012 13:00,0.284427515,0.284427515
10/29/2012 14:00,0.141303755,0.141303755
10/29/2012 15:00,0.049959381,0.049959381
10/29/2012 16:00,0.016956112,0.016956112
10/29/2012 17:00,0.127876983,0.127876983
10/29/2012 18:00,0.231272377,0.231272377
10/29/2012 19:00,0.146557237,0.146557237
10/29/2012 20:00,0.236582602,0.236582602
10/29/2012 21:00,0.33559759,0.33559759
10/29/2012 22:00,0.47725849,0.47725849
10/29/2012 23:00,0.622140886,0.622140886
10/30/2012 0:00,0.745228649,0.745228649
10/30/2012 1:00,0.843801292,0.843801292
10/30/2012 2:00,0.898618867,0.898618867
10/30/2012 3:00,0.942854635,0.942854635
10/30/2012 4:00,1.083725268,1.083725268
10/30/2012 5:00,1.177258545,1.177258545
10/30/2012 6:00,1.216053983,1.216053983
10/30/2012 7:00,1.341318473,1.341318473
10/30/2012 8:00,0.902310233,0.902310233
10/30/2012 9:00,0.634501921,0.634501921
10/30/2012 10:00,0.371728388,0.371728388
10/30/2012 11:00,0.518966051,0.518966051
10/30/2012 12:00,0.336795594,0.336795594
10/30/2012 13:00,0.276811292,0.276811292
10/30/2012 14:00,0.159001761,0.159001761
10/30/2012 15:00,0.053815214,0.053815214
10/30/2012 16:00,0.021994325,0.021994325
10/30/2012 17:00,0.077121401,0.077121401
10/30/2012 18:00,0.170345542,0.170345542
10/30/2012 19:00,0.101122786,0.101122786
10/30/2012 20:00,0.116445519,0.116445519
10/30/2012 21:00,0.251889073,0.251889073
10/30/2012 22:00,0.351420738,0.351420738
10/30/2012 23:00,0.421686727,0.421686727
10/31/2012 0:00,0.51436125,0.51436125
10/31/2012 1:00,0.625741404,0.625741404
10/31/2012 2:00,0.71227554,0.71227554
10/31/2012 3:00,0.789492065,0.789492065
10/31/2012 4:00,0.879945124,0.879945124
10/31/2012 5:00,0.955611094,0.955611094
10/31/2012 6:00,0.975313293,0.975313293
10/31/2012 7:00,1.174127867,1.174127867
10/31/2012 8:00,0.859991921,0.859991921
10/31/2012 9:00,0.568490225,0.568490225
10/31/2012 10:00,0.400053965,0.400053965
10/31/2012 11:00,0.34418241,0.34418241
10/31/2012 12:00,0.195022365,0.195022365
10/31/2012 13:00,0.052119064,0.052119064
10/31/2012 14:00,0.141813176,0.141813176
10/31/2012 15:00,0.144912199,0.144912199
10/31/2012 16:00,0.17298202,0.17298202
10/31/2012 17:00,0.117176182,0.117176182
10/31/2012 18:00,0.047254184,0.047254184
10/31/2012 19:00,0.043923419,0.043923419
10/31/2012 20:00,0.019510691,0.019510691
10/31/2012 21:00,0.07409057,0.07409057
10/31/2012 22:00,0.139976617,0.139976617
10/31/2012 23:00,0.249818679,0.249818679
11/1/2012 0:00,2.706067784,0.289539832
11/1/2012 1:00,0.574704554,0.574704554
11/1/2012 2:00,0.691904451,0.691904451
11/1/2012 3:00,0.823666748,0.823666748
11/1/2012 4:00,0.617182841,0.912289319
11/1/2012 5:00,0.670780045,0.957693868
11/1/2012 6:00,0.696727825,1.006363546
11/1/2012 7:00,0.837857768,1.216350136
11/1/2012 8:00,0.533974905,0.75876778
11/1/2012 9:00,0.450213288,0.573504022
11/1/2012 10:00,0.245168013,0.245168013
11/1/2012 11:00,0.155979307,0.155979307
11/1/2012 12:00,0.000862326,0.000862326
11/1/2012 13:00,0,0
11/1/2012 14:00,0,0
11/1/2012 15:00,0,0
11/1/2012 16:00,0,0
11/1/2012 17:00,0,0
11/1/2012 18:00,0,0
11/1/2012 19:00,0,0
11/1/2012 20:00,2.601606859,0
11/1/2012 21:00,2.30672688,0.025832195
11/1/2012 22:00,0.215665789,0.215665789
11/1/2012 23:00,0.388805504,0.388805504
11/2/2012 0:00,0.567065351,0.567065351
11/2/2012 1:00,0.692475014,0.692475014
11/2/2012 2:00,0.778396572,0.778396572
11/2/2012 3:00,0.863617542,0.863617542
11/2/2012 4:00,0.687613175,0.926561771
11/2/2012 5:00,0.696613165,0.962798917
11/2/2012 6:00,0.73673549,0.993796178
11/2/2012 7:00,0.848348722,1.140259681
11/2/2012 8:00,0.510191495,0.669455537
11/2/2012 9:00,0.29950376,0.376938416
11/2/2012 10:00,0.082408972,0.082408972
11/2/2012 11:00,0.011491604,0.011491604
11/2/2012 12:00,0,0
11/2/2012 13:00,0,0
11/2/2012 14:00,0,0
11/2/2012 15:00,0,0
11/2/2012 16:00,0,0
11/2/2012 17:00,0,0
11/2/2012 18:00,0,0
11/2/2012 19:00,0,0
11/2/2012 20:00,1.611377322,0
11/2/2012 21:00,0,0
11/2/2012 22:00,0,0
11/2/2012 23:00,0,0
11/3/2012 0:00,0.019843288,0.019843288
11/3/2012 1:00,0.178468253,0.178468253
11/3/2012 2:00,0.293651457,0.293651457
11/3/2012 3:00,0.370432286,0.370432286
11/3/2012 4:00,0.331146716,0.425090613
11/3/2012 5:00,0.352633795,0.459428727
11/3/2012 6:00,0.355850181,0.467638022
11/3/2012 7:00,0.436811688,0.562386179
11/3/2012 8:00,0.220046058,0.27751196
11/3/2012 9:00,0.142357265,0.179806299
11/3/2012 10:00,0.003064996,0.003064996
11/3/2012 11:00,0,0
11/3/2012 12:00,0,0
11/3/2012 13:00,0,0
11/3/2012 14:00,0,0
11/3/2012 15:00,0,0
11/3/2012 16:00,0,0
11/3/2012 17:00,0,0
11/3/2012 18:00,0,0
11/3/2012 19:00,0,0
11/3/2012 20:00,0.95303542,0
11/3/2012 21:00,0,0
11/3/2012 22:00,0,0
11/3/2012 23:00,0,0
11/4/2012 0:00,0,0
11/4/2012 1:00,0,0
11/4/2012 2:00,0,0
11/4/2012 3:00,0,0
11/4/2012 4:00,0.01371496,0.017773525
11/4/2012 5:00,0.082316817,0.106729774
11/4/2012 6:00,0.101848597,0.132378557
11/4/2012 7:00,0.168451607,0.219635779
11/4/2012 8:00,0.090257339,0.117078568
11/4/2012 9:00,0.091247594,0.11904389
11/4/2012 10:00,0.07264384,0.07264384
11/4/2012 11:00,0.132239306,0.132239306
11/4/2012 12:00,0.029387358,0.029387358
11/4/2012 13:00,0.001456332,0.001456332
11/4/2012 14:00,0,0
11/4/2012 15:00,0,0
11/4/2012 16:00,0,0
11/4/2012 17:00,0,0
11/4/2012 18:00,0,0
11/4/2012 19:00,0,0
11/4/2012 20:00,0.54647944,0.024577443
11/4/2012 21:00,0.141005251,0.141005251
11/4/2012 22:00,0.167152892,0.167152892
11/4/2012 23:00,0.25724953,0.25724953
11/5/2012 0:00,0.373099553,0.373099553
11/5/2012 1:00,0.477952705,0.477952705
11/5/2012 2:00,0.551443868,0.551443868
11/5/2012 3:00,0.662480663,0.662480663
11/5/2012 4:00,0.554219837,0.774876331
11/5/2012 5:00,0.577976164,0.831117537
11/5/2012 6:00,0.481560528,0.669367392
11/5/2012 7:00,0.720925917,0.980428694
11/5/2012 8:00,0.472806546,0.615976417
11/5/2012 9:00,0.345468575,0.435563879
11/5/2012 10:00,0.295042465,0.295042465
11/5/2012 11:00,0.3193025,0.3193025
11/5/2012 12:00,0.017643159,0.017643159
11/5/2012 13:00,0,0
11/5/2012 14:00,0,0
11/5/2012 15:00,0,0
11/5/2012 16:00,0,0
11/5/2012 17:00,0,0
11/5/2012 18:00,0,0
11/5/2012 19:00,0,0
11/5/2012 20:00,2.081209612,0
11/5/2012 21:00,0,0
11/5/2012 22:00,0.041292348,0.041292348
11/5/2012 23:00,0.208887717,0.208887717
11/6/2012 0:00,0.32927545,0.32927545
11/6/2012 1:00,0.568675038,0.568675038
11/6/2012 2:00,0.647595829,0.647595829
11/6/2012 3:00,0.668842764,0.668842764
11/6/2012 4:00,0.51414984,0.659682539
11/6/2012 5:00,0.524069579,0.684042758
11/6/2012 6:00,0.531765377,0.684787929
11/6/2012 7:00,0.509794909,0.656503415
11/6/2012 8:00,0.390156449,0.502028077
11/6/2012 9:00,0.301076093,0.383558779
11/6/2012 10:00,0.295252201,0.295252201
11/6/2012 11:00,0.357207925,0.357207925
11/6/2012 12:00,0.108714289,0.108714289
11/6/2012 13:00,0.059063734,0.059063734
11/6/2012 14:00,0,0
11/6/2012 15:00,0,0
11/6/2012 16:00,0,0
11/6/2012 17:00,0.002932913,0.002932913
11/6/2012 18:00,0.177980548,0.177980548
11/6/2012 19:00,0.135568518,0.135568518
11/6/2012 20:00,2.167747913,0.255026711
11/6/2012 21:00,0.311500379,0.311500379
11/6/2012 22:00,0.434834695,0.434834695
11/6/2012 23:00,0.555755621,0.555755621
11/7/2012 0:00,0.636920349,0.636920349
11/7/2012 1:00,0.755223827,0.755223827
11/7/2012 2:00,0.833159961,0.833159961
11/7/2012 3:00,0.81434914,0.81434914
11/7/2012 4:00,0.615215585,0.789290763
11/7/2012 5:00,0.635158706,0.842189819
11/7/2012 6:00,0.671546564,0.879956994
11/7/2012 7:00,0.756208796,0.986386054
11/7/2012 8:00,0.431896835,0.561200246
11/7/2012 9:00,0.344693739,0.440665418
11/7/2012 10:00,0.232491053,0.232491053
11/7/2012 11:00,0.292706735,0.292706735
11/7/2012 12:00,0.055799564,0.055799564
11/7/2012 13:00,0.037221817,0.037221817
11/7/2012 14:00,0.001038225,0.001038225
11/7/2012 15:00,0,0
11/7/2012 16:00,0,0
11/7/2012 17:00,0.053506468,0.053506468
11/7/2012 18:00,0.277855353,0.277855353
11/7/2012 19:00,0.224301906,0.224301906
11/7/2012 20:00,2.657938969,0.382528651
11/7/2012 21:00,0.576439383,0.440133956
11/7/2012 22:00,0.611968707,0.611968707
11/7/2012 23:00,0.639796761,0.639796761
11/8/2012 0:00,0.774763848,0.774763848
11/8/2012 1:00,0.844846858,0.844846858
11/8/2012 2:00,0.891456001,0.891456001
11/8/2012 3:00,0.935093438,0.935093438
11/8/2012 4:00,0.674271475,0.992869366
11/8/2012 5:00,0.654309798,0.987604451
11/8/2012 6:00,0.693232323,1.005581967
11/8/2012 7:00,0.832958802,1.169503052
11/8/2012 8:00,0.640334078,0.887828001
11/8/2012 9:00,0.622358988,0.85218452
11/8/2012 10:00,0.629962729,0.629962729
11/8/2012 11:00,0.620980829,0.620980829
11/8/2012 12:00,0.292328434,0.292328434
11/8/2012 13:00,0.167994963,0.167994963
11/8/2012 14:00,0.065746154,0.065746154
11/8/2012 15:00,0.001773554,0.001773554
11/8/2012 16:00,0,0
11/8/2012 17:00,0,0
11/8/2012 18:00,0.113449201,0.113449201
11/8/2012 19:00,0.034894142,0.034894142
11/8/2012 20:00,2.626286275,0.204052102
11/8/2012 21:00,0.727042933,0.311911509
11/8/2012 22:00,0.504161686,0.504161686
11/8/2012 23:00,0.591024846,0.591024846
11/9/2012 0:00,0.666931905,0.666931905
11/9/2012 1:00,0.811648398,0.811648398
11/9/2012 2:00,0.880168591,0.880168591
11/9/2012 3:00,0.906119109,0.906119109
11/9/2012 4:00,0.657214208,0.948418477
11/9/2012 5:00,0.644208154,0.9618356
11/9/2012 6:00,0.671254955,0.976864902
11/9/2012 7:00,0.801860002,1.164198208
11/9/2012 8:00,0.615040112,0.886368372
11/9/2012 9:00,0.505820242,0.678610141
11/9/2012 10:00,0.383812789,0.383812789
11/9/2012 11:00,0.380777073,0.380777073
11/9/2012 12:00,0.086820517,0.086820517
11/9/2012 13:00,0,0
11/9/2012 14:00,0,0
11/9/2012 15:00,0,0
11/9/2012 16:00,0,0
11/9/2012 17:00,0,0
11/9/2012 18:00,0,0
11/9/2012 19:00,0,0
11/9/2012 20:00,2.585486417,0
11/9/2012 21:00,0.015170088,0.015170088
11/9/2012 22:00,0.129608825,0.129608825
11/9/2012 23:00,0.213116662,0.213116662
11/10/2012 0:00,0.399140098,0.399140098
11/10/2012 1:00,0.533177662,0.533177662
11/10/2012 2:00,0.616622438,0.616622438
11/10/2012 3:00,0.681345692,0.681345692
11/10/2012 4:00,0.525708696,0.713909032
11/10/2012 5:00,0.524090195,0.72250996
11/10/2012 6:00,0.503664973,0.681105599
11/10/2012 7:00,0.636174459,0.862471162
11/10/2012 8:00,0.4514865,0.602632343
11/10/2012 9:00,0.320425323,0.403591625
11/10/2012 10:00,0.188802511,0.188802511
11/10/2012 11:00,0.095623441,0.095623441
11/10/2012 12:00,0.001562278,0.001562278
11/10/2012 13:00,0,0
11/10/2012 14:00,0,0
11/10/2012 15:00,0,0
11/10/2012 16:00,0,0
11/10/2012 17:00,0,0
11/10/2012 18:00,0,0
11/10/2012 19:00,0,0
11/10/2012 20:00,1.235382271,0
11/10/2012 21:00,0,0
11/10/2012 22:00,0.071077725,0.071077725
11/10/2012 23:00,0.221030961,0.221030961
11/11/2012 0:00,0.372776141,0.372776141
11/11/2012 1:00,0.492748246,0.492748246
11/11/2012 2:00,0.565920593,0.565920593
11/11/2012 3:00,0.597926836,0.597926836
11/11/2012 4:00,0.473943496,0.608129865
11/11/2012 5:00,0.471668796,0.615301677
11/11/2012 6:00,0.508196163,0.656383196
11/11/2012 7:00,0.625464582,0.80274441
11/11/2012 8:00,0.247216094,0.306237509
11/11/2012 9:00,0.178194816,0.22467129
11/11/2012 10:00,0.077141413,0.077141413
11/11/2012 11:00,0.017437955,0.017437955
11/11/2012 12:00,0,0
11/11/2012 13:00,0,0
11/11/2012 14:00,0,0
11/11/2012 15:00,0,0
11/11/2012 16:00,0,0
11/11/2012 17:00,0,0
11/11/2012 18:00,0,0
11/11/2012 19:00,0,0
11/11/2012 20:00,1.18216622,0
11/11/2012 21:00,0,0
11/11/2012 22:00,0,0
11/11/2012 23:00,0,0
11/12/2012 0:00,0.002561647,0.002561647
11/12/2012 1:00,0.100721254,0.100721254
11/12/2012 2:00,0.124399119,0.124399119
11/12/2012 3:00,0.144325045,0.144325045
11/12/2012 4:00,0.125075768,0.160507135
11/12/2012 5:00,0.151212786,0.196729752
11/12/2012 6:00,0.167369633,0.172446211
11/12/2012 7:00,0.131630536,0.171542718
11/12/2012 8:00,0.006459675,0.007672875
11/12/2012 9:00,0,0
11/12/2012 10:00,0,0
11/12/2012 11:00,0,0
11/12/2012 12:00,0,0
11/12/2012 13:00,0,0
11/12/2012 14:00,0,0
11/12/2012 15:00,0,0
11/12/2012 16:00,0,0
11/12/2012 17:00,0.126916094,0.126916094
11/12/2012 18:00,0.260363494,0.260363494
11/12/2012 19:00,0.178486406,0.178486406
11/12/2012 20:00,0.779402218,0.255222883
11/12/2012 21:00,0.341612852,0.341612852
11/12/2012 22:00,0.483519219,0.483519219
11/12/2012 23:00,0.597370757,0.597370757
11/13/2012 0:00,0.635208725,0.635208725
11/13/2012 1:00,0.821549999,0.821549999
11/13/2012 2:00,0.976670442,0.976670442
11/13/2012 3:00,1.078126125,1.078126125
11/13/2012 4:00,0.788666793,1.189070043
11/13/2012 5:00,0.816266753,1.263807668
11/13/2012 6:00,0.829417114,1.246821023
11/13/2012 7:00,0.980883944,1.477649593
11/13/2012 8:00,0.703675813,1.043649606
11/13/2012 9:00,0.615788578,0.895454055
11/13/2012 10:00,0.992077592,0.992077592
11/13/2012 11:00,0.90503364,0.90503364
11/13/2012 12:00,0.551779157,0.551779157
11/13/2012 13:00,0.37616755,0.37616755
11/13/2012 14:00,0.212673287,0.212673287
11/13/2012 15:00,0.14121131,0.14121131
11/13/2012 16:00,0.104546536,0.104546536
11/13/2012 17:00,0.167350997,0.167350997
11/13/2012 18:00,0.386494728,0.386494728
11/13/2012 19:00,0.336134059,0.336134059
11/13/2012 20:00,2.627974618,0.469221692
11/13/2012 21:00,1.807863755,0.602845585
11/13/2012 22:00,0.745184687,0.745184687
11/13/2012 23:00,0.77831357,0.77831357
11/14/2012 0:00,1.082761729,1.082761729
11/14/2012 1:00,1.228157779,1.228157779
11/14/2012 2:00,1.317769497,1.317769497
11/14/2012 3:00,1.376451403,1.376451403
11/14/2012 4:00,0.933078587,1.375877079
11/14/2012 5:00,0.924412187,1.367998502
11/14/2012 6:00,0.923998466,1.284807464
11/14/2012 7:00,1.015311605,1.382348829
11/14/2012 8:00,0.780557835,1.051196646
11/14/2012 9:00,0.568960092,0.749291069
11/14/2012 10:00,0.619885045,0.619885045
11/14/2012 11:00,0.616337709,0.616337709
11/14/2012 12:00,0.392412895,0.392412895
11/14/2012 13:00,0.324241484,0.324241484
11/14/2012 14:00,0.140908117,0.140908117
11/14/2012 15:00,0.11992428,0.11992428
11/14/2012 16:00,0.076510678,0.076510678
11/14/2012 17:00,0.114585988,0.114585988
11/14/2012 18:00,0.223869016,0.223869016
11/14/2012 19:00,0.17201134,0.17201134
11/14/2012 20:00,2.678128053,0.193539318
11/14/2012 21:00,1.264691155,0.308719232
11/14/2012 22:00,0.365668711,0.365668711
11/14/2012 23:00,0.458424926,0.458424926
11/15/2012 0:00,0.490140202,0.490140202
11/15/2012 1:00,0.556454672,0.556454672
11/15/2012 2:00,0.636138521,0.636138521
11/15/2012 3:00,0.693823769,0.693823769
11/15/2012 4:00,0.505765003,0.662161133
11/15/2012 5:00,0.508978377,0.681538364
11/15/2012 6:00,0.508762483,0.679561427
11/15/2012 7:00,0.602564299,0.794020876
11/15/2012 8:00,0.441480645,0.581412508
11/15/2012 9:00,0.388752055,0.495345525
11/15/2012 10:00,0.327213885,0.327213885
11/15/2012 11:00,0.371400674,0.371400674
11/15/2012 12:00,0.105537005,0.105537005
11/15/2012 13:00,0.01545814,0.01545814
11/15/2012 14:00,0,0
11/15/2012 15:00,0,0
11/15/2012 16:00,0,0
11/15/2012 17:00,0,0
11/15/2012 18:00,0,0
11/15/2012 19:00,0,0
11/15/2012 20:00,2.013704756,0.003938725
11/15/2012 21:00,0.121134417,0.121134417
11/15/2012 22:00,0.207471526,0.207471526
11/15/2012 23:00,0.362068393,0.362068393
11/16/2012 0:00,0.441742102,0.441742102
11/16/2012 1:00,0.581013204,0.581013204
11/16/2012 2:00,0.674586785,0.674586785
11/16/2012 3:00,0.781944964,0.781944964
11/16/2012 4:00,0.612490485,0.879018974
11/16/2012 5:00,0.648185101,0.960492752
11/16/2012 6:00,0.672821462,0.986508078
11/16/2012 7:00,0.819956969,1.188571586
11/16/2012 8:00,0.615309411,0.882415847
11/16/2012 9:00,0.529507564,0.721475246
11/16/2012 10:00,0.462190316,0.462190316
11/16/2012 11:00,0.440335961,0.440335961
11/16/2012 12:00,0.176211294,0.176211294
11/16/2012 13:00,0.130395051,0.130395051
11/16/2012 14:00,0.110736475,0.110736475
11/16/2012 15:00,0.032400551,0.032400551
11/16/2012 16:00,0.038355307,0.038355307
11/16/2012 17:00,0.062823598,0.062823598
11/16/2012 18:00,0.195254073,0.195254073
11/16/2012 19:00,0.152008913,0.152008913
11/16/2012 20:00,2.665916953,0.219675607
11/16/2012 21:00,0.524329222,0.314842772
11/16/2012 22:00,0.385237703,0.385237703
11/16/2012 23:00,0.559401538,0.559401538
11/17/2012 0:00,0.564068549,0.564068549
11/17/2012 1:00,0.806614567,0.806614567
11/17/2012 2:00,0.900130874,0.900130874
11/17/2012 3:00,1.021002053,1.021002053
11/17/2012 4:00,0.762032941,1.105855642
11/17/2012 5:00,0.760367732,1.087246857
11/17/2012 6:00,0.729998889,1.018567137
11/17/2012 7:00,0.938698205,1.290817242
11/17/2012 8:00,0.614569283,0.826259303
11/17/2012 9:00,0.469137198,0.608831584
11/17/2012 10:00,0.421858042,0.421858042
11/17/2012 11:00,0.348085974,0.348085974
11/17/2012 12:00,0.043159784,0.043159784
11/17/2012 13:00,0,0
11/17/2012 14:00,0,0
11/17/2012 15:00,0,0
11/17/2012 16:00,0,0
11/17/2012 17:00,0,0
11/17/2012 18:00,0,0
11/17/2012 19:00,0,0
11/17/2012 20:00,2.632020635,0.08656396
11/17/2012 21:00,0.648952603,0.30041393
11/17/2012 22:00,0.493074266,0.493074266
11/17/2012 23:00,0.663807713,0.663807713
11/18/2012 0:00,0.83649714,0.83649714
11/18/2012 1:00,1.003191531,1.003191531
11/18/2012 2:00,1.157383103,1.157383103
11/18/2012 3:00,1.231289074,1.231289074
11/18/2012 4:00,0.900490751,1.285060775
11/18/2012 5:00,0.923893915,1.331377979
11/18/2012 6:00,0.936928,1.233544909
11/18/2012 7:00,0.911216263,1.164583704
11/18/2012 8:00,0.579222232,0.740297821
11/18/2012 9:00,0.376774133,0.473757182
11/18/2012 10:00,0.283185102,0.283185102
11/18/2012 11:00,0.292284983,0.292284983
11/18/2012 12:00,0.058836047,0.058836047
11/18/2012 13:00,0.001915747,0.001915747
11/18/2012 14:00,0,0
11/18/2012 15:00,0,0
11/18/2012 16:00,0,0
11/18/2012 17:00,0,0
11/18/2012 18:00,0,0
11/18/2012 19:00,0,0
11/18/2012 20:00,2.615827963,0
11/18/2012 21:00,0.587388131,0.095807515
11/18/2012 22:00,0.22357405,0.22357405
11/18/2012 23:00,0.378668385,0.378668385
11/19/2012 0:00,0.492349348,0.492349348
11/19/2012 1:00,0.5769346,0.5769346
11/19/2012 2:00,0.623460386,0.623460386
11/19/2012 3:00,0.681244235,0.681244235
11/19/2012 4:00,0.53826119,0.718269203
11/19/2012 5:00,0.509776295,0.676326039
11/19/2012 6:00,0.531343736,0.712696894
11/19/2012 7:00,0.686927356,0.927107213
11/19/2012 8:00,0.486577575,0.64745323
11/19/2012 9:00,0.424968961,0.534159994
11/19/2012 10:00,0.272878357,0.272878357
11/19/2012 11:00,0.321803825,0.321803825
11/19/2012 12:00,0.109255586,0.109255586
11/19/2012 13:00,0.021487608,0.021487608
11/19/2012 14:00,0,0
11/19/2012 15:00,0,0
11/19/2012 16:00,0,0
11/19/2012 17:00,0,0
11/19/2012 18:00,0,0
11/19/2012 19:00,0,0
11/19/2012 20:00,2.152286703,0
11/19/2012 21:00,0.033727525,0.033727525
11/19/2012 22:00,0.162648337,0.162648337
11/19/2012 23:00,0.307991537,0.307991537
11/20/2012 0:00,0.389201181,0.389201181
11/20/2012 1:00,0.564945311,0.564945311
11/20/2012 2:00,0.650791581,0.650791581
11/20/2012 3:00,0.749093846,0.749093846
11/20/2012 4:00,0.612628975,0.831772613
11/20/2012 5:00,0.577404649,0.802360616
11/20/2012 6:00,0.579905134,0.784161318
11/20/2012 7:00,0.641936931,0.853386172
11/20/2012 8:00,0.394035969,0.519686693
11/20/2012 9:00,0.188578826,0.238372279
11/20/2012 10:00,0.048828551,0.048828551
11/20/2012 11:00,0.040133423,0.040133423
11/20/2012 12:00,0,0
11/20/2012 13:00,0,0
11/20/2012 14:00,0,0
11/20/2012 15:00,0,0
11/20/2012 16:00,0,0
11/20/2012 17:00,0,0
11/20/2012 18:00,0,0
11/20/2012 19:00,0,0
11/20/2012 20:00,1.990354685,0
11/20/2012 21:00,0,0
11/20/2012 22:00,0.109140367,0.109140367
11/20/2012 23:00,0.235277512,0.235277512
11/21/2012 0:00,0.357237489,0.357237489
11/21/2012 1:00,0.449941445,0.449941445
11/21/2012 2:00,0.511562794,0.511562794
11/21/2012 3:00,0.540026207,0.540026207
11/21/2012 4:00,0.451086491,0.578946737
11/21/2012 5:00,0.481964861,0.637807732
11/21/2012 6:00,0.501683977,0.665990775
11/21/2012 7:00,0.627870663,0.824980263
11/21/2012 8:00,0.485123031,0.634184094
11/21/2012 9:00,0.400025538,0.502760986
11/21/2012 10:00,0.175991047,0.175991047
11/21/2012 11:00,0.121331672,0.121331672
11/21/2012 12:00,0.000216665,0.000216665
11/21/2012 13:00,0,0
11/21/2012 14:00,0,0
11/21/2012 15:00,0,0
11/21/2012 16:00,0,0
11/21/2012 17:00,0,0
11/21/2012 18:00,0,0
11/21/2012 19:00,0,0
11/21/2012 20:00,1.955482044,0
11/21/2012 21:00,0.003190011,0.003190011
11/21/2012 22:00,0.144760557,0.144760557
11/21/2012 23:00,0.31657941,0.31657941
11/22/2012 0:00,0.504799896,0.504799896
11/22/2012 1:00,0.650111832,0.650111832
11/22/2012 2:00,0.654932145,0.654932145
11/22/2012 3:00,0.840456994,0.840456994
11/22/2012 4:00,0.695273878,0.932648603
11/22/2012 5:00,0.707800133,0.977054305
11/22/2012 6:00,0.631001222,0.848228798
11/22/2012 7:00,0.833443077,1.115159625
11/22/2012 8:00,0.597796725,0.800550856
11/22/2012 9:00,0.420046865,0.54051929
11/22/2012 10:00,0.258576248,0.258576248
11/22/2012 11:00,0.154505387,0.154505387
11/22/2012 12:00,0.000242433,0.000242433
11/22/2012 13:00,0,0
11/22/2012 14:00,0,0
11/22/2012 15:00,0,0
11/22/2012 16:00,0,0
11/22/2012 17:00,0,0
11/22/2012 18:00,0,0
11/22/2012 19:00,0,0
11/22/2012 20:00,2.565906323,0
11/22/2012 21:00,0,0
11/22/2012 22:00,0.056120783,0.056120783
11/22/2012 23:00,0.196147575,0.196147575
11/23/2012 0:00,0.313639197,0.313639197
11/23/2012 1:00,0.466959068,0.466959068
11/23/2012 2:00,0.508930312,0.508930312
11/23/2012 3:00,0.552882214,0.552882214
11/23/2012 4:00,0.452570278,0.584540358
11/23/2012 5:00,0.466624691,0.620113879
11/23/2012 6:00,0.449167459,0.600873091
11/23/2012 7:00,0.615365746,0.821006543
11/23/2012 8:00,0.449450967,0.590775896
11/23/2012 9:00,0.387054455,0.486775115
11/23/2012 10:00,0.292395078,0.292395078
11/23/2012 11:00,0.209488344,0.209488344
11/23/2012 12:00,0.042738408,0.042738408
11/23/2012 13:00,0,0
11/23/2012 14:00,0,0
11/23/2012 15:00,0,0
11/23/2012 16:00,0,0
11/23/2012 17:00,0,0
11/23/2012 18:00,0.039324606,0.039324606
11/23/2012 19:00,0.055176629,0.055176629
11/23/2012 20:00,2.00969899,0.107779831
11/23/2012 21:00,0.130877476,0.130877476
11/23/2012 22:00,0.329929463,0.329929463
11/23/2012 23:00,0.599385262,0.599385262
11/24/2012 0:00,0.632649105,0.632649105
11/24/2012 1:00,0.754042892,0.754042892
11/24/2012 2:00,0.904754672,0.904754672
11/24/2012 3:00,1.014530425,1.014530425
11/24/2012 4:00,0.752116057,1.057650195
11/24/2012 5:00,0.756475978,1.11896474
11/24/2012 6:00,0.797714783,1.164679648
11/24/2012 7:00,1.015270109,1.49974599
11/24/2012 8:00,0.799097171,1.177884163
11/24/2012 9:00,0.785108617,1.133379473
11/24/2012 10:00,0.969163012,0.969163012
11/24/2012 11:00,0.862136449,0.862136449
11/24/2012 12:00,0.516420117,0.516420117
11/24/2012 13:00,0.329033635,0.329033635
11/24/2012 14:00,0.193876436,0.193876436
11/24/2012 15:00,0.138360852,0.138360852
11/24/2012 16:00,0.097170303,0.097170303
11/24/2012 17:00,0.185576722,0.185576722
11/24/2012 18:00,0.394105555,0.394105555
11/24/2012 19:00,0.470578371,0.470578371
11/24/2012 20:00,2.596330038,0.590488457
11/24/2012 21:00,2.341283386,0.785926976
11/24/2012 22:00,1.026969094,1.026969094
11/24/2012 23:00,1.150875013,1.150875013
11/25/2012 0:00,1.370583653,1.370583653
11/25/2012 1:00,1.494158066,1.494158066
11/25/2012 2:00,1.526554757,1.526554757
11/25/2012 3:00,1.578092456,1.578092456
11/25/2012 4:00,1.021784513,1.619488324
11/25/2012 5:00,1.028890458,1.653531133
11/25/2012 6:00,1.051216182,1.663970946
11/25/2012 7:00,1.057491712,1.671995297
11/25/2012 8:00,0.899031284,1.423999688
11/25/2012 9:00,0.835515285,1.262000201
11/25/2012 10:00,0.729506078,0.729506078
11/25/2012 11:00,0.61911022,0.61911022
11/25/2012 12:00,0.129588254,0.129588254
11/25/2012 13:00,0,0
11/25/2012 14:00,0,0
11/25/2012 15:00,0,0
11/25/2012 16:00,0,0
11/25/2012 17:00,0,0
11/25/2012 18:00,0,0
11/25/2012 19:00,0.006276474,0.006276474
11/25/2012 20:00,2.580786806,0.132950553
11/25/2012 21:00,1.919528459,0.332476506
11/25/2012 22:00,0.464891658,0.464891658
11/25/2012 23:00,0.631015155,0.631015155
11/26/2012 0:00,0.775079997,0.775079997
11/26/2012 1:00,0.871910974,0.871910974
11/26/2012 2:00,0.959199174,0.959199174
11/26/2012 3:00,1.028005161,1.028005161
11/26/2012 4:00,0.73209142,1.089202819
11/26/2012 5:00,0.715975321,1.092771661
11/26/2012 6:00,0.708075442,1.057869504
11/26/2012 7:00,0.799381035,1.192931375
11/26/2012 8:00,0.692534451,1.014168933
11/26/2012 9:00,0.582933902,0.792185862
11/26/2012 10:00,0.489712328,0.489712328
11/26/2012 11:00,0.422278337,0.422278337
11/26/2012 12:00,0.145281949,0.145281949
11/26/2012 13:00,0.030544381,0.030544381
11/26/2012 14:00,0,0
11/26/2012 15:00,0,0
11/26/2012 16:00,0,0
11/26/2012 17:00,0,0
11/26/2012 18:00,0,0
11/26/2012 19:00,0,0
11/26/2012 20:00,1.693858948,0
11/26/2012 21:00,0.068269518,0
11/26/2012 22:00,0,0
11/26/2012 23:00,0.039642733,0.039642733
11/27/2012 0:00,0.134289468,0.134289468
11/27/2012 1:00,0.203163553,0.203163553
11/27/2012 2:00,0.217130064,0.217130064
11/27/2012 3:00,0.252655191,0.252655191
11/27/2012 4:00,0.193822673,0.248448216
11/27/2012 5:00,0.195213651,0.254027138
11/27/2012 6:00,0.167850488,0.218517963
11/27/2012 7:00,0.211298964,0.27632072
11/27/2012 8:00,0.085824765,0.111547137
11/27/2012 9:00,0.132560337,0.173002876
11/27/2012 10:00,0.235391083,0.235391083
11/27/2012 11:00,0.437672148,0.437672148
11/27/2012 12:00,0.415335302,0.415335302
11/27/2012 13:00,0.411417276,0.411417276
11/27/2012 14:00,0.371874061,0.371874061
11/27/2012 15:00,0.42868415,0.42868415
11/27/2012 16:00,0.562442598,0.562442598
11/27/2012 17:00,0.755389035,0.755389035
11/27/2012 18:00,0.808004395,0.808004395
11/27/2012 19:00,0.627622972,0.627622972
11/27/2012 20:00,1.525406503,0.720049496
11/27/2012 21:00,0.707245775,0.707245775
11/27/2012 22:00,0.541836259,0.541836259
11/27/2012 23:00,0.640620846,0.640620846
11/28/2012 0:00,0.909607378,0.909607378
11/28/2012 1:00,0.972005854,0.972005854
11/28/2012 2:00,1.050790918,1.050790918
11/28/2012 3:00,1.137231006,1.137231006
11/28/2012 4:00,0.859688288,1.216674768
11/28/2012 5:00,0.886138447,1.281758339
11/28/2012 6:00,0.958289062,1.34325347
11/28/2012 7:00,1.047987449,1.489741314
11/28/2012 8:00,0.797572579,1.172847177
11/28/2012 9:00,0.72836032,1.06060336
11/28/2012 10:00,0.841938887,0.841938887
11/28/2012 11:00,0.762544683,0.762544683
11/28/2012 12:00,0.256511495,0.256511495
11/28/2012 13:00,0.186895753,0.186895753
11/28/2012 14:00,0.051286877,0.051286877
11/28/2012 15:00,0,0
11/28/2012 16:00,0,0
11/28/2012 17:00,0.056242063,0.056242063
11/28/2012 18:00,0.271670904,0.271670904
11/28/2012 19:00,0.26835604,0.26835604
11/28/2012 20:00,2.663563388,0.472679688
11/28/2012 21:00,2.226334422,0.719973869
11/28/2012 22:00,0.919394469,0.919394469
11/28/2012 23:00,1.086705445,1.086705445
11/29/2012 0:00,1.258715015,1.258715015
11/29/2012 1:00,1.399023321,1.399023321
11/29/2012 2:00,1.546065009,1.546065009
11/29/2012 3:00,1.624016458,1.624016458
11/29/2012 4:00,1.118054481,1.701929443
11/29/2012 5:00,1.153735431,1.781036465
11/29/2012 6:00,1.079562908,1.646106429
11/29/2012 7:00,1.342378933,2.029855264
11/29/2012 8:00,0.991201462,1.470030536
11/29/2012 9:00,0.734918736,1.035838485
11/29/2012 10:00,0.625868236,0.625868236
11/29/2012 11:00,0.51205825,0.51205825
11/29/2012 12:00,0.165835108,0.165835108
11/29/2012 13:00,0.025893089,0.025893089
11/29/2012 14:00,5.131E-05,5.131E-05
11/29/2012 15:00,0,0
11/29/2012 16:00,0,0
11/29/2012 17:00,0,0
11/29/2012 18:00,0,0
11/29/2012 19:00,0.02964399,0.02964399
11/29/2012 20:00,2.589856812,0.237347831
11/29/2012 21:00,2.44773406,0.42090947
11/29/2012 22:00,0.472920928,0.472920928
11/29/2012 23:00,0.81618098,0.81618098
11/30/2012 0:00,0.979028529,0.979028529
11/30/2012 1:00,1.086345661,1.086345661
11/30/2012 2:00,1.123998352,1.123998352
11/30/2012 3:00,1.168472317,1.168472317
11/30/2012 4:00,0.814998474,1.129876161
11/30/2012 5:00,0.730355339,0.985587587
11/30/2012 6:00,0.535633331,0.693873856
11/30/2012 7:00,0.795997384,1.03846924
11/30/2012 8:00,0.625445739,0.816275757
11/30/2012 9:00,0.535013505,0.672690694
11/30/2012 10:00,0.535950238,0.535950238
11/30/2012 11:00,0.490088828,0.490088828
11/30/2012 12:00,0.14707319,0.14707319
11/30/2012 13:00,0,0
11/30/2012 14:00,0,0
11/30/2012 15:00,0,0
11/30/2012 16:00,0,0
11/30/2012 17:00,0,0
11/30/2012 18:00,0,0
11/30/2012 19:00,0,0
11/30/2012 20:00,2.668398298,0.05269144
11/30/2012 21:00,0.332892143,0.269085466
11/30/2012 22:00,0.424548705,0.424548705
11/30/2012 23:00,0.596085824,0.596085824
12/1/2012 0:00,0.738227528,0.738227528
12/1/2012 1:00,0.838881208,0.838881208
12/1/2012 2:00,0.916257519,0.916257519
12/1/2012 3:00,0.978064709,0.978064709
12/1/2012 4:00,0.769247059,0.986777273
12/1/2012 5:00,0.758099858,0.995849028
12/1/2012 6:00,0.768965353,0.976276532
12/1/2012 7:00,0.857933771,1.083689794
12/1/2012 8:00,0.553852795,0.695084968
12/1/2012 9:00,0.373856044,0.470223107
12/1/2012 10:00,0.236911457,0.236911457
12/1/2012 11:00,0.091810358,0.091810358
12/1/2012 12:00,0.000131724,0.000131724
12/1/2012 13:00,0,0
12/1/2012 14:00,0,0
12/1/2012 15:00,0,0
12/1/2012 16:00,0,0
12/1/2012 17:00,0,0
12/1/2012 18:00,0,0
12/1/2012 19:00,0,0
12/1/2012 20:00,2.646917649,0
12/1/2012 21:00,0,0
12/1/2012 22:00,0.127549344,0.127549344
12/1/2012 23:00,0.243673051,0.243673051
12/2/2012 0:00,0.365470261,0.365470261
12/2/2012 1:00,0.438602649,0.438602649
12/2/2012 2:00,0.44276909,0.44276909
12/2/2012 3:00,0.489446543,0.489446543
12/2/2012 4:00,0.439619772,0.56563992
12/2/2012 5:00,0.512426538,0.66888004
12/2/2012 6:00,0.538095056,0.695471608
12/2/2012 7:00,0.61687765,0.784267945
12/2/2012 8:00,0.396973608,0.499030852
12/2/2012 9:00,0.249884084,0.314690286
12/2/2012 10:00,0.127728738,0.127728738
12/2/2012 11:00,0.039547248,0.039547248
12/2/2012 12:00,0,0
12/2/2012 13:00,0,0
12/2/2012 14:00,0,0
12/2/2012 15:00,0,0
12/2/2012 16:00,0,0
12/2/2012 17:00,0,0
12/2/2012 18:00,0,0
12/2/2012 19:00,0,0
12/2/2012 20:00,1.823913205,0
12/2/2012 21:00,0.002920994,0.002920994
12/2/2012 22:00,0.090735638,0.090735638
12/2/2012 23:00,0.360107923,0.360107923
12/3/2012 0:00,0.551655369,0.551655369
12/3/2012 1:00,0.632178273,0.632178273
12/3/2012 2:00,0.723478031,0.723478031
12/3/2012 3:00,0.783039409,0.783039409
12/3/2012 4:00,0.648267142,0.83198737
12/3/2012 5:00,0.648534219,0.854003835
12/3/2012 6:00,0.70171069,0.896209471
12/3/2012 7:00,0.669181185,0.841637386
12/3/2012 8:00,0.599718425,0.758292104
12/3/2012 9:00,0.506576713,0.637566735
12/3/2012 10:00,0.267338924,0.267338924
12/3/2012 11:00,0.135786053,0.135786053
12/3/2012 12:00,0.000266656,0.000266656
12/3/2012 13:00,0,0
12/3/2012 14:00,0,0
12/3/2012 15:00,0,0
12/3/2012 16:00,0,0
12/3/2012 17:00,0,0
12/3/2012 18:00,0,0
12/3/2012 19:00,0,0
12/3/2012 20:00,1.61468291,0
12/3/2012 21:00,0,0
12/3/2012 22:00,0.119612297,0.119612297
12/3/2012 23:00,0.26711487,0.26711487
12/4/2012 0:00,0.41604259,0.41604259
12/4/2012 1:00,0.51508104,0.51508104
12/4/2012 2:00,0.582178137,0.582178137
12/4/2012 3:00,0.620498344,0.620498344
12/4/2012 4:00,0.495659629,0.635946557
12/4/2012 5:00,0.484272373,0.631916971
12/4/2012 6:00,0.479628492,0.619132291
12/4/2012 7:00,0.524292091,0.666887938
12/4/2012 8:00,0.2838274,0.356279923
12/4/2012 9:00,0.080841459,0.101756623
12/4/2012 10:00,0.002854666,0.002854666
12/4/2012 11:00,0,0
12/4/2012 12:00,0,0
12/4/2012 13:00,0,0
12/4/2012 14:00,0,0
12/4/2012 15:00,0,0
12/4/2012 16:00,0,0
12/4/2012 17:00,0,0
12/4/2012 18:00,0,0
12/4/2012 19:00,0,0
12/4/2012 20:00,1.065940243,0
12/4/2012 21:00,0,0
12/4/2012 22:00,0,0
12/4/2012 23:00,0.037119272,0.037119272
12/5/2012 0:00,0.229214531,0.229214531
12/5/2012 1:00,0.289529755,0.289529755
12/5/2012 2:00,0.278128212,0.278128212
12/5/2012 3:00,0.375679242,0.375679242
12/5/2012 4:00,0.354525415,0.455334416
12/5/2012 5:00,0.352190255,0.458699746
12/5/2012 6:00,0.351634903,0.46081918
12/5/2012 7:00,0.367996201,0.473095106
12/5/2012 8:00,0.203854981,0.257821998
12/5/2012 9:00,0.07563313,0.095386113
12/5/2012 10:00,0.006230836,0.006230836
12/5/2012 11:00,2.8167E-05,2.8167E-05
12/5/2012 12:00,0,0
12/5/2012 13:00,0,0
12/5/2012 14:00,0,0
12/5/2012 15:00,0,0
12/5/2012 16:00,0,0
12/5/2012 17:00,0,0
12/5/2012 18:00,0,0
12/5/2012 19:00,0,0
12/5/2012 20:00,0.761665588,0
12/5/2012 21:00,0,0
12/5/2012 22:00,0.014266,0.014266
12/5/2012 23:00,0.109140021,0.109140021
12/6/2012 0:00,0.177482102,0.177482102
12/6/2012 1:00,0.239451536,0.239451536
12/6/2012 2:00,0.261441608,0.261441608
12/6/2012 3:00,0.258951659,0.258951659
12/6/2012 4:00,0.214535456,0.275405836
12/6/2012 5:00,0.22632982,0.294530756
12/6/2012 6:00,0.248739398,0.324613102
12/6/2012 7:00,0.336610741,0.4430482
12/6/2012 8:00,0.228215923,0.292482562
12/6/2012 9:00,0.203274075,0.259264664
12/6/2012 10:00,0.110475572,0.110475572
12/6/2012 11:00,0.055138252,0.055138252
12/6/2012 12:00,8.18034E-05,8.18034E-05
12/6/2012 13:00,0,0
12/6/2012 14:00,0,0
12/6/2012 15:00,0,0
12/6/2012 16:00,0,0
12/6/2012 17:00,0,0
12/6/2012 18:00,0,0
12/6/2012 19:00,0,0
12/6/2012 20:00,0.7115999,0
12/6/2012 21:00,0,0
12/6/2012 22:00,0,0
12/6/2012 23:00,0.058366912,0.058366912
12/7/2012 0:00,0.167919893,0.167919893
12/7/2012 1:00,0.274309379,0.274309379
12/7/2012 2:00,0.326624082,0.326624082
12/7/2012 3:00,0.348118522,0.348118522
12/7/2012 4:00,0.300910211,0.386309623
12/7/2012 5:00,0.340109535,0.370790036
12/7/2012 6:00,0.274478949,0.358659662
12/7/2012 7:00,0.329269417,0.429324168
12/7/2012 8:00,0.262256931,0.335356218
12/7/2012 9:00,0.228907782,0.29082755
12/7/2012 10:00,0.218855476,0.218855476
12/7/2012 11:00,0.137356325,0.137356325
12/7/2012 12:00,0.000523915,0.000523915
12/7/2012 13:00,0,0
12/7/2012 14:00,0,0
12/7/2012 15:00,0,0
12/7/2012 16:00,0,0
12/7/2012 17:00,0,0
12/7/2012 18:00,0,0
12/7/2012 19:00,0,0
12/7/2012 20:00,0.779333817,0
12/7/2012 21:00,0,0
12/7/2012 22:00,0.014457874,0.014457874
12/7/2012 23:00,0.12165547,0.12165547
12/8/2012 0:00,0.201758914,0.201758914
12/8/2012 1:00,0.331747715,0.331747715
12/8/2012 2:00,0.40277472,0.40277472
12/8/2012 3:00,0.431568892,0.431568892
12/8/2012 4:00,0.360937674,0.463264141
12/8/2012 5:00,0.367525327,0.478759608
12/8/2012 6:00,0.348248019,0.45759601
12/8/2012 7:00,0.373381575,0.479690556
12/8/2012 8:00,0.130439961,0.16412907
12/8/2012 9:00,0.031250754,0.039352499
12/8/2012 10:00,0,0
12/8/2012 11:00,0,0
12/8/2012 12:00,0,0
12/8/2012 13:00,0,0
12/8/2012 14:00,0,0
12/8/2012 15:00,0,0
12/8/2012 16:00,0,0
12/8/2012 17:00,0,0
12/8/2012 18:00,0,0
12/8/2012 19:00,0,0
12/8/2012 20:00,0.741174754,0
12/8/2012 21:00,0,0
12/8/2012 22:00,0.045134905,0.045134905
12/8/2012 23:00,0.160588306,0.160588306
12/9/2012 0:00,0.259462373,0.259462373
12/9/2012 1:00,0.310763293,0.310763293
12/9/2012 2:00,0.387971432,0.387971432
12/9/2012 3:00,0.43617246,0.43617246
12/9/2012 4:00,0.331933791,0.425483306
12/9/2012 5:00,0.300579847,0.391826799
12/9/2012 6:00,0.255847225,0.334569894
12/9/2012 7:00,0.275680672,0.362100385
12/9/2012 8:00,0.260291376,0.330946283
12/9/2012 9:00,0.161378818,0.205234176
12/9/2012 10:00,0.06123979,0.06123979
12/9/2012 11:00,0.026414604,0.026414604
12/9/2012 12:00,0,0
12/9/2012 13:00,0,0
12/9/2012 14:00,0,0
12/9/2012 15:00,0,0
12/9/2012 16:00,0,0
12/9/2012 17:00,0,0
12/9/2012 18:00,0,0
12/9/2012 19:00,0,0
12/9/2012 20:00,0.780355638,0
12/9/2012 21:00,0,0
12/9/2012 22:00,0,0
12/9/2012 23:00,0,0
12/10/2012 0:00,0.061461289,0.061461289
12/10/2012 1:00,0.13199331,0.13199331
12/10/2012 2:00,0.181618097,0.181618097
12/10/2012 3:00,0.188137843,0.188137843
12/10/2012 4:00,0.16452305,0.211304069
12/10/2012 5:00,0.149449694,0.194053656
12/10/2012 6:00,0.19187098,0.250683057
12/10/2012 7:00,0.197039787,0.256061655
12/10/2012 8:00,0.034691288,0.045141906
12/10/2012 9:00,0.000303024,0.000303024
12/10/2012 10:00,0,0
12/10/2012 11:00,0,0
12/10/2012 12:00,0,0
12/10/2012 13:00,0,0
12/10/2012 14:00,0,0
12/10/2012 15:00,0,0
12/10/2012 16:00,0,0
12/10/2012 17:00,0,0
12/10/2012 18:00,0.025191924,0.025191924
12/10/2012 19:00,0.170802782,0.170802782
12/10/2012 20:00,0.969788826,0.327835733
12/10/2012 21:00,0.49639283,0.49639283
12/10/2012 22:00,0.748039353,0.748039353
12/10/2012 23:00,0.80916154,0.80916154
12/11/2012 0:00,0.809925032,0.809925032
12/11/2012 1:00,1.113458153,1.113458153
12/11/2012 2:00,1.163135904,1.163135904
12/11/2012 3:00,1.167018326,1.167018326
12/11/2012 4:00,0.83433999,1.214030383
12/11/2012 5:00,0.845279608,1.259463158
12/11/2012 6:00,0.955701836,1.378637392
12/11/2012 7:00,1.034590712,1.487530927
12/11/2012 8:00,0.862511363,1.237886339
12/11/2012 9:00,0.902380051,1.303961819
12/11/2012 10:00,1.303858624,1.303858624
12/11/2012 11:00,1.373734561,1.373734561
12/11/2012 12:00,0.97405824,0.97405824
12/11/2012 13:00,0.672943645,0.672943645
12/11/2012 14:00,0.533476083,0.533476083
12/11/2012 15:00,0.566445455,0.566445455
12/11/2012 16:00,0.571020628,0.571020628
12/11/2012 17:00,0.632071175,0.632071175
12/11/2012 18:00,0.75769174,0.75769174
12/11/2012 19:00,0.712013199,0.712013199
12/11/2012 20:00,2.64379257,0.70376675
12/11/2012 21:00,2.792365764,0.841658233
12/11/2012 22:00,0.968730938,0.968730938
12/11/2012 23:00,1.119880554,1.063164251
12/12/2012 0:00,1.060193184,1.060193184
12/12/2012 1:00,1.109216913,1.109216913
12/12/2012 2:00,1.16493709,1.16493709
12/12/2012 3:00,1.210166582,1.210166582
12/12/2012 4:00,0.826241879,1.218727428
12/12/2012 5:00,0.816040027,1.242673161
12/12/2012 6:00,0.847361363,1.250880766
12/12/2012 7:00,0.94856202,1.395926362
12/12/2012 8:00,0.748343116,1.111816571
12/12/2012 9:00,0.725459524,1.07055605
12/12/2012 10:00,0.815247886,0.815247886
12/12/2012 11:00,0.528315787,0.528315787
12/12/2012 12:00,0.39883161,0.39883161
12/12/2012 13:00,0.293686119,0.293686119
12/12/2012 14:00,0.206269694,0.206269694
12/12/2012 15:00,0.169378028,0.169378028
12/12/2012 16:00,0.198965484,0.198965484
12/12/2012 17:00,0.268609159,0.268609159
12/12/2012 18:00,0.391768372,0.391768372
12/12/2012 19:00,0.295276926,0.295276926
12/12/2012 20:00,2.642145352,0.41495124
12/12/2012 21:00,1.719555189,0.536834773
12/12/2012 22:00,0.571357133,0.571357133
12/12/2012 23:00,0.665402346,0.665402346
12/13/2012 0:00,0.870289467,0.870289467
12/13/2012 1:00,1.048333406,1.048333406
12/13/2012 2:00,1.094088029,1.094088029
12/13/2012 3:00,1.143458047,1.143458047
12/13/2012 4:00,0.784633966,1.208041616
12/13/2012 5:00,0.807329365,1.297829916
12/13/2012 6:00,0.836688376,1.292570977
12/13/2012 7:00,0.981119705,1.507135768
12/13/2012 8:00,0.726489607,1.119224081
12/13/2012 9:00,0.871376587,1.295905461
12/13/2012 10:00,1.035738137,1.035738137
12/13/2012 11:00,0.900038632,0.900038632
12/13/2012 12:00,0.69500275,0.69500275
12/13/2012 13:00,0.522988323,0.522988323
12/13/2012 14:00,0.297156749,0.297156749
12/13/2012 15:00,0.253568154,0.253568154
12/13/2012 16:00,0.202925051,0.202925051
12/13/2012 17:00,0.186169137,0.186169137
12/13/2012 18:00,0.274841232,0.274841232
12/13/2012 19:00,0.233772894,0.233772894
12/13/2012 20:00,2.628028628,0.399217481
12/13/2012 21:00,1.78817214,0.506259708
12/13/2012 22:00,0.631253016,0.631253016
12/13/2012 23:00,0.751665047,0.751665047
12/14/2012 0:00,0.863334579,0.863334579
12/14/2012 1:00,0.979980514,0.979980514
12/14/2012 2:00,1.068275202,1.068275202
12/14/2012 3:00,1.149444863,1.149444863
12/14/2012 4:00,0.840661563,1.228542159
12/14/2012 5:00,0.85867167,1.288934103
12/14/2012 6:00,0.913589733,1.332883382
12/14/2012 7:00,1.058595167,1.531015598
12/14/2012 8:00,0.700105451,0.983227015
12/14/2012 9:00,0.533087926,0.720637886
12/14/2012 10:00,0.569547072,0.569547072
12/14/2012 11:00,0.577483945,0.577483945
12/14/2012 12:00,0.253246666,0.253246666
12/14/2012 13:00,0.120361137,0.120361137
12/14/2012 14:00,0.011181318,0.011181318
12/14/2012 15:00,0,0
12/14/2012 16:00,0,0
12/14/2012 17:00,0,0
12/14/2012 18:00,0,0
12/14/2012 19:00,0.021563363,0.021563363
12/14/2012 20:00,2.725757758,0.150911921
12/14/2012 21:00,0.940879602,0.293197427
12/14/2012 22:00,0.406585599,0.406585599
12/14/2012 23:00,0.461647772,0.461647772
12/15/2012 0:00,0.545378377,0.545378377
12/15/2012 1:00,0.550722799,0.550722799
12/15/2012 2:00,0.581849464,0.581849464
12/15/2012 3:00,0.619413019,0.619413019
12/15/2012 4:00,0.504935373,0.647458872
12/15/2012 5:00,0.501518492,0.654379471
12/15/2012 6:00,0.498823971,0.643121399
12/15/2012 7:00,0.491672073,0.625025068
12/15/2012 8:00,0.374315834,0.470741475
12/15/2012 9:00,0.35020465,0.44213293
12/15/2012 10:00,0.443867981,0.443867981
12/15/2012 11:00,0.479600056,0.479600056
12/15/2012 12:00,0.260199029,0.260199029
12/15/2012 13:00,0.073774998,0.073774998
12/15/2012 14:00,0.030972461,0.030972461
12/15/2012 15:00,0.010649283,0.010649283
12/15/2012 16:00,0.036640288,0.036640288
12/15/2012 17:00,0.01770362,0.01770362
12/15/2012 18:00,0.090157467,0.090157467
12/15/2012 19:00,0.043630004,0.043630004
12/15/2012 20:00,1.215975339,0.076760379
12/15/2012 21:00,0.119793695,0.119793695
12/15/2012 22:00,0.175944262,0.175944262
12/15/2012 23:00,0.24208967,0.24208967
12/16/2012 0:00,0.273008602,0.273008602
12/16/2012 1:00,0.241691864,0.241691864
12/16/2012 2:00,0.234437339,0.234437339
12/16/2012 3:00,0.279234674,0.279234674
12/16/2012 4:00,0.215624084,0.276632501
12/16/2012 5:00,0.252979539,0.329482887
12/16/2012 6:00,0.244365224,0.318438892
12/16/2012 7:00,0.194711645,0.255476807
12/16/2012 8:00,0.151982713,0.197364552
12/16/2012 9:00,0.169376838,0.217748776
12/16/2012 10:00,0.165406665,0.165406665
12/16/2012 11:00,0.194980328,0.194980328
12/16/2012 12:00,0.053307188,0.053307188
12/16/2012 13:00,0.000451112,0.000451112
12/16/2012 14:00,0,0
12/16/2012 15:00,0.002911962,0.002911962
12/16/2012 16:00,7.8482E-05,7.8482E-05
12/16/2012 17:00,0,0
12/16/2012 18:00,0.108710424,0.108710424
12/16/2012 19:00,0.039962359,0.039962359
12/16/2012 20:00,0.958144471,0.056879226
12/16/2012 21:00,0.203852854,0.203852854
12/16/2012 22:00,0.402058098,0.402058098
12/16/2012 23:00,0.525189247,0.525189247
12/17/2012 0:00,0.470375657,0.470375657
12/17/2012 1:00,0.424383249,0.424383249
12/17/2012 2:00,0.406796623,0.406796623
12/17/2012 3:00,0.436133787,0.436133787
12/17/2012 4:00,0.373472428,0.479439159
12/17/2012 5:00,0.393957878,0.513336615
12/17/2012 6:00,0.334894754,0.439546877
12/17/2012 7:00,0.439632936,0.56430595
12/17/2012 8:00,0.33597239,0.424689354
12/17/2012 9:00,0.208998477,0.264054666
12/17/2012 10:00,0.068714473,0.068714473
12/17/2012 11:00,0.085386211,0.085386211
12/17/2012 12:00,0.000171424,0.000171424
12/17/2012 13:00,0,0
12/17/2012 14:00,0,0
12/17/2012 15:00,0,0
12/17/2012 16:00,0,0
12/17/2012 17:00,0,0
12/17/2012 18:00,0,0
12/17/2012 19:00,0,0
12/17/2012 20:00,1.481866742,0.067575502
12/17/2012 21:00,0.179411426,0.179411426
12/17/2012 22:00,0.3003265,0.3003265
12/17/2012 23:00,0.400722315,0.400722315
12/18/2012 0:00,0.502466453,0.502466453
12/18/2012 1:00,0.592409284,0.592409284
12/18/2012 2:00,0.743738545,0.743738545
12/18/2012 3:00,0.88364168,0.88364168
12/18/2012 4:00,0.690081243,0.885905911
12/18/2012 5:00,0.657893878,0.883464341
12/18/2012 6:00,0.721396072,0.976432642
12/18/2012 7:00,0.911126282,1.256840316
12/18/2012 8:00,0.734443397,1.028259259
12/18/2012 9:00,0.524102264,0.714316433
12/18/2012 10:00,0.649417674,0.649417674
12/18/2012 11:00,0.570276289,0.570276289
12/18/2012 12:00,0.227598831,0.227598831
12/18/2012 13:00,0.060131791,0.060131791
12/18/2012 14:00,0.000136726,0.000136726
12/18/2012 15:00,0,0
12/18/2012 16:00,0,0
12/18/2012 17:00,0,0
12/18/2012 18:00,0.005191207,0.005191207
12/18/2012 19:00,0.012020078,0.012020078
12/18/2012 20:00,2.737296604,0.159654999
12/18/2012 21:00,0.469809099,0.250439547
12/18/2012 22:00,0.385608435,0.385608435
12/18/2012 23:00,0.456114432,0.456114432
12/19/2012 0:00,0.445107926,0.445107926
12/19/2012 1:00,0.655402367,0.655402367
12/19/2012 2:00,0.749287483,0.749287483
12/19/2012 3:00,0.84164562,0.84164562
12/19/2012 4:00,0.703009,0.925403852
12/19/2012 5:00,0.75897273,1.04200957
12/19/2012 6:00,0.839503494,1.139759375
12/19/2012 7:00,0.897212049,1.213033341
12/19/2012 8:00,0.707308797,0.943712053
12/19/2012 9:00,0.504713706,0.641471964
12/19/2012 10:00,0.365829397,0.365829397
12/19/2012 11:00,0.226495153,0.226495153
12/19/2012 12:00,0.009500007,0.009500007
12/19/2012 13:00,0,0
12/19/2012 14:00,0,0
12/19/2012 15:00,0,0
12/19/2012 16:00,0,0
12/19/2012 17:00,0,0
12/19/2012 18:00,0,0
12/19/2012 19:00,0,0
12/19/2012 20:00,1.7027297,0
12/19/2012 21:00,0.144980051,0
12/19/2012 22:00,0.076171947,0.076171947
12/19/2012 23:00,0.147931579,0.147931579
12/20/2012 0:00,0.339836997,0.339836997
12/20/2012 1:00,0.437682931,0.437682931
12/20/2012 2:00,0.56620798,0.56620798
12/20/2012 3:00,0.579345262,0.579345262
12/20/2012 4:00,0.463285155,0.594646112
12/20/2012 5:00,0.528548219,0.689842101
12/20/2012 6:00,0.520824845,0.671177658
12/20/2012 7:00,0.539773241,0.686048054
12/20/2012 8:00,0.457503339,0.577290384
12/20/2012 9:00,0.314828411,0.396408534
12/20/2012 10:00,0.208090291,0.208090291
12/20/2012 11:00,0.163382473,0.163382473
12/20/2012 12:00,0.011754955,0.011754955
12/20/2012 13:00,0.025641195,0.025641195
12/20/2012 14:00,0.078904282,0.078904282
12/20/2012 15:00,0.082564309,0.082564309
12/20/2012 16:00,0.317929911,0.317929911
12/20/2012 17:00,0.599233393,0.599233393
12/20/2012 18:00,0.630449597,0.630449597
12/20/2012 19:00,0.664972157,0.664972157
12/20/2012 20:00,2.818487277,0.835055907
12/20/2012 21:00,0.817183228,0.817183228
12/20/2012 22:00,0.945544009,0.945544009
12/20/2012 23:00,1.251744735,1.251744735
12/21/2012 0:00,1.298455641,1.298455641
12/21/2012 1:00,1.310495817,1.310495817
12/21/2012 2:00,1.60903236,1.60903236
12/21/2012 3:00,1.673780994,1.673780994
12/21/2012 4:00,1.178481523,1.72440283
12/21/2012 5:00,1.230022036,1.80892106
12/21/2012 6:00,1.227176436,1.797379094
12/21/2012 7:00,1.37780315,2.039394994
12/21/2012 8:00,1.129584715,1.682904521
12/21/2012 9:00,1.011711282,1.506796552
12/21/2012 10:00,1.451133433,1.451133433
12/21/2012 11:00,1.343107071,1.343107071
12/21/2012 12:00,0.959280095,0.959280095
12/21/2012 13:00,0.862626644,0.862626644
12/21/2012 14:00,0.798583927,0.798583927
12/21/2012 15:00,0.712654031,0.712654031
12/21/2012 16:00,0.647696788,0.647696788
12/21/2012 17:00,0.701478758,0.701478758
12/21/2012 18:00,0.849082781,0.849082781
12/21/2012 19:00,0.699329073,0.699329073
12/21/2012 20:00,2.712247961,0.785050766
12/21/2012 21:00,2.883691957,1.022565105
12/21/2012 22:00,2.395307814,1.139444231
12/21/2012 23:00,1.162052106,1.162052106
12/22/2012 0:00,1.222924989,1.222924989
12/22/2012 1:00,1.367250491,1.367250491
12/22/2012 2:00,1.454982946,1.454982946
12/22/2012 3:00,1.520098466,1.520098466
12/22/2012 4:00,1.039607229,1.638065444
12/22/2012 5:00,1.105044286,1.801454556
12/22/2012 6:00,1.166958452,1.877958106
12/22/2012 7:00,1.343508933,2.147268708
12/22/2012 8:00,1.142342991,1.845403723
12/22/2012 9:00,1.074940864,1.686460668
12/22/2012 10:00,1.337622236,1.337622236
12/22/2012 11:00,1.31981006,1.31981006
12/22/2012 12:00,0.831517214,0.831517214
12/22/2012 13:00,0.625650701,0.625650701
12/22/2012 14:00,0.525697079,0.525697079
12/22/2012 15:00,0.399015411,0.399015411
12/22/2012 16:00,0.354973738,0.354973738
12/22/2012 17:00,0.334631238,0.334631238
12/22/2012 18:00,0.480436119,0.480436119
12/22/2012 19:00,0.426259462,0.426259462
12/22/2012 20:00,2.629909082,0.639547986
12/22/2012 21:00,2.763681832,0.833520923
12/22/2012 22:00,2.012595243,1.010280967
12/22/2012 23:00,1.176267954,1.176267954
12/23/2012 0:00,1.352524223,1.352524223
12/23/2012 1:00,1.448869643,1.448869643
12/23/2012 2:00,1.506283386,1.506283386
12/23/2012 3:00,1.537672811,1.537672811
12/23/2012 4:00,0.97771948,1.507092254
12/23/2012 5:00,0.951196539,1.468402194
12/23/2012 6:00,0.963185174,1.45090202
12/23/2012 7:00,1.105365207,1.66293763
12/23/2012 8:00,0.889569842,1.333192629
12/23/2012 9:00,0.823304692,1.198095463
12/23/2012 10:00,0.860829085,0.860829085
12/23/2012 11:00,0.761813927,0.761813927
12/23/2012 12:00,0.473504118,0.473504118
12/23/2012 13:00,0.224499761,0.224499761
12/23/2012 14:00,0.124621067,0.124621067
12/23/2012 15:00,0.123992283,0.123992283
12/23/2012 16:00,0.147997488,0.147997488
12/23/2012 17:00,0.165207471,0.165207471
12/23/2012 18:00,0.315861553,0.315861553
12/23/2012 19:00,0.247268069,0.247268069
12/23/2012 20:00,2.743779281,0.306017057
12/23/2012 21:00,1.679919792,0.357897586
12/23/2012 22:00,0.404242537,0.404242537
12/23/2012 23:00,0.500492978,0.500492978
12/24/2012 0:00,0.60160148,0.60160148
12/24/2012 1:00,0.681047626,0.681047626
12/24/2012 2:00,0.765667953,0.765667953
12/24/2012 3:00,0.778661735,0.778661735
12/24/2012 4:00,0.607550145,0.778896513
12/24/2012 5:00,0.57923785,0.756060168
12/24/2012 6:00,0.562284594,0.720116758
12/24/2012 7:00,0.544554958,0.688027014
12/24/2012 8:00,0.368759134,0.464584511
12/24/2012 9:00,0.305819343,0.385464718
12/24/2012 10:00,0.288950505,0.288950505
12/24/2012 11:00,0.299235712,0.299235712
12/24/2012 12:00,0.13250487,0.13250487
12/24/2012 13:00,0.056693051,0.056693051
12/24/2012 14:00,0.000515806,0.000515806
12/24/2012 15:00,0,0
12/24/2012 16:00,0,0
12/24/2012 17:00,0,0
12/24/2012 18:00,0.015512375,0.015512375
12/24/2012 19:00,0.048074787,0.048074787
12/24/2012 20:00,2.195744658,0.174059887
12/24/2012 21:00,0.299286359,0.299286359
12/24/2012 22:00,0.424819841,0.424819841
12/24/2012 23:00,0.545283035,0.545283035
12/25/2012 0:00,0.671171359,0.671171359
12/25/2012 1:00,0.755013823,0.755013823
12/25/2012 2:00,0.803106226,0.803106226
12/25/2012 3:00,0.784467004,0.784467004
12/25/2012 4:00,0.583476331,0.750194887
12/25/2012 5:00,0.586477794,0.766021456
12/25/2012 6:00,0.593913042,0.76058721
12/25/2012 7:00,0.685558082,0.867022853
12/25/2012 8:00,0.611514841,0.771422977
12/25/2012 9:00,0.563171904,0.70929217
12/25/2012 10:00,0.560698147,0.560698147
12/25/2012 11:00,0.623211296,0.623211296
12/25/2012 12:00,0.43416241,0.43416241
12/25/2012 13:00,0.391435616,0.391435616
12/25/2012 14:00,0.354760551,0.354760551
12/25/2012 15:00,0.334619223,0.334619223
12/25/2012 16:00,0.413222015,0.413222015
12/25/2012 17:00,0.467096265,0.467096265
12/25/2012 18:00,0.589328935,0.589328935
12/25/2012 19:00,0.498578595,0.498578595
12/25/2012 20:00,2.867092656,0.482827175
12/25/2012 21:00,0.473158564,0.473158564
12/25/2012 22:00,0.474484976,0.474484976
12/25/2012 23:00,0.599090872,0.599090872
12/26/2012 0:00,0.723162177,0.723162177
12/26/2012 1:00,0.572525365,0.572525365
12/26/2012 2:00,0.507375255,0.507375255
12/26/2012 3:00,0.742285659,0.742285659
12/26/2012 4:00,0.749998597,0.961893202
12/26/2012 5:00,0.881001527,1.156045972
12/26/2012 6:00,1.045220618,1.388892279
12/26/2012 7:00,1.022570928,1.406957204
12/26/2012 8:00,1.004633094,1.408606287
12/26/2012 9:00,0.96473035,1.387177538
12/26/2012 10:00,1.570048084,1.570048084
12/26/2012 11:00,1.71984002,1.71984002
12/26/2012 12:00,1.612109333,1.612109333
12/26/2012 13:00,1.66847565,1.66847565
12/26/2012 14:00,1.792312683,1.792312683
12/26/2012 15:00,1.556792563,1.556792563
12/26/2012 16:00,1.531054371,1.531054371
12/26/2012 17:00,1.677288296,1.677288296
12/26/2012 18:00,1.971417627,1.971417627
12/26/2012 19:00,1.657287182,1.657287182
12/26/2012 20:00,2.876676057,1.446264311
12/26/2012 21:00,3.019610945,1.646995831
12/26/2012 22:00,3.070931756,1.713112597
12/26/2012 23:00,1.76273875,1.697820844
12/27/2012 0:00,1.766613007,1.766613007
12/27/2012 1:00,1.7909781,1.7909781
12/27/2012 2:00,1.808842084,1.808842084
12/27/2012 3:00,1.79287899,1.79287899
12/27/2012 4:00,1.235417557,1.884556414
12/27/2012 5:00,1.276669768,1.948953147
12/27/2012 6:00,1.292993877,1.945976098
12/27/2012 7:00,1.374802397,2.065341602
12/27/2012 8:00,1.05119642,1.573441926
12/27/2012 9:00,0.904618693,1.3495509
12/27/2012 10:00,1.143858875,1.143858875
12/27/2012 11:00,1.247223147,1.247223147
12/27/2012 12:00,0.834401744,0.834401744
12/27/2012 13:00,0.78986284,0.78986284
12/27/2012 14:00,0.646482331,0.646482331
12/27/2012 15:00,0.555329845,0.555329845
12/27/2012 16:00,0.619881981,0.619881981
12/27/2012 17:00,0.683522742,0.683522742
12/27/2012 18:00,1.053038092,1.053038092
12/27/2012 19:00,0.917501143,0.917501143
12/27/2012 20:00,2.720069454,1.141635387
12/27/2012 21:00,2.85270183,1.310500884
12/27/2012 22:00,2.920828176,1.46311671
12/27/2012 23:00,2.274120643,1.557916284
12/28/2012 0:00,1.725209892,1.725209892
12/28/2012 1:00,1.739156816,1.739156816
12/28/2012 2:00,1.714924515,1.714924515
12/28/2012 3:00,1.686245043,1.686245043
12/28/2012 4:00,1.115640377,1.65171742
12/28/2012 5:00,1.097589364,1.628974645
12/28/2012 6:00,1.11341443,1.632104457
12/28/2012 7:00,1.247131286,1.822426652
12/28/2012 8:00,0.995611957,1.438899968
12/28/2012 9:00,0.798983129,1.149142041
12/28/2012 10:00,0.9181157,0.9181157
12/28/2012 11:00,0.843796213,0.843796213
12/28/2012 12:00,0.453122005,0.453122005
12/28/2012 13:00,0.300480784,0.300480784
12/28/2012 14:00,0.202803243,0.202803243
12/28/2012 15:00,0.148478315,0.148478315
12/28/2012 16:00,0.195921465,0.195921465
12/28/2012 17:00,0.299245548,0.299245548
12/28/2012 18:00,0.591005671,0.591005671
12/28/2012 19:00,0.620778361,0.620778361
12/28/2012 20:00,2.753600149,0.808509311
12/28/2012 21:00,2.856415963,0.749242787
12/28/2012 22:00,1.307795173,0.964516745
12/28/2012 23:00,0.881623435,0.881623435
12/29/2012 0:00,0.89161977,0.89161977
12/29/2012 1:00,0.910999952,0.910999952
12/29/2012 2:00,0.966731758,0.966731758
12/29/2012 3:00,0.96300061,0.96300061
12/29/2012 4:00,0.849563727,1.129375665
12/29/2012 5:00,1.029010902,1.427402129
12/29/2012 6:00,1.081306656,1.486984864
12/29/2012 7:00,1.109933188,1.543258723
12/29/2012 8:00,0.911548409,1.282040252
12/29/2012 9:00,0.879734718,1.245433411
12/29/2012 10:00,1.274964364,1.274964364
12/29/2012 11:00,1.438937326,1.438937326
12/29/2012 12:00,1.169438892,1.169438892
12/29/2012 13:00,1.027846478,1.027846478
12/29/2012 14:00,1.264433129,1.264433129
12/29/2012 15:00,1.3076276,1.3076276
12/29/2012 16:00,1.25997623,1.25997623
12/29/2012 17:00,1.367069966,1.367069966
12/29/2012 18:00,1.623668638,1.623668638
12/29/2012 19:00,1.610277578,1.610277578
12/29/2012 20:00,2.934890519,1.592658836
12/29/2012 21:00,2.981130077,1.570845225
12/29/2012 22:00,2.981999261,1.583634793
12/29/2012 23:00,1.803852628,1.56706841
12/30/2012 0:00,1.637899525,1.637899525
12/30/2012 1:00,1.799525081,1.799525081
12/30/2012 2:00,1.78849636,1.78849636
12/30/2012 3:00,1.80095459,1.80095459
12/30/2012 4:00,1.219982407,1.919638683
12/30/2012 5:00,1.234466377,1.983245636
12/30/2012 6:00,1.236374131,1.992297443
12/30/2012 7:00,1.386863818,2.261168995
12/30/2012 8:00,1.022567155,1.667847341
12/30/2012 9:00,1.070140619,1.702910154
12/30/2012 10:00,1.519336156,1.519336156
12/30/2012 11:00,1.678700525,1.678700525
12/30/2012 12:00,1.054018582,1.054018582
12/30/2012 13:00,0.911809788,0.911809788
12/30/2012 14:00,0.74857206,0.74857206
12/30/2012 15:00,0.603038351,0.603038351
12/30/2012 16:00,0.526445197,0.526445197
12/30/2012 17:00,0.389995494,0.389995494
12/30/2012 18:00,0.821861256,0.821861256
12/30/2012 19:00,0.779611733,0.779611733
12/30/2012 20:00,2.672261614,0.917937006
12/30/2012 21:00,2.806440264,1.073233188
12/30/2012 22:00,2.861406714,1.1946527
12/30/2012 23:00,1.31955237,1.254528734
12/31/2012 0:00,1.324025047,1.324025047
12/31/2012 1:00,1.3415737,1.3415737
12/31/2012 2:00,1.337103971,1.337103971
12/31/2012 3:00,1.312453833,1.312453833
12/31/2012 4:00,0.901161266,1.306431135
12/31/2012 5:00,0.89656096,1.341337119
12/31/2012 6:00,0.914429005,1.333404392
12/31/2012 7:00,1.042272343,1.507087223
12/31/2012 8:00,0.841660629,1.20670733
12/31/2012 9:00,0.711755133,0.993430134
12/31/2012 10:00,0.940685986,0.940685986
12/31/2012 11:00,0.948847582,0.948847582
12/31/2012 12:00,0.647000507,0.647000507
12/31/2012 13:00,0.504573736,0.504573736
12/31/2012 14:00,0.446433783,0.446433783
12/31/2012 15:00,0.389676289,0.389676289
12/31/2012 16:00,0.368181118,0.368181118
12/31/2012 17:00,0.37478266,0.37478266
12/31/2012 18:00,0.52809176,0.52809176
12/31/2012 19:00,0.417428368,0.417428368
12/31/2012 20:00,2.759164131,0.493465278
12/31/2012 21:00,1.815558056,0.528629195
12/31/2012 22:00,0.55647747,0.55647747
12/31/2012 23:00,0.610455242,0.610455242
1/1/2013 0:00,0.71048167,0.71048167
