wmo_id,city,state_abbr,state_name,country,source,label
712850,Abee AgDM,AB,Alberta,CAN,TMYx,"Abee AgDM, AB (WMO 712850)"
710480,Acadia Valley,AB,Alberta,CAN,TMYx,"Acadia Valley, AB (WMO 710480)"
710050,Albert Hall AgCM,AB,Alberta,CAN,TMYx,"Albert Hall AgCM, AB (WMO 710050)"
710060,Alliance AgCM,AB,Alberta,CAN,TMYx,"Alliance AgCM, AB (WMO 710060)"
712860,Andrew AgDM,AB,Alberta,CAN,TMYx,"Andrew AgDM, AB (WMO 712860)"
712710,Athabasca AgCM,AB,Alberta,CAN,TMYx,"Athabasca AgCM, AB (WMO 712710)"
719860,Atlee AgCM,AB,Alberta,CAN,TMYx,"Atlee AgCM, AB (WMO 719860)"
712870,Atmore AgDM,AB,Alberta,CAN,TMYx,"Atmore AgDM, AB (WMO 712870)"
719810,Azure,AB,Alberta,CAN,TMYx,"Azure, AB (WMO 719810)"
711220,Banff CS,AB,Alberta,CAN,TMYx,"Banff CS, AB (WMO 711220)"
713460,Barnwell AgDM,AB,Alberta,CAN,TMYx,"Barnwell AgDM, AB (WMO 713460)"
710070,Barons AgCM,AB,Alberta,CAN,TMYx,"Barons AgCM, AB (WMO 710070)"
710610,Barrhead AP,AB,Alberta,CAN,TMYx,"Barrhead AP, AB (WMO 710610)"
710080,Bassano AgCM,AB,Alberta,CAN,TMYx,"Bassano AgCM, AB (WMO 710080)"
713040,Beaver Mines,AB,Alberta,CAN,TMYx,"Beaver Mines, AB (WMO 713040)"
712300,Beaverlodge RCS,AB,Alberta,CAN,TMYx,"Beaverlodge RCS, AB (WMO 712300)"
710090,Beiseker AgCM,AB,Alberta,CAN,TMYx,"Beiseker AgCM, AB (WMO 710090)"
710100,Bellshill AgCM,AB,Alberta,CAN,TMYx,"Bellshill AgCM, AB (WMO 710100)"
710110,Big Valley AgCM,AB,Alberta,CAN,TMYx,"Big Valley AgCM, AB (WMO 710110)"
719820,Black Diamond,AB,Alberta,CAN,TMYx,"Black Diamond, AB (WMO 719820)"
715170,Blood Tribe AgDM,AB,Alberta,CAN,TMYx,"Blood Tribe AgDM, AB (WMO 715170)"
712140,Bodo AGDM,AB,Alberta,CAN,TMYx,"Bodo AGDM, AB (WMO 712140)"
712310,Bow Island,AB,Alberta,CAN,TMYx,"Bow Island, AB (WMO 712310)"
715190,Bow Island Irrigation AgDM,AB,Alberta,CAN,TMYx,"Bow Island Irrigation AgDM, AB (WMO 715190)"
712320,Bow Valley Prov Park,AB,Alberta,CAN,TMYx,"Bow Valley Prov Park, AB (WMO 712320)"
712330,Breton Plots,AB,Alberta,CAN,TMYx,"Breton Plots, AB (WMO 712330)"
713410,Brocket AgDM,AB,Alberta,CAN,TMYx,"Brocket AgDM, AB (WMO 713410)"
714570,Brooks,AB,Alberta,CAN,TMYx,"Brooks, AB (WMO 714570)"
712830,Brownvale AgCM,AB,Alberta,CAN,TMYx,"Brownvale AgCM, AB (WMO 712830)"
718390,Bullhorn Coulee Reservoir,AB,Alberta,CAN,TMYx,"Bullhorn Coulee Reservoir, AB (WMO 718390)"
710160,Bullhorn Headwaters,AB,Alberta,CAN,TMYx,"Bullhorn Headwaters, AB (WMO 710160)"
712840,Busby AgCM,AB,Alberta,CAN,TMYx,"Busby AgCM, AB (WMO 712840)"
711200,CFB Cold Lake AP,AB,Alberta,CAN,TMYx,"CFB Cold Lake AP, AB (WMO 711200)"
711210,CFB Edmonton,AB,Alberta,CAN,TMYx,"CFB Edmonton, AB (WMO 711210)"
711180,CFB Wainwright-Wainwright Field 21 AF,AB,Alberta,CAN,TMYx,"CFB Wainwright-Wainwright Field 21 AF, AB (WMO 711180)"
710120,Cadogan AgCM,AB,Alberta,CAN,TMYx,"Cadogan AgCM, AB (WMO 710120)"
718770,Calgary Intl AP,AB,Alberta,CAN,TMYx,"Calgary Intl AP, AB (WMO 718770)"
712350,Calgary-Canadian Olympic Park Upper,AB,Alberta,CAN,TMYx,"Calgary-Canadian Olympic Park Upper, AB (WMO 712350)"
718600,Calgary-Springbank AP,AB,Alberta,CAN,TMYx,"Calgary-Springbank AP, AB (WMO 718600)"
716360,Campsie,AB,Alberta,CAN,TMYx,"Campsie, AB (WMO 716360)"
712540,Camrose AP,AB,Alberta,CAN,TMYx,"Camrose AP, AB (WMO 712540)"
711530,Cardston,AB,Alberta,CAN,TMYx,"Cardston, AB (WMO 711530)"
718840,Castlegar-West Kootenay Rgnl AP-Yarmouth RCS,AB,Alberta,CAN,TMYx,"Castlegar-West Kootenay Rgnl AP-Yarmouth RCS, AB (WMO 718840)"
712170,Champion AgDM,AB,Alberta,CAN,TMYx,"Champion AgDM, AB (WMO 712170)"
712340,Claresholm AP,AB,Alberta,CAN,TMYx,"Claresholm AP, AB (WMO 712340)"
712210,Cleardale AgDM,AB,Alberta,CAN,TMYx,"Cleardale AgDM, AB (WMO 712210)"
712230,Consort AgDM,AB,Alberta,CAN,TMYx,"Consort AgDM, AB (WMO 712230)"
713180,Coronation AP,AB,Alberta,CAN,TMYx,"Coronation AP, AB (WMO 713180)"
710130,Craigmyle AgCM,AB,Alberta,CAN,TMYx,"Craigmyle AgCM, AB (WMO 710130)"
713800,Crestomere AgCM,AB,Alberta,CAN,TMYx,"Crestomere AgCM, AB (WMO 713800)"
712360,Crowsnest,AB,Alberta,CAN,TMYx,"Crowsnest, AB (WMO 712360)"
713400,Dapp AgDM,AB,Alberta,CAN,TMYx,"Dapp AgDM, AB (WMO 713400)"
712240,Del Bonita AgDM,AB,Alberta,CAN,TMYx,"Del Bonita AgDM, AB (WMO 712240)"
710140,Delburne AgCM,AB,Alberta,CAN,TMYx,"Delburne AgCM, AB (WMO 710140)"
713590,Dewberry AgCM,AB,Alberta,CAN,TMYx,"Dewberry AgCM, AB (WMO 713590)"
712370,Drumheller East,AB,Alberta,CAN,TMYx,"Drumheller East, AB (WMO 712370)"
714140,Dupre AgCM,AB,Alberta,CAN,TMYx,"Dupre AgCM, AB (WMO 714140)"
714610,Eaglesham AgCM,AB,Alberta,CAN,TMYx,"Eaglesham AgCM, AB (WMO 714610)"
713600,Edgerton AgCM,AB,Alberta,CAN,TMYx,"Edgerton AgCM, AB (WMO 713600)"
711230,Edmonton Intl AP,AB,Alberta,CAN,TMYx,"Edmonton Intl AP, AB (WMO 711230)"
711550,Edmonton Intl CS,AB,Alberta,CAN,TMYx,"Edmonton Intl CS, AB (WMO 711550)"
711570,Edmonton Muni AP,AB,Alberta,CAN,TMYx,"Edmonton Muni AP, AB (WMO 711570)"
711270,Edmonton-Stony Plain AP CS,AB,Alberta,CAN,TMYx,"Edmonton-Stony Plain AP CS, AB (WMO 711270)"
711233,Edmonton-Villeneuve AP,AB,Alberta,CAN,TMYx,"Edmonton-Villeneuve AP, AB (WMO 711233)"
718810,Edson AP,AB,Alberta,CAN,TMYx,"Edson AP, AB (WMO 718810)"
711560,Edson CS,AB,Alberta,CAN,TMYx,"Edson CS, AB (WMO 711560)"
714040,Egg Island,AB,Alberta,CAN,TMYx,"Egg Island, AB (WMO 714040)"
712380,Elk Island Natl Park,AB,Alberta,CAN,TMYx,"Elk Island Natl Park, AB (WMO 712380)"
715180,Enchant AgDM,AB,Alberta,CAN,TMYx,"Enchant AgDM, AB (WMO 715180)"
712400,Esther,AB,Alberta,CAN,TMYx,"Esther, AB (WMO 712400)"
714090,Etzicom AgCM,AB,Alberta,CAN,TMYx,"Etzicom AgCM, AB (WMO 714090)"
714810,Evansburg AgCM,AB,Alberta,CAN,TMYx,"Evansburg AgCM, AB (WMO 714810)"
713470,Fairview AgDM,AB,Alberta,CAN,TMYx,"Fairview AgDM, AB (WMO 713470)"
716730,Ferintosh AgCM,AB,Alberta,CAN,TMYx,"Ferintosh AgCM, AB (WMO 716730)"
715350,Fincastle AgDM,AB,Alberta,CAN,TMYx,"Fincastle AgDM, AB (WMO 715350)"
712250,Foremost AgDM,AB,Alberta,CAN,TMYx,"Foremost AgDM, AB (WMO 712250)"
716740,Forestburg AgCM,AB,Alberta,CAN,TMYx,"Forestburg AgCM, AB (WMO 716740)"
714830,Fort Assiniboine AgCM,AB,Alberta,CAN,TMYx,"Fort Assiniboine AgCM, AB (WMO 714830)"
710560,Fort Chipewyan AP RCS,AB,Alberta,CAN,TMYx,"Fort Chipewyan AP RCS, AB (WMO 710560)"
717890,Fort Macleod AgCM,AB,Alberta,CAN,TMYx,"Fort Macleod AgCM, AB (WMO 717890)"
715850,Fort McMurray AP,AB,Alberta,CAN,TMYx,"Fort McMurray AP, AB (WMO 715850)"
710240,Fort Vermilion,AB,Alberta,CAN,TMYx,"Fort Vermilion, AB (WMO 710240)"
712530,Garden River AP,AB,Alberta,CAN,TMYx,"Garden River AP, AB (WMO 712530)"
717910,Gilt Edge North AgCM,AB,Alberta,CAN,TMYx,"Gilt Edge North AgCM, AB (WMO 717910)"
714980,Gleichen AgCM,AB,Alberta,CAN,TMYx,"Gleichen AgCM, AB (WMO 714980)"
715000,Glenevis AgCM,AB,Alberta,CAN,TMYx,"Glenevis AgCM, AB (WMO 715000)"
718850,Glenwood,AB,Alberta,CAN,TMYx,"Glenwood, AB (WMO 718850)"
719400,Grande Prairie AP,AB,Alberta,CAN,TMYx,"Grande Prairie AP, AB (WMO 719400)"
717880,Grassy Lake,AB,Alberta,CAN,TMYx,"Grassy Lake, AB (WMO 717880)"
717920,Halkirk AgCM,AB,Alberta,CAN,TMYx,"Halkirk AgCM, AB (WMO 717920)"
715070,Hawk Hills AgCM,AB,Alberta,CAN,TMYx,"Hawk Hills AgCM, AB (WMO 715070)"
717930,Hemaruka AgCM,AB,Alberta,CAN,TMYx,"Hemaruka AgCM, AB (WMO 717930)"
719790,Hendrickson Creek,AB,Alberta,CAN,TMYx,"Hendrickson Creek, AB (WMO 719790)"
715400,Hespero AgCM,AB,Alberta,CAN,TMYx,"Hespero AgCM, AB (WMO 715400)"
710660,High Level AP,AB,Alberta,CAN,TMYx,"High Level AP, AB (WMO 710660)"
712260,High Prairie AgDM,AB,Alberta,CAN,TMYx,"High Prairie AgDM, AB (WMO 712260)"
712410,Highvale,AB,Alberta,CAN,TMYx,"Highvale, AB (WMO 712410)"
712270,Holden AgDM,AB,Alberta,CAN,TMYx,"Holden AgDM, AB (WMO 712270)"
717940,Hughenden AgCM,AB,Alberta,CAN,TMYx,"Hughenden AgCM, AB (WMO 717940)"
713440,Hussar AgDM,AB,Alberta,CAN,TMYx,"Hussar AgDM, AB (WMO 713440)"
715280,Iron Springs AgDM,AB,Alberta,CAN,TMYx,"Iron Springs AgDM, AB (WMO 715280)"
717950,Irvine AgCM,AB,Alberta,CAN,TMYx,"Irvine AgCM, AB (WMO 717950)"
714860,Jasper-Warden,AB,Alberta,CAN,TMYx,"Jasper-Warden, AB (WMO 714860)"
715410,Jean Cote AgCM,AB,Alberta,CAN,TMYx,"Jean Cote AgCM, AB (WMO 715410)"
717960,Kessler AgCM,AB,Alberta,CAN,TMYx,"Kessler AgCM, AB (WMO 717960)"
712280,Killam AgDM,AB,Alberta,CAN,TMYx,"Killam AgDM, AB (WMO 712280)"
717970,Kitscoty AgCM,AB,Alberta,CAN,TMYx,"Kitscoty AgCM, AB (WMO 717970)"
715420,La Crete AP AgCM,AB,Alberta,CAN,TMYx,"La Crete AP AgCM, AB (WMO 715420)"
715430,La Glace AgCM,AB,Alberta,CAN,TMYx,"La Glace AgCM, AB (WMO 715430)"
713160,Lac la Biche AP,AB,Alberta,CAN,TMYx,"Lac la Biche AP, AB (WMO 713160)"
712420,Lacombe,AB,Alberta,CAN,TMYx,"Lacombe, AB (WMO 712420)"
715650,Leedale AgDM,AB,Alberta,CAN,TMYx,"Leedale AgDM, AB (WMO 715650)"
715440,Legal AgCM,AB,Alberta,CAN,TMYx,"Legal AgCM, AB (WMO 715440)"
712670,Lethbridge AP,AB,Alberta,CAN,TMYx,"Lethbridge AP, AB (WMO 712670)"
712430,Lethbridge CDA,AB,Alberta,CAN,TMYx,"Lethbridge CDA, AB (WMO 712430)"
715090,Lethbridge Demo Farm AgDM,AB,Alberta,CAN,TMYx,"Lethbridge Demo Farm AgDM, AB (WMO 715090)"
715670,Lindbergh AgDM,AB,Alberta,CAN,TMYx,"Lindbergh AgDM, AB (WMO 715670)"
710350,Linden AgCM,AB,Alberta,CAN,TMYx,"Linden AgCM, AB (WMO 710350)"
718710,Lloydminster AP,AB,Alberta,CAN,TMYx,"Lloydminster AP, AB (WMO 718710)"
712290,Manning AgDM,AB,Alberta,CAN,TMYx,"Manning AgDM, AB (WMO 712290)"
710470,Mannwille AgCM,AB,Alberta,CAN,TMYx,"Mannwille AgCM, AB (WMO 710470)"
710510,Manyberries AgCM,AB,Alberta,CAN,TMYx,"Manyberries AgCM, AB (WMO 710510)"
713450,Masinasin AgDM,AB,Alberta,CAN,TMYx,"Masinasin AgDM, AB (WMO 713450)"
710260,Medicine Hat Rgnl AP RCS,AB,Alberta,CAN,TMYx,"Medicine Hat Rgnl AP RCS, AB (WMO 710260)"
712550,Mildred Lake AP,AB,Alberta,CAN,TMYx,"Mildred Lake AP, AB (WMO 712550)"
712440,Milk River AP,AB,Alberta,CAN,TMYx,"Milk River AP, AB (WMO 712440)"
710150,Milk River Ridge Reservoir,AB,Alberta,CAN,TMYx,"Milk River Ridge Reservoir, AB (WMO 710150)"
712570,Morrin AgDM,AB,Alberta,CAN,TMYx,"Morrin AgDM, AB (WMO 712570)"
710570,Mossleigh AgCM,AB,Alberta,CAN,TMYx,"Mossleigh AgCM, AB (WMO 710570)"
713540,Mundare AgDM,AB,Alberta,CAN,TMYx,"Mundare AgDM, AB (WMO 713540)"
710650,Myrnam AgCM,AB,Alberta,CAN,TMYx,"Myrnam AgCM, AB (WMO 710650)"
712450,Nakiska Ski Resort Ridgetop,AB,Alberta,CAN,TMYx,"Nakiska Ski Resort Ridgetop, AB (WMO 712450)"
714950,Neir AgDM,AB,Alberta,CAN,TMYx,"Neir AgDM, AB (WMO 714950)"
710670,New Serepta AgCM,AB,Alberta,CAN,TMYx,"New Serepta AgCM, AB (WMO 710670)"
710600,Nordegg,AB,Alberta,CAN,TMYx,"Nordegg, AB (WMO 710600)"
712580,Olds AgDM,AB,Alberta,CAN,TMYx,"Olds AgDM, AB (WMO 712580)"
713510,Oliver AgDM,AB,Alberta,CAN,TMYx,"Oliver AgDM, AB (WMO 713510)"
711160,Onefour CDA,AB,Alberta,CAN,TMYx,"Onefour CDA, AB (WMO 711160)"
713420,Oyen AgDM,AB,Alberta,CAN,TMYx,"Oyen AgDM, AB (WMO 713420)"
710700,Pakowki Lake AgCM,AB,Alberta,CAN,TMYx,"Pakowki Lake AgCM, AB (WMO 710700)"
710680,Peace River AP,AB,Alberta,CAN,TMYx,"Peace River AP, AB (WMO 710680)"
716690,Pekisko,AB,Alberta,CAN,TMYx,"Pekisko, AB (WMO 716690)"
713480,Peoria AgDM,AB,Alberta,CAN,TMYx,"Peoria AgDM, AB (WMO 713480)"
710850,Pincher Creek AP,AB,Alberta,CAN,TMYx,"Pincher Creek AP, AB (WMO 710850)"
717360,Pincher Creek CS,AB,Alberta,CAN,TMYx,"Pincher Creek CS, AB (WMO 717360)"
712590,Pollockville AgDM,AB,Alberta,CAN,TMYx,"Pollockville AgDM, AB (WMO 712590)"
713530,Prentiss,AB,Alberta,CAN,TMYx,"Prentiss, AB (WMO 713530)"
710730,Queenstown,AB,Alberta,CAN,TMYx,"Queenstown, AB (WMO 710730)"
715450,Radway AgCM,AB,Alberta,CAN,TMYx,"Radway AgCM, AB (WMO 715450)"
716370,Ranfurly,AB,Alberta,CAN,TMYx,"Ranfurly, AB (WMO 716370)"
715360,Raymond AgDM,AB,Alberta,CAN,TMYx,"Raymond AgDM, AB (WMO 715360)"
718780,Red Deer Rgnl AP,AB,Alberta,CAN,TMYx,"Red Deer Rgnl AP, AB (WMO 718780)"
712460,Red Earth Creek AP,AB,Alberta,CAN,TMYx,"Red Earth Creek AP, AB (WMO 712460)"
710890,Ribstone South AgCM,AB,Alberta,CAN,TMYx,"Ribstone South AgCM, AB (WMO 710890)"
713490,Rich Lake AgDM,AB,Alberta,CAN,TMYx,"Rich Lake AgDM, AB (WMO 713490)"
711020,Rivercourse AgCM,AB,Alberta,CAN,TMYx,"Rivercourse AgCM, AB (WMO 711020)"
719280,Rocky Mountain House AP,AB,Alberta,CAN,TMYx,"Rocky Mountain House AP, AB (WMO 719280)"
711050,Rolling Hills AgCM,AB,Alberta,CAN,TMYx,"Rolling Hills AgCM, AB (WMO 711050)"
712020,Rosalind AgCM,AB,Alberta,CAN,TMYx,"Rosalind AgCM, AB (WMO 712020)"
715370,Rosemary AgDM,AB,Alberta,CAN,TMYx,"Rosemary AgDM, AB (WMO 715370)"
715460,Rycroft AgCM,AB,Alberta,CAN,TMYx,"Rycroft AgCM, AB (WMO 715460)"
715470,Savanna AgCM,AB,Alberta,CAN,TMYx,"Savanna AgCM, AB (WMO 715470)"
712690,Schuler AgDM,AB,Alberta,CAN,TMYx,"Schuler AgDM, AB (WMO 712690)"
713990,Sedalia AgCM,AB,Alberta,CAN,TMYx,"Sedalia AgCM, AB (WMO 713990)"
715250,Seven Persons AgDM,AB,Alberta,CAN,TMYx,"Seven Persons AgDM, AB (WMO 715250)"
714050,Shonts AgCM,AB,Alberta,CAN,TMYx,"Shonts AgCM, AB (WMO 714050)"
710690,Slave Lake AP,AB,Alberta,CAN,TMYx,"Slave Lake AP, AB (WMO 710690)"
712740,Smoky Lake AgDM,AB,Alberta,CAN,TMYx,"Smoky Lake AgDM, AB (WMO 712740)"
715710,Spirit River Stn,AB,Alberta,CAN,TMYx,"Spirit River Stn, AB (WMO 715710)"
714130,Spondin AgCM,AB,Alberta,CAN,TMYx,"Spondin AgCM, AB (WMO 714130)"
715480,St Lina AgCM,AB,Alberta,CAN,TMYx,"St Lina AgCM, AB (WMO 715480)"
718370,St Mary Reservoir,AB,Alberta,CAN,TMYx,"St Mary Reservoir, AB (WMO 718370)"
712750,St Paul AgDM,AB,Alberta,CAN,TMYx,"St Paul AgDM, AB (WMO 712750)"
714400,Standard AgCM,AB,Alberta,CAN,TMYx,"Standard AgCM, AB (WMO 714400)"
715550,Stavely AAFC,AB,Alberta,CAN,TMYx,"Stavely AAFC, AB (WMO 715550)"
712890,Stettler AgDM,AB,Alberta,CAN,TMYx,"Stettler AgDM, AB (WMO 712890)"
715260,Strathmore AgDM,AB,Alberta,CAN,TMYx,"Strathmore AgDM, AB (WMO 715260)"
718438,Suffield AP,AB,Alberta,CAN,TMYx,"Suffield AP, AB (WMO 718438)"
712480,Sundre AP,AB,Alberta,CAN,TMYx,"Sundre AP, AB (WMO 712480)"
715490,Tawatinaw AgCM,AB,Alberta,CAN,TMYx,"Tawatinaw AgCM, AB (WMO 715490)"
716900,Teepee Creek AgCM,AB,Alberta,CAN,TMYx,"Teepee Creek AgCM, AB (WMO 716900)"
715040,Thorsby AgCM,AB,Alberta,CAN,TMYx,"Thorsby AgCM, AB (WMO 715040)"
712490,Three Hills AP,AB,Alberta,CAN,TMYx,"Three Hills AP, AB (WMO 712490)"
715660,Tomahawk AgDM,AB,Alberta,CAN,TMYx,"Tomahawk AgDM, AB (WMO 715660)"
718480,Travers AgCM,AB,Alberta,CAN,TMYx,"Travers AgCM, AB (WMO 718480)"
718570,Tulliby Lake AgCM,AB,Alberta,CAN,TMYx,"Tulliby Lake AgCM, AB (WMO 718570)"
712760,Two Hills AgDM,AB,Alberta,CAN,TMYx,"Two Hills AgDM, AB (WMO 712760)"
712770,Valleyview AgDM,AB,Alberta,CAN,TMYx,"Valleyview AgDM, AB (WMO 712770)"
712510,Vauxhall,AB,Alberta,CAN,TMYx,"Vauxhall, AB (WMO 712510)"
714580,Vegreville,AB,Alberta,CAN,TMYx,"Vegreville, AB (WMO 714580)"
718711,Vermilion AP,AB,Alberta,CAN,TMYx,"Vermilion AP, AB (WMO 718711)"
712780,Vermilion AgDM,AB,Alberta,CAN,TMYx,"Vermilion AgDM, AB (WMO 712780)"
718880,Viking AgCM,AB,Alberta,CAN,TMYx,"Viking AgCM, AB (WMO 718880)"
717610,Vilna AgCM,AB,Alberta,CAN,TMYx,"Vilna AgCM, AB (WMO 717610)"
710620,Violet Grove,AB,Alberta,CAN,TMYx,"Violet Grove, AB (WMO 710620)"
711540,Waterton Lakes Natl Park Gate,AB,Alberta,CAN,TMYx,"Waterton Lakes Natl Park Gate, AB (WMO 711540)"
718950,Wetaskiwin AgCM,AB,Alberta,CAN,TMYx,"Wetaskiwin AgCM, AB (WMO 718950)"
719300,Whitecourt AP,AB,Alberta,CAN,TMYx,"Whitecourt AP, AB (WMO 719300)"
712520,Willow Creek,AB,Alberta,CAN,TMYx,"Willow Creek, AB (WMO 712520)"
719040,Wimborne AgCM,AB,Alberta,CAN,TMYx,"Wimborne AgCM, AB (WMO 719040)"
713430,Wrentham AgDM,AB,Alberta,CAN,TMYx,"Wrentham AgDM, AB (WMO 713430)"
704540,Adak AP,AK,Alaska,USA,TMY3,"Adak AP, AK (WMO 704540)"
703926,Akhiok AP-Moser Bay Seaplane Base,AK,Alaska,USA,TMYx,"Akhiok AP-Moser Bay Seaplane Base, AK (WMO 703926)"
702686,Akiak AP,AK,Alaska,USA,TMYx,"Akiak AP, AK (WMO 702686)"
998221,Alitak Seaplane Base,AK,Alaska,USA,TMYx,"Alitak Seaplane Base, AK (WMO 998221)"
702758,Alpine AF,AK,Alaska,USA,TMYx,"Alpine AF, AK (WMO 702758)"
701718,Ambler AP,AK,Alaska,USA,TMY3,"Ambler AP, AK (WMO 701718)"
704545,Amchitka Island AP,AK,Alaska,USA,TMYx,"Amchitka Island AP, AK (WMO 704545)"
701625,Anaktuvuk Pass AP,AK,Alaska,USA,TMY3,"Anaktuvuk Pass AP, AK (WMO 701625)"
997381,Anchorage Harbor,AK,Alaska,USA,TMYx,"Anchorage Harbor, AK (WMO 997381)"
702730,Anchorage Stevens Intl AP,AK,Alaska,USA,TMY3,"Anchorage Stevens Intl AP, AK (WMO 702730)"
702720,Anchorage-JB Elmendorf-Richardson,AK,Alaska,USA,TMY3,"Anchorage-JB Elmendorf-Richardson, AK (WMO 702720)"
702700,Anchorage-JB Elmendorf-Richardson-Bryant AAF,AK,Alaska,USA,TMYx,"Anchorage-JB Elmendorf-Richardson-Bryant AAF, AK (WMO 702700)"
702725,Anchorage-Lake Hood Seaplane Base,AK,Alaska,USA,TMY3,"Anchorage-Lake Hood Seaplane Base, AK (WMO 702725)"
702735,Anchorage-Merrill Field,AK,Alaska,USA,TMY3,"Anchorage-Merrill Field, AK (WMO 702735)"
703830,Angoon Seaplane Base,AK,Alaska,USA,TMYx,"Angoon Seaplane Base, AK (WMO 703830)"
702320,Aniak AP,AK,Alaska,USA,TMY3,"Aniak AP, AK (WMO 702320)"
703980,Annette Island AP,AK,Alaska,USA,TMY3,"Annette Island AP, AK (WMO 703980)"
702075,Anvik,AK,Alaska,USA,TMY3,"Anvik, AK (WMO 702075)"
701945,Arctic Village AP,AK,Alaska,USA,TMYx,"Arctic Village AP, AK (WMO 701945)"
700631,Atka AP,AK,Alaska,USA,TMYx,"Atka AP, AK (WMO 700631)"
702685,Atqasuk-Burnell Meml AP,AK,Alaska,USA,TMYx,"Atqasuk-Burnell Meml AP, AK (WMO 702685)"
704090,Attu-CGS Casco Cove,AK,Alaska,USA,TMYx,"Attu-CGS Casco Cove, AK (WMO 704090)"
994700,Augustine Island,AK,Alaska,USA,TMYx,"Augustine Island, AK (WMO 994700)"
700260,Barrow-Post-Rogers Meml AP,AK,Alaska,USA,TMY3,"Barrow-Post-Rogers Meml AP, AK (WMO 700260)"
998178,Bartlet Cove Seaplane Base,AK,Alaska,USA,TMYx,"Bartlet Cove Seaplane Base, AK (WMO 998178)"
702190,Bethel AP,AK,Alaska,USA,TMY3,"Bethel AP, AK (WMO 702190)"
701740,Bettles AP,AK,Alaska,USA,TMY3,"Bettles AP, AK (WMO 701740)"
702670,Big Delta-Fort Greely-Allen AAF,AK,Alaska,USA,TMY3,"Big Delta-Fort Greely-Allen AAF, AK (WMO 702670)"
702986,Big River Lake,AK,Alaska,USA,TMY3,"Big River Lake, AK (WMO 702986)"
702746,Birchwood AP,AK,Alaska,USA,TMY3,"Birchwood AP, AK (WMO 702746)"
997796,Bishop Point,AK,Alaska,USA,TMYx,"Bishop Point, AK (WMO 997796)"
994680,Bligh Reef Lighthouse,AK,Alaska,USA,TMYx,"Bligh Reef Lighthouse, AK (WMO 994680)"
700632,Buckland AP,AK,Alaska,USA,TMYx,"Buckland AP, AK (WMO 700632)"
701190,CGAS Port Clarence,AK,Alaska,USA,TMYx,"CGAS Port Clarence, AK (WMO 701190)"
702648,Cantwell AP,AK,Alaska,USA,TMYx,"Cantwell AP, AK (WMO 702648)"
703880,Cape Decision Lighthouse,AK,Alaska,USA,TMYx,"Cape Decision Lighthouse, AK (WMO 703880)"
702790,Cape Hinchinbrook,AK,Alaska,USA,TMYx,"Cape Hinchinbrook, AK (WMO 702790)"
701040,Cape Lisburne AFS,AK,Alaska,USA,TMYx,"Cape Lisburne AFS, AK (WMO 701040)"
703050,Cape Newenham LRRS AP,AK,Alaska,USA,TMYx,"Cape Newenham LRRS AP, AK (WMO 703050)"
702120,Cape Romanzoff LRRS AP,AK,Alaska,USA,TMYx,"Cape Romanzoff LRRS AP, AK (WMO 702120)"
703650,Cape Spencer CGH,AK,Alaska,USA,TMYx,"Cape Spencer CGH, AK (WMO 703650)"
701046,Central AP,AK,Alaska,USA,TMYx,"Central AP, AK (WMO 701046)"
701745,Chandalar Lake AP,AK,Alaska,USA,TMYx,"Chandalar Lake AP, AK (WMO 701745)"
701338,Chevak AP,AK,Alaska,USA,TMYx,"Chevak AP, AK (WMO 701338)"
703333,Chignik AP,AK,Alaska,USA,TMYx,"Chignik AP, AK (WMO 703333)"
702606,Chulitna,AK,Alaska,USA,TMY3,"Chulitna, AK (WMO 702606)"
702674,Circle City AP,AK,Alaska,USA,TMYx,"Circle City AP, AK (WMO 702674)"
703160,Cold Bay AP,AK,Alaska,USA,TMY3,"Cold Bay AP, AK (WMO 703160)"
998425,Cordova,AK,Alaska,USA,TMYx,"Cordova, AK (WMO 998425)"
702960,Cordova-Smith AP,AK,Alaska,USA,TMY3,"Cordova-Smith AP, AK (WMO 702960)"
700639,Deadhorse 3 S,AK,Alaska,USA,TMYx,"Deadhorse 3 S, AK (WMO 700639)"
700637,Deadhorse AP,AK,Alaska,USA,TMY3,"Deadhorse AP, AK (WMO 700637)"
701333,Deering AP,AK,Alaska,USA,TMYx,"Deering AP, AK (WMO 701333)"
702913,Devils Mountain Lodge AP,AK,Alaska,USA,TMYx,"Devils Mountain Lodge AP, AK (WMO 702913)"
703210,Dillingham AP,AK,Alaska,USA,TMY3,"Dillingham AP, AK (WMO 703210)"
994690,Drift River AP,AK,Alaska,USA,TMYx,"Drift River AP, AK (WMO 994690)"
704897,Driftwood Bay AFS,AK,Alaska,USA,TMYx,"Driftwood Bay AFS, AK (WMO 704897)"
701975,Eagle AP,AK,Alaska,USA,TMYx,"Eagle AP, AK (WMO 701975)"
994081,East Amatuli Island Lighthouse,AK,Alaska,USA,TMYx,"East Amatuli Island Lighthouse, AK (WMO 994081)"
703334,Egegik AP,AK,Alaska,USA,TMYx,"Egegik AP, AK (WMO 703334)"
703640,Eldred Rock CGH,AK,Alaska,USA,TMYx,"Eldred Rock CGH, AK (WMO 703640)"
703817,Elfin Cove Seaplane Base,AK,Alaska,USA,TMYx,"Elfin Cove Seaplane Base, AK (WMO 703817)"
703891,Elim AP,AK,Alaska,USA,TMYx,"Elim AP, AK (WMO 703891)"
702084,Emmonak AP,AK,Alaska,USA,TMY3,"Emmonak AP, AK (WMO 702084)"
702715,Eureka-Skelton AP,AK,Alaska,USA,TMYx,"Eureka-Skelton AP, AK (WMO 702715)"
702630,Fairbanks 11 NE-NOAA-NESDIS-FCDAS,AK,Alaska,USA,TMYx,"Fairbanks 11 NE-NOAA-NESDIS-FCDAS, AK (WMO 702630)"
702610,Fairbanks Intl AP,AK,Alaska,USA,TMY3,"Fairbanks Intl AP, AK (WMO 702610)"
702650,Fairbanks-Eielson AFB,AK,Alaska,USA,TMY3,"Fairbanks-Eielson AFB, AK (WMO 702650)"
700638,False Pass AP,AK,Alaska,USA,TMYx,"False Pass AP, AK (WMO 700638)"
702480,Farewell AP,AK,Alaska,USA,TMYx,"Farewell AP, AK (WMO 702480)"
702312,Farewell Lake Seaplane Base,AK,Alaska,USA,TMYx,"Farewell Lake Seaplane Base, AK (WMO 702312)"
703850,Five Finger Lighthouse,AK,Alaska,USA,TMYx,"Five Finger Lighthouse, AK (WMO 703850)"
701790,Five Mile AP,AK,Alaska,USA,TMYx,"Five Mile AP, AK (WMO 701790)"
994720,Flat Island Lighthouse,AK,Alaska,USA,TMYx,"Flat Island Lighthouse, AK (WMO 994720)"
702660,Fort Greely,AK,Alaska,USA,TMYx,"Fort Greely, AK (WMO 702660)"
701940,Fort Yukon AP,AK,Alaska,USA,TMY3,"Fort Yukon AP, AK (WMO 701940)"
702615,Ft Wainwright-Ladd AAF,AK,Alaska,USA,TMYx,"Ft Wainwright-Ladd AAF, AK (WMO 702615)"
703816,Funter Bay Seaplane Base,AK,Alaska,USA,TMYx,"Funter Bay Seaplane Base, AK (WMO 703816)"
700635,Galbraith Lake AP,AK,Alaska,USA,TMYx,"Galbraith Lake AP, AK (WMO 700635)"
702220,Galena-Pike AP,AK,Alaska,USA,TMYx,"Galena-Pike AP, AK (WMO 702220)"
702040,Gambell AP,AK,Alaska,USA,TMY3,"Gambell AP, AK (WMO 702040)"
702680,Glennallen,AK,Alaska,USA,TMYx,"Glennallen, AK (WMO 702680)"
701995,Golovin AP,AK,Alaska,USA,TMYx,"Golovin AP, AK (WMO 701995)"
702710,Gulkana AP,AK,Alaska,USA,TMY3,"Gulkana AP, AK (WMO 702710)"
703671,Gustavus 2 NE,AK,Alaska,USA,TMYx,"Gustavus 2 NE, AK (WMO 703671)"
703670,Gustavus AP,AK,Alaska,USA,TMY3,"Gustavus AP, AK (WMO 703670)"
703626,Haines AP,AK,Alaska,USA,TMYx,"Haines AP, AK (WMO 703626)"
703625,Haines Boat Harbor,AK,Alaska,USA,TMYx,"Haines Boat Harbor, AK (WMO 703625)"
702495,Hayes River,AK,Alaska,USA,TMY3,"Hayes River, AK (WMO 702495)"
702647,Healy River AP,AK,Alaska,USA,TMY3,"Healy River AP, AK (WMO 702647)"
703051,Holy Cross AP,AK,Alaska,USA,TMYx,"Holy Cross AP, AK (WMO 703051)"
703410,Homer AP,AK,Alaska,USA,TMY3,"Homer AP, AK (WMO 703410)"
997176,Homer Spit,AK,Alaska,USA,TMYx,"Homer Spit, AK (WMO 997176)"
702607,Hoonah AP,AK,Alaska,USA,TMY3,"Hoonah AP, AK (WMO 702607)"
702186,Hooper Bay AP,AK,Alaska,USA,TMY3,"Hooper Bay AP, AK (WMO 702186)"
702225,Huslia AP,AK,Alaska,USA,TMY3,"Huslia AP, AK (WMO 702225)"
703655,Huslia AP,AK,Alaska,USA,TMYx,"Huslia AP, AK (WMO 703655)"
703884,Hydaburg Seaplane Base,AK,Alaska,USA,TMY3,"Hydaburg Seaplane Base, AK (WMO 703884)"
997177,Icy Bay,AK,Alaska,USA,TMYx,"Icy Bay, AK (WMO 997177)"
703061,Igiugig AP,AK,Alaska,USA,TMYx,"Igiugig AP, AK (WMO 703061)"
703400,Iliamna AP,AK,Alaska,USA,TMY3,"Iliamna AP, AK (WMO 703400)"
701730,Indian Mountain LRRS AP,AK,Alaska,USA,TMYx,"Indian Mountain LRRS AP, AK (WMO 701730)"
749834,Ivotuk-Univ Alaska Permafrost Laboratory,AK,Alaska,USA,TMYx,"Ivotuk-Univ Alaska Permafrost Laboratory, AK (WMO 749834)"
998261,Juneau,AK,Alaska,USA,TMYx,"Juneau, AK (WMO 998261)"
703810,Juneau Intl AP,AK,Alaska,USA,TMY3,"Juneau Intl AP, AK (WMO 703810)"
703855,Kake Seaplane Base,AK,Alaska,USA,TMY3,"Kake Seaplane Base, AK (WMO 703855)"
700860,Kaktovik-Barter Island LRRS AP,AK,Alaska,USA,TMYx,"Kaktovik-Barter Island LRRS AP, AK (WMO 700860)"
703052,Kalskag AP,AK,Alaska,USA,TMYx,"Kalskag AP, AK (WMO 703052)"
702006,Kaltag AP,AK,Alaska,USA,TMYx,"Kaltag AP, AK (WMO 702006)"
703420,Kenai 29 ENE,AK,Alaska,USA,TMYx,"Kenai 29 ENE, AK (WMO 703420)"
702590,Kenai Muni AP,AK,Alaska,USA,TMY3,"Kenai Muni AP, AK (WMO 702590)"
998258,Ketchikan,AK,Alaska,USA,TMYx,"Ketchikan, AK (WMO 998258)"
703950,Ketchikan Intl AP,AK,Alaska,USA,TMY3,"Ketchikan Intl AP, AK (WMO 703950)"
701196,Kiana-Baker Meml AP,AK,Alaska,USA,TMYx,"Kiana-Baker Meml AP, AK (WMO 701196)"
998254,King Cove,AK,Alaska,USA,TMYx,"King Cove, AK (WMO 998254)"
703059,King Cove AP,AK,Alaska,USA,TMYx,"King Cove AP, AK (WMO 703059)"
749009,King Salmon 42 SE,AK,Alaska,USA,TMYx,"King Salmon 42 SE, AK (WMO 749009)"
703260,King Salmon AP,AK,Alaska,USA,TMY3,"King Salmon AP, AK (WMO 703260)"
701486,Kivalina AP,AK,Alaska,USA,TMYx,"Kivalina AP, AK (WMO 701486)"
703894,Klawock AP,AK,Alaska,USA,TMYx,"Klawock AP, AK (WMO 703894)"
998427,Kodiak Island,AK,Alaska,USA,TMYx,"Kodiak Island, AK (WMO 998427)"
703500,Kodiak Muni AP,AK,Alaska,USA,TMY3,"Kodiak Muni AP, AK (WMO 703500)"
703925,Koliganek AP,AK,Alaska,USA,TMYx,"Koliganek AP, AK (WMO 703925)"
701330,Kotzebue-Wien Meml AP,AK,Alaska,USA,TMY3,"Kotzebue-Wien Meml AP, AK (WMO 701330)"
702223,Koyuk-Adams AP,AK,Alaska,USA,TMYx,"Koyuk-Adams AP, AK (WMO 702223)"
702696,Lazy Mountain,AK,Alaska,USA,TMYx,"Lazy Mountain, AK (WMO 702696)"
998172,Lincoln Rock Lighthouse-Lincoln Island,AK,Alaska,USA,TMYx,"Lincoln Rock Lighthouse-Lincoln Island, AK (WMO 998172)"
700450,Lonely AFS AP,AK,Alaska,USA,TMYx,"Lonely AFS AP, AK (WMO 700450)"
701791,Manley Hot Springs AP,AK,Alaska,USA,TMYx,"Manley Hot Springs AP, AK (WMO 701791)"
703055,Manokotak AP,AK,Alaska,USA,TMYx,"Manokotak AP, AK (WMO 703055)"
997178,Marmion Island,AK,Alaska,USA,TMYx,"Marmion Island, AK (WMO 997178)"
702628,Marshall Hunter AP,AK,Alaska,USA,TMYx,"Marshall Hunter AP, AK (WMO 702628)"
997179,Mary Island,AK,Alaska,USA,TMYx,"Mary Island, AK (WMO 997179)"
702755,McCarthy AP,AK,Alaska,USA,TMYx,"McCarthy AP, AK (WMO 702755)"
702310,McGrath AP,AK,Alaska,USA,TMY3,"McGrath AP, AK (WMO 702310)"
702645,McKinley Natl Park AP,AK,Alaska,USA,TMYx,"McKinley Natl Park AP, AK (WMO 702645)"
702185,Mekoryuk AP,AK,Alaska,USA,TMY3,"Mekoryuk AP, AK (WMO 702185)"
722162,Merrill Pass West,AK,Alaska,USA,TMYx,"Merrill Pass West, AK (WMO 722162)"
703985,Metlakatla Seaplane Base,AK,Alaska,USA,TMYx,"Metlakatla Seaplane Base, AK (WMO 703985)"
994670,Middle Rock Lighthouse,AK,Alaska,USA,TMYx,"Middle Rock Lighthouse, AK (WMO 994670)"
703430,Middleton Island AP,AK,Alaska,USA,TMY3,"Middleton Island AP, AK (WMO 703430)"
702460,Minchumina AP,AK,Alaska,USA,TMY3,"Minchumina AP, AK (WMO 702460)"
702031,Moses Point AP,AK,Alaska,USA,TMYx,"Moses Point AP, AK (WMO 702031)"
703056,Mountain Village AP,AK,Alaska,USA,TMYx,"Mountain Village AP, AK (WMO 703056)"
703058,Nelson Lagoon AP,AK,Alaska,USA,TMYx,"Nelson Lagoon AP, AK (WMO 703058)"
702600,Nenana Muni AP,AK,Alaska,USA,TMY3,"Nenana Muni AP, AK (WMO 702600)"
702697,New Stuyahok AP,AK,Alaska,USA,TMYx,"New Stuyahok AP, AK (WMO 702697)"
997382,Nikiski Harbor,AK,Alaska,USA,TMYx,"Nikiski Harbor, AK (WMO 997382)"
702625,Nikolai AP,AK,Alaska,USA,TMYx,"Nikolai AP, AK (WMO 702625)"
704820,Nikolski AS,AK,Alaska,USA,TMYx,"Nikolski AS, AK (WMO 704820)"
701335,Noatak AP,AK,Alaska,USA,TMYx,"Noatak AP, AK (WMO 701335)"
702000,Nome AP,AK,Alaska,USA,TMY3,"Nome AP, AK (WMO 702000)"
704898,Noorvik-Curtis Meml AP,AK,Alaska,USA,TMYx,"Noorvik-Curtis Meml AP, AK (WMO 704898)"
702060,North East Cape AP,AK,Alaska,USA,TMYx,"North East Cape AP, AK (WMO 702060)"
702910,Northway AP,AK,Alaska,USA,TMY3,"Northway AP, AK (WMO 702910)"
703644,Nuiqsut AP,AK,Alaska,USA,TMYx,"Nuiqsut AP, AK (WMO 703644)"
702180,Nunivak,AK,Alaska,USA,TMYx,"Nunivak, AK (WMO 702180)"
700630,Oliktok LRRS AP,AK,Alaska,USA,TMYx,"Oliktok LRRS AP, AK (WMO 700630)"
702740,Palmer Muni AP,AK,Alaska,USA,TMY3,"Palmer Muni AP, AK (WMO 702740)"
702675,Paxson,AK,Alaska,USA,TMYx,"Paxson, AK (WMO 702675)"
703860,Petersburg Johnson AP,AK,Alaska,USA,TMY3,"Petersburg Johnson AP, AK (WMO 703860)"
702626,Pilot Point AP,AK,Alaska,USA,TMYx,"Pilot Point AP, AK (WMO 702626)"
994084,Pilot Rock,AK,Alaska,USA,TMYx,"Pilot Rock, AK (WMO 994084)"
703605,Platinum AP,AK,Alaska,USA,TMYx,"Platinum AP, AK (WMO 703605)"
700265,Point Barrow,AK,Alaska,USA,TMYx,"Point Barrow, AK (WMO 700265)"
701043,Point Hope AP,AK,Alaska,USA,TMY3,"Point Hope AP, AK (WMO 701043)"
701210,Point Lay LRRS AP,AK,Alaska,USA,TMYx,"Point Lay LRRS AP, AK (WMO 701210)"
703815,Point Retreat,AK,Alaska,USA,TMYx,"Point Retreat, AK (WMO 703815)"
703886,Port Alexander Seaplane Base,AK,Alaska,USA,TMYx,"Port Alexander Seaplane Base, AK (WMO 703886)"
703490,Port Alsworth 1 SW,AK,Alaska,USA,TMYx,"Port Alsworth 1 SW, AK (WMO 703490)"
703406,Port Alsworth AP,AK,Alaska,USA,TMYx,"Port Alsworth AP, AK (WMO 703406)"
703330,Port Heiden AP,AK,Alaska,USA,TMY3,"Port Heiden AP, AK (WMO 703330)"
997175,Port Moller AP,AK,Alaska,USA,TMYx,"Port Moller AP, AK (WMO 997175)"
700001,Portage Glacier Visitor Center,AK,Alaska,USA,TMYx,"Portage Glacier Visitor Center, AK (WMO 700001)"
994660,Potato Point,AK,Alaska,USA,TMYx,"Potato Point, AK (WMO 994660)"
701748,Prospect Creek AP,AK,Alaska,USA,TMYx,"Prospect Creek AP, AK (WMO 701748)"
700636,Prudhoe Bay,AK,Alaska,USA,TMYx,"Prudhoe Bay, AK (WMO 700636)"
997386,Prudhoe Bay Harbor,AK,Alaska,USA,TMYx,"Prudhoe Bay Harbor, AK (WMO 997386)"
702490,Puntilla,AK,Alaska,USA,TMYx,"Puntilla, AK (WMO 702490)"
703656,Quinhagak AP,AK,Alaska,USA,TMYx,"Quinhagak AP, AK (WMO 703656)"
701045,Red Dog AP,AK,Alaska,USA,TMYx,"Red Dog AP, AK (WMO 701045)"
997704,Red Dog Dock,AK,Alaska,USA,TMYx,"Red Dog Dock, AK (WMO 997704)"
701220,Red Dog Mine,AK,Alaska,USA,TMYx,"Red Dog Mine, AK (WMO 701220)"
702627,Ruby AP,AK,Alaska,USA,TMYx,"Ruby AP, AK (WMO 702627)"
703053,Russian Mission AP,AK,Alaska,USA,TMYx,"Russian Mission AP, AK (WMO 703053)"
702005,Saint Marys AP,AK,Alaska,USA,TMY3,"Saint Marys AP, AK (WMO 702005)"
703150,Sand Point 1 ENE,AK,Alaska,USA,TMYx,"Sand Point 1 ENE, AK (WMO 703150)"
703165,Sand Point AP,AK,Alaska,USA,TMY3,"Sand Point AP, AK (WMO 703165)"
702035,Savoonga AP,AK,Alaska,USA,TMY3,"Savoonga AP, AK (WMO 702035)"
703054,Scammon Bay AP,AK,Alaska,USA,TMYx,"Scammon Bay AP, AK (WMO 703054)"
700197,Selawik AP,AK,Alaska,USA,TMY3,"Selawik AP, AK (WMO 700197)"
703621,Seldovia AP,AK,Alaska,USA,TMYx,"Seldovia AP, AK (WMO 703621)"
702770,Seward AP,AK,Alaska,USA,TMY3,"Seward AP, AK (WMO 702770)"
703888,Shaktoolik AP,AK,Alaska,USA,TMYx,"Shaktoolik AP, AK (WMO 703888)"
702711,Sheep Mountain AP,AK,Alaska,USA,TMYx,"Sheep Mountain AP, AK (WMO 702711)"
704140,Shemya-Eareckson AS,AK,Alaska,USA,TMY3,"Shemya-Eareckson AS, AK (WMO 704140)"
701195,Shishmaref AP,AK,Alaska,USA,TMY3,"Shishmaref AP, AK (WMO 701195)"
997201,Shumagin Islands,AK,Alaska,USA,TMYx,"Shumagin Islands, AK (WMO 997201)"
701719,Shungnak AP,AK,Alaska,USA,TMYx,"Shungnak AP, AK (WMO 701719)"
703675,Sisters Island,AK,Alaska,USA,TMYx,"Sisters Island, AK (WMO 703675)"
703730,Sitka 1 NE,AK,Alaska,USA,TMYx,"Sitka 1 NE, AK (WMO 703730)"
703710,Sitka Gutierrez AP,AK,Alaska,USA,TMY3,"Sitka Gutierrez AP, AK (WMO 703710)"
997171,Sitka Harbor,AK,Alaska,USA,TMYx,"Sitka Harbor, AK (WMO 997171)"
703620,Skagway AP,AK,Alaska,USA,TMY3,"Skagway AP, AK (WMO 703620)"
702550,Skwentna AP,AK,Alaska,USA,TMYx,"Skwentna AP, AK (WMO 702550)"
702915,Slana,AK,Alaska,USA,TMYx,"Slana, AK (WMO 702915)"
703407,Sleetmute AP,AK,Alaska,USA,TMY3,"Sleetmute AP, AK (WMO 703407)"
702595,Soldotna AP,AK,Alaska,USA,TMY3,"Soldotna AP, AK (WMO 702595)"
702350,Sparrevohn LRRS AP,AK,Alaska,USA,TMYx,"Sparrevohn LRRS AP, AK (WMO 702350)"
703835,St George Island,AK,Alaska,USA,TMYx,"St George Island, AK (WMO 703835)"
720382,St Michael AP,AK,Alaska,USA,TMYx,"St Michael AP, AK (WMO 720382)"
703090,St Paul Island,AK,Alaska,USA,TMYx,"St Paul Island, AK (WMO 703090)"
703080,St Paul Island AP,AK,Alaska,USA,TMY3,"St Paul Island AP, AK (WMO 703080)"
702640,Summit AP,AK,Alaska,USA,TMYx,"Summit AP, AK (WMO 702640)"
702695,Sutton,AK,Alaska,USA,TMYx,"Sutton, AK (WMO 702695)"
702510,Talkeetna AP,AK,Alaska,USA,TMY3,"Talkeetna AP, AK (WMO 702510)"
701780,Tanana-Calhoun Meml AP,AK,Alaska,USA,TMY3,"Tanana-Calhoun Meml AP, AK (WMO 701780)"
702315,Tatalina LRRS AP,AK,Alaska,USA,TMYx,"Tatalina LRRS AP, AK (WMO 702315)"
749230,Teller AP,AK,Alaska,USA,TMYx,"Teller AP, AK (WMO 749230)"
701170,Tin City LRRS AP,AK,Alaska,USA,TMYx,"Tin City LRRS AP, AK (WMO 701170)"
703606,Togiak AP,AK,Alaska,USA,TMY3,"Togiak AP, AK (WMO 703606)"
703057,Toksook Bay AP,AK,Alaska,USA,TMYx,"Toksook Bay AP, AK (WMO 703057)"
700634,Ugnu-Kuparuk AP,AK,Alaska,USA,TMYx,"Ugnu-Kuparuk AP, AK (WMO 700634)"
701620,Umiat AP,AK,Alaska,USA,TMYx,"Umiat AP, AK (WMO 701620)"
702070,Unalakleet AP,AK,Alaska,USA,TMY3,"Unalakleet AP, AK (WMO 702070)"
998431,Unalaska,AK,Alaska,USA,TMYx,"Unalaska, AK (WMO 998431)"
704890,Unalaska-Madsen AP,AK,Alaska,USA,TMY3,"Unalaska-Madsen AP, AK (WMO 704890)"
700270,Utqiagvik NSA,AK,Alaska,USA,TMYx,"Utqiagvik NSA, AK (WMO 700270)"
702750,Valdez,AK,Alaska,USA,TMY3,"Valdez, AK (WMO 702750)"
702756,Valdez AP-Pioneer Field,AK,Alaska,USA,TMY3,"Valdez AP-Pioneer Field, AK (WMO 702756)"
700300,Wainwright AP,AK,Alaska,USA,TMYx,"Wainwright AP, AK (WMO 700300)"
701160,Wales AP,AK,Alaska,USA,TMYx,"Wales AP, AK (WMO 701160)"
702325,Wasilla AP,AK,Alaska,USA,TMYx,"Wasilla AP, AK (WMO 702325)"
997373,Western Aleutians,AK,Alaska,USA,TMYx,"Western Aleutians, AK (WMO 997373)"
702004,White Mountain AP,AK,Alaska,USA,TMYx,"White Mountain AP, AK (WMO 702004)"
702757,Whittier,AK,Alaska,USA,TMY3,"Whittier, AK (WMO 702757)"
702745,Willow AP,AK,Alaska,USA,TMYx,"Willow AP, AK (WMO 702745)"
702461,Wonder Lake,AK,Alaska,USA,TMYx,"Wonder Lake, AK (WMO 702461)"
703870,Wrangell AP,AK,Alaska,USA,TMY3,"Wrangell AP, AK (WMO 703870)"
702980,Yakataga AP,AK,Alaska,USA,TMYx,"Yakataga AP, AK (WMO 702980)"
998432,Yakutat,AK,Alaska,USA,TMYx,"Yakutat, AK (WMO 998432)"
703610,Yakutat AP,AK,Alaska,USA,TMY3,"Yakutat AP, AK (WMO 703610)"
694604,Yukon Test Area,AK,Alaska,USA,TMYx,"Yukon Test Area, AK (WMO 694604)"
720376,Albertville Muni AP,AL,Alabama,USA,TMYx,"Albertville Muni AP, AL (WMO 720376)"
720265,Alexander City-Russell Field AP,AL,Alabama,USA,TMYx,"Alexander City-Russell Field AP, AL (WMO 720265)"
722275,Andalusia-South Alabama Rgnl AP,AL,Alabama,USA,TMYx,"Andalusia-South Alabama Rgnl AP, AL (WMO 722275)"
722287,Anniston Rgnl AP,AL,Alabama,USA,TMY3,"Anniston Rgnl AP, AL (WMO 722287)"
722277,Auburn Univ Brewton Agricultural Research Unit,AL,Alabama,USA,TMYx,"Auburn Univ Brewton Agricultural Research Unit, AL (WMO 722277)"
722284,Auburn Univ Rgnl AP,AL,Alabama,USA,TMY3,"Auburn Univ Rgnl AP, AL (WMO 722284)"
722380,Auburn Univ Sand Mountain Research and Extension Center,AL,Alabama,USA,TMYx,"Auburn Univ Sand Mountain Research and Extension Center, AL (WMO 722380)"
720507,Bessemer AP,AL,Alabama,USA,TMYx,"Bessemer AP, AL (WMO 720507)"
722300,Birmingham-Shelby County AP,AL,Alabama,USA,TMYx,"Birmingham-Shelby County AP, AL (WMO 722300)"
722280,Birmingham-Shuttlesworth Intl AP,AL,Alabama,USA,TMY3,"Birmingham-Shuttlesworth Intl AP, AL (WMO 722280)"
998485,Bon Secour Bay,AL,Alabama,USA,TMYx,"Bon Secour Bay, AL (WMO 998485)"
998439,Cedar Point,AL,Alabama,USA,TMYx,"Cedar Point, AL (WMO 998439)"
722290,Centreville-NWS MS,AL,Alabama,USA,TMYx,"Centreville-NWS MS, AL (WMO 722290)"
750020,Clanton-Chilton County AP-Wade Field,AL,Alabama,USA,TMYx,"Clanton-Chilton County AP-Wade Field, AL (WMO 750020)"
720774,Courtland AP,AL,Alabama,USA,TMYx,"Courtland AP, AL (WMO 720774)"
722031,Cullman Rgnl AP-Folsom Field,AL,Alabama,USA,TMYx,"Cullman Rgnl AP-Folsom Field, AL (WMO 722031)"
994420,Dauphin Island,AL,Alabama,USA,TMYx,"Dauphin Island, AL (WMO 994420)"
722268,Dothan Rgnl AP,AL,Alabama,USA,TMY3,"Dothan Rgnl AP, AL (WMO 722268)"
720010,East Point,AL,Alabama,USA,TMYx,"East Point, AL (WMO 720010)"
720363,Eufaula-Weedon Field AP,AL,Alabama,USA,TMYx,"Eufaula-Weedon Field AP, AL (WMO 720363)"
722276,Evergreen Rgnl AP-Middleton Field,AL,Alabama,USA,TMYx,"Evergreen Rgnl AP-Middleton Field, AL (WMO 722276)"
722370,Fairhope,AL,Alabama,USA,TMYx,"Fairhope, AL (WMO 722370)"
720592,Fairhope-Callahan AP,AL,Alabama,USA,TMYx,"Fairhope-Callahan AP, AL (WMO 720592)"
720361,Florala Muni AP,AL,Alabama,USA,TMYx,"Florala Muni AP, AL (WMO 720361)"
722111,Fort Payne-Isbell Field AP,AL,Alabama,USA,TMYx,"Fort Payne-Isbell Field AP, AL (WMO 722111)"
722269,Fort Rucker-Cairns AAF,AL,Alabama,USA,TMY3,"Fort Rucker-Cairns AAF, AL (WMO 722269)"
722238,Ft Rucker-Hanchey Army Heli,AL,Alabama,USA,TMYx,"Ft Rucker-Hanchey Army Heli, AL (WMO 722238)"
722239,Ft Rucker-Lowe Army Heli,AL,Alabama,USA,TMYx,"Ft Rucker-Lowe Army Heli, AL (WMO 722239)"
722285,Gadsen-Northeast Alabama Rgnl AP,AL,Alabama,USA,TMY3,"Gadsen-Northeast Alabama Rgnl AP, AL (WMO 722285)"
750030,Gainesville,AL,Alabama,USA,TMYx,"Gainesville, AL (WMO 750030)"
750040,Greensboro,AL,Alabama,USA,TMYx,"Greensboro, AL (WMO 750040)"
720362,Greenville-Crenshaw Meml AP,AL,Alabama,USA,TMYx,"Greenville-Crenshaw Meml AP, AL (WMO 720362)"
720381,Gulf Shores-Edwards Natl AP,AL,Alabama,USA,TMYx,"Gulf Shores-Edwards Natl AP, AL (WMO 720381)"
749073,Gunter Annex,AL,Alabama,USA,TMYx,"Gunter Annex, AL (WMO 749073)"
720413,Haleyviille-Posey AF,AL,Alabama,USA,TMYx,"Haleyviille-Posey AF, AL (WMO 720413)"
722283,Highland Home,AL,Alabama,USA,TMYx,"Highland Home, AL (WMO 722283)"
720307,Huntsville Exec AP,AL,Alabama,USA,TMYx,"Huntsville Exec AP, AL (WMO 720307)"
723230,Huntsville Intl AP-Jones Field,AL,Alabama,USA,TMY3,"Huntsville Intl AP-Jones Field, AL (WMO 723230)"
720505,Jasper-Walker County AP-Bevill Field,AL,Alabama,USA,TMYx,"Jasper-Walker County AP-Bevill Field, AL (WMO 720505)"
998440,Katrina Cut,AL,Alabama,USA,TMYx,"Katrina Cut, AL (WMO 998440)"
997784,Meaher State Park,AL,Alabama,USA,TMYx,"Meaher State Park, AL (WMO 997784)"
997742,Mobile Bay-Middle Bay Lighthouse,AL,Alabama,USA,TMYx,"Mobile Bay-Middle Bay Lighthouse, AL (WMO 997742)"
998196,Mobile State Docks,AL,Alabama,USA,TMYx,"Mobile State Docks, AL (WMO 998196)"
722235,Mobile-Downtown AP,AL,Alabama,USA,TMY3,"Mobile-Downtown AP, AL (WMO 722235)"
722230,Mobile-Rgnl AP,AL,Alabama,USA,TMY3,"Mobile-Rgnl AP, AL (WMO 722230)"
722260,Montgomery Rgnl AP-Dannelly Field,AL,Alabama,USA,TMY3,"Montgomery Rgnl AP-Dannelly Field, AL (WMO 722260)"
722265,Montgomery-Maxwell-Gunter AFB,AL,Alabama,USA,TMY3,"Montgomery-Maxwell-Gunter AFB, AL (WMO 722265)"
723235,Muscle Shoals-Northwest Alabama Rgnl AP,AL,Alabama,USA,TMY3,"Muscle Shoals-Northwest Alabama Rgnl AP, AL (WMO 723235)"
722288,Northport-USCOE Lock and Dam,AL,Alabama,USA,TMYx,"Northport-USCOE Lock and Dam, AL (WMO 722288)"
998491,Perdido Pass,AL,Alabama,USA,TMYx,"Perdido Pass, AL (WMO 998491)"
691164,Redstone Arsenal,AL,Alabama,USA,TMYx,"Redstone Arsenal, AL (WMO 691164)"
750060,Russellville Muni AP-Pugh Field,AL,Alabama,USA,TMYx,"Russellville Muni AP-Pugh Field, AL (WMO 750060)"
750070,Scottsboro Muni AP-Word Field,AL,Alabama,USA,TMYx,"Scottsboro Muni AP-Word Field, AL (WMO 750070)"
722360,Selma-Auburn Univ Black Belt Research and Extension Center,AL,Alabama,USA,TMYx,"Selma-Auburn Univ Black Belt Research and Extension Center, AL (WMO 722360)"
750100,Selma-Craig Field AP,AL,Alabama,USA,TMYx,"Selma-Craig Field AP, AL (WMO 750100)"
722219,Shell AHP,AL,Alabama,USA,TMYx,"Shell AHP, AL (WMO 722219)"
720508,Sylacauga Muni AP-Merkel Field,AL,Alabama,USA,TMYx,"Sylacauga Muni AP-Merkel Field, AL (WMO 720508)"
720504,Talladega Muni AP,AL,Alabama,USA,TMYx,"Talladega Muni AP, AL (WMO 720504)"
722279,Tanner-Pryor Field Rgnl AP,AL,Alabama,USA,TMYx,"Tanner-Pryor Field Rgnl AP, AL (WMO 722279)"
721551,Thomasville,AL,Alabama,USA,TMYx,"Thomasville, AL (WMO 721551)"
722267,Troy Muni AP,AL,Alabama,USA,TMY3,"Troy Muni AP, AL (WMO 722267)"
750010,Troy-Pike County,AL,Alabama,USA,TMYx,"Troy-Pike County, AL (WMO 750010)"
722286,Tuscaloosa Rgnl AP-Van De Graaff Field,AL,Alabama,USA,TMY3,"Tuscaloosa Rgnl AP-Van De Graaff Field, AL (WMO 722286)"
720011,Valley Head,AL,Alabama,USA,TMYx,"Valley Head, AL (WMO 720011)"
998016,Weeks Bay Natl Estuarine Research Reserve,AL,Alabama,USA,TMYx,"Weeks Bay Natl Estuarine Research Reserve, AL (WMO 998016)"
720394,Arkadelphia-Florence Meml Field AP,AR,Arkansas,USA,TMYx,"Arkadelphia-Florence Meml Field AP, AR (WMO 720394)"
723448,Batesville Rgnl AP,AR,Arkansas,USA,TMY3,"Batesville Rgnl AP, AR (WMO 723448)"
722450,Batesville-Univ Arkansas Experimental Farm,AR,Arkansas,USA,TMYx,"Batesville-Univ Arkansas Experimental Farm, AR (WMO 722450)"
723444,Bentonville Muni AP,AR,Arkansas,USA,TMY3,"Bentonville Muni AP, AR (WMO 723444)"
723436,Bentonville-Northwest Arkansas Rgnl AP,AR,Arkansas,USA,TMYx,"Bentonville-Northwest Arkansas Rgnl AP, AR (WMO 723436)"
723409,Blytheville Muni AP,AR,Arkansas,USA,TMYx,"Blytheville Muni AP, AR (WMO 723409)"
723408,Blytheville-Arkansas Intl AP,AR,Arkansas,USA,TMYx,"Blytheville-Arkansas Intl AP, AR (WMO 723408)"
723425,Camden-Harrell Field,AR,Arkansas,USA,TMYx,"Camden-Harrell Field, AR (WMO 723425)"
720401,Clinton Muni AP,AR,Arkansas,USA,TMYx,"Clinton Muni AP, AR (WMO 720401)"
743312,De Queen-Helms Sevier County AP,AR,Arkansas,USA,TMYx,"De Queen-Helms Sevier County AP, AR (WMO 743312)"
723419,El Dorado-South Arkansas Rgnl AP-Goodwin Field,AR,Arkansas,USA,TMY3,"El Dorado-South Arkansas Rgnl AP-Goodwin Field, AR (WMO 723419)"
723445,Fayetteville Exec AP-Drake Field,AR,Arkansas,USA,TMY3,"Fayetteville Exec AP-Drake Field, AR (WMO 723445)"
723447,Flippin-Marion County Rgnl AP,AR,Arkansas,USA,TMY3,"Flippin-Marion County Rgnl AP, AR (WMO 723447)"
723440,Fort Smith Rgnl AP,AR,Arkansas,USA,TMY3,"Fort Smith Rgnl AP, AR (WMO 723440)"
723450,Harrison-Boone County Rgnl AP,AR,Arkansas,USA,TMY3,"Harrison-Boone County Rgnl AP, AR (WMO 723450)"
723415,Hot Springs-Meml Field AP,AR,Arkansas,USA,TMY3,"Hot Springs-Meml Field AP, AR (WMO 723415)"
723407,Jonesboro Muni AP,AR,Arkansas,USA,TMY3,"Jonesboro Muni AP, AR (WMO 723407)"
723405,Little Rock AFB,AR,Arkansas,USA,TMY3,"Little Rock AFB, AR (WMO 723405)"
723403,Little Rock-Clinton Natl AP-Adams Field,AR,Arkansas,USA,TMY3,"Little Rock-Clinton Natl AP-Adams Field, AR (WMO 723403)"
720172,Mena Intermountain Muni AP,AR,Arkansas,USA,TMYx,"Mena Intermountain Muni AP, AR (WMO 720172)"
723439,Midway-Ozark Rgnl AP,AR,Arkansas,USA,TMYx,"Midway-Ozark Rgnl AP, AR (WMO 723439)"
720175,Monticello Muni AP-Ellis Field,AR,Arkansas,USA,TMYx,"Monticello Muni AP-Ellis Field, AR (WMO 720175)"
723435,Mount Ida,AR,Arkansas,USA,TMYx,"Mount Ida, AR (WMO 723435)"
720377,Newport Muni AP,AR,Arkansas,USA,TMYx,"Newport Muni AP, AR (WMO 720377)"
723400,North Little Rock Muni AP,AR,Arkansas,USA,TMYx,"North Little Rock Muni AP, AR (WMO 723400)"
723417,Pine Bluff-Grider Field,AR,Arkansas,USA,TMY3,"Pine Bluff-Grider Field, AR (WMO 723417)"
723449,Rogers Muni AP-Carter Field,AR,Arkansas,USA,TMY3,"Rogers Muni AP-Carter Field, AR (WMO 723449)"
723429,Russellville Rgnl AP,AR,Arkansas,USA,TMYx,"Russellville Rgnl AP, AR (WMO 723429)"
722188,Searcy Muni AP,AR,Arkansas,USA,TMYx,"Searcy Muni AP, AR (WMO 722188)"
723443,Siloam Springs-Smith Field,AR,Arkansas,USA,TMY3,"Siloam Springs-Smith Field, AR (WMO 723443)"
723434,Springdale Muni AP,AR,Arkansas,USA,TMY3,"Springdale Muni AP, AR (WMO 723434)"
723416,Stuttgart Muni AP,AR,Arkansas,USA,TMY3,"Stuttgart Muni AP, AR (WMO 723416)"
723418,Texarkana Rgnl AP-Webb Field,AR,Arkansas,USA,TMY3,"Texarkana Rgnl AP-Webb Field, AR (WMO 723418)"
723406,Walnut Ridge Rgnl AP,AR,Arkansas,USA,TMY3,"Walnut Ridge Rgnl AP, AR (WMO 723406)"
722054,West Memphis Muni AP,AR,Arkansas,USA,TMYx,"West Memphis Muni AP, AR (WMO 722054)"
722750,Arizona-Sonora Desert Museum,AZ,Arizona,USA,TMYx,"Arizona-Sonora Desert Museum, AZ (WMO 722750)"
722770,Babbitt Ranches Meridian Site,AZ,Arizona,USA,TMYx,"Babbitt Ranches Meridian Site, AZ (WMO 722770)"
722720,Bisbee Douglas Intl AP,AZ,Arizona,USA,TMY3,"Bisbee Douglas Intl AP, AZ (WMO 722720)"
720644,Buckeye Muni AP,AZ,Arizona,USA,TMYx,"Buckeye Muni AP, AZ (WMO 720644)"
722748,Casa Grande Muni AP,AZ,Arizona,USA,TMY3,"Casa Grande Muni AP, AZ (WMO 722748)"
722749,Chandler Muni AP,AZ,Arizona,USA,TMYx,"Chandler Muni AP, AZ (WMO 722749)"
724753,Colorado City Muni AP,AZ,Arizona,USA,TMYx,"Colorado City Muni AP, AZ (WMO 724753)"
749173,Coolidge Muni AP,AZ,Arizona,USA,TMYx,"Coolidge Muni AP, AZ (WMO 749173)"
722760,Elgin-Audubon Appleton Whittell Research Center,AZ,Arizona,USA,TMYx,"Elgin-Audubon Appleton Whittell Research Center, AZ (WMO 722760)"
723750,Flagstaff Pulliam AP,AZ,Arizona,USA,TMYx,"Flagstaff Pulliam AP, AZ (WMO 723750)"
723755,Flagstaff Pulliam AP,AZ,Arizona,USA,TMY3,"Flagstaff Pulliam AP, AZ (WMO 723755)"
723760,Flagstaff-Bellemont,AZ,Arizona,USA,TMYx,"Flagstaff-Bellemont, AZ (WMO 723760)"
722730,Ft Huachuca-Sierra Vista Muni AP,AZ,Arizona,USA,TMYx,"Ft Huachuca-Sierra Vista Muni AP, AZ (WMO 722730)"
747240,Gila Bend AAF,AZ,Arizona,USA,TMYx,"Gila Bend AAF, AZ (WMO 747240)"
722787,Glendale Muni AP,AZ,Arizona,USA,TMYx,"Glendale Muni AP, AZ (WMO 722787)"
722785,Glendale-Luke AFB,AZ,Arizona,USA,TMY3,"Glendale-Luke AFB, AZ (WMO 722785)"
723783,Grand Canyon Natl Park AP,AZ,Arizona,USA,TMY3,"Grand Canyon Natl Park AP, AZ (WMO 723783)"
723700,Kingman AP,AZ,Arizona,USA,TMY3,"Kingman AP, AZ (WMO 723700)"
723787,Lake Havasu AWOS,AZ,Arizona,USA,TMYx,"Lake Havasu AWOS, AZ (WMO 723787)"
723788,Laughlin-Bullhead Intl AP,AZ,Arizona,USA,TMYx,"Laughlin-Bullhead Intl AP, AZ (WMO 723788)"
722783,Mesa-Falcon Field AP,AZ,Arizona,USA,TMYx,"Mesa-Falcon Field AP, AZ (WMO 722783)"
722728,Nogales Intl AP,AZ,Arizona,USA,TMYx,"Nogales Intl AP, AZ (WMO 722728)"
723710,Page Muni AP,AZ,Arizona,USA,TMY3,"Page Muni AP, AZ (WMO 723710)"
723745,Payson AP,AZ,Arizona,USA,TMYx,"Payson AP, AZ (WMO 723745)"
722788,Phoenix Goodyear AP,AZ,Arizona,USA,TMYx,"Phoenix Goodyear AP, AZ (WMO 722788)"
722786,Phoenix Mesa Gateway AP,AZ,Arizona,USA,TMYx,"Phoenix Mesa Gateway AP, AZ (WMO 722786)"
722784,Phoenix-Deer Valley Muni AP,AZ,Arizona,USA,TMY3,"Phoenix-Deer Valley Muni AP, AZ (WMO 722784)"
722780,Phoenix-Sky Harbor Intl AP,AZ,Arizona,USA,TMY3,"Phoenix-Sky Harbor Intl AP, AZ (WMO 722780)"
749167,Pinal AF,AZ,Arizona,USA,TMYx,"Pinal AF, AZ (WMO 749167)"
722813,Pioneer AF,AZ,Arizona,USA,TMYx,"Pioneer AF, AZ (WMO 722813)"
723723,Prescott Muni AP-Love Field,AZ,Arizona,USA,TMY3,"Prescott Muni AP-Love Field, AZ (WMO 723723)"
722747,Safford Rgnl AP,AZ,Arizona,USA,TMY3,"Safford Rgnl AP, AZ (WMO 722747)"
722789,Scottsdale AP,AZ,Arizona,USA,TMY3,"Scottsdale AP, AZ (WMO 722789)"
723756,Sedona AP,AZ,Arizona,USA,TMYx,"Sedona AP, AZ (WMO 723756)"
723747,Show Low Rgnl AP,AZ,Arizona,USA,TMY3,"Show Low Rgnl AP, AZ (WMO 723747)"
696454,Somerton Aux AP,AZ,Arizona,USA,TMYx,"Somerton Aux AP, AZ (WMO 696454)"
723754,St Johns Indl AF,AZ,Arizona,USA,TMYx,"St Johns Indl AF, AZ (WMO 723754)"
697564,Stoval AF,AZ,Arizona,USA,TMYx,"Stoval AF, AZ (WMO 697564)"
696464,Tacts AF,AZ,Arizona,USA,TMYx,"Tacts AF, AZ (WMO 696464)"
722740,Tucson Intl AP,AZ,Arizona,USA,TMY3,"Tucson Intl AP, AZ (WMO 722740)"
722745,Tucson-Davis-Monthan AFB,AZ,Arizona,USA,TMY3,"Tucson-Davis-Monthan AFB, AZ (WMO 722745)"
720339,Tucson-Ryan Field AP,AZ,Arizona,USA,TMYx,"Tucson-Ryan Field AP, AZ (WMO 720339)"
720635,Williams-Clark Meml Field AP,AZ,Arizona,USA,TMYx,"Williams-Clark Meml Field AP, AZ (WMO 720635)"
722764,Window Rock AP,AZ,Arizona,USA,TMYx,"Window Rock AP, AZ (WMO 722764)"
723740,Winslow-Lindberg Rgnl AP,AZ,Arizona,USA,TMY3,"Winslow-Lindberg Rgnl AP, AZ (WMO 723740)"
722800,Yuma Intl AP,AZ,Arizona,USA,TMY3,"Yuma Intl AP, AZ (WMO 722800)"
690310,Yuma Proving Ground,AZ,Arizona,USA,TMYx,"Yuma Proving Ground, AZ (WMO 690310)"
722790,Yuma Proving Ground-Red Bluff Site,AZ,Arizona,USA,TMYx,"Yuma Proving Ground-Red Bluff Site, AZ (WMO 722790)"
699604,Yuma-MCAS Yuma,AZ,Arizona,USA,TMY3,"Yuma-MCAS Yuma, AZ (WMO 699604)"
711080,Abbotsford Intl AP,BC,British Columbia,CAN,TMYx,"Abbotsford Intl AP, BC (WMO 711080)"
711130,Agassiz RCS,BC,British Columbia,CAN,TMYx,"Agassiz RCS, BC (WMO 711130)"
714750,Alberni Valley Rgnl AP,BC,British Columbia,CAN,TMYx,"Alberni Valley Rgnl AP, BC (WMO 714750)"
711122,Amphitrite Point Lighthouse,BC,British Columbia,CAN,TMYx,"Amphitrite Point Lighthouse, BC (WMO 711122)"
716810,Ashcroft,BC,British Columbia,CAN,TMYx,"Ashcroft, BC (WMO 716810)"
717690,Ballenas Island,BC,British Columbia,CAN,TMYx,"Ballenas Island, BC (WMO 717690)"
719391,Beatton River AP,BC,British Columbia,CAN,TMYx,"Beatton River AP, BC (WMO 719391)"
715820,Bella Bella AP,BC,British Columbia,CAN,TMYx,"Bella Bella AP, BC (WMO 715820)"
712060,Bella Coola AP,BC,British Columbia,CAN,TMYx,"Bella Coola AP, BC (WMO 712060)"
717600,Big Creek,BC,British Columbia,CAN,TMYx,"Big Creek, BC (WMO 717600)"
717560,Blackcomb Base Sliding Centre,BC,British Columbia,CAN,TMYx,"Blackcomb Base Sliding Centre, BC (WMO 717560)"
718830,Blue River CS,BC,British Columbia,CAN,TMYx,"Blue River CS, BC (WMO 718830)"
714840,Bonilla Island,BC,British Columbia,CAN,TMYx,"Bonilla Island, BC (WMO 714840)"
719525,Burns Lake,BC,British Columbia,CAN,TMYx,"Burns Lake, BC (WMO 719525)"
719520,Burns Lake AP,BC,British Columbia,CAN,TMYx,"Burns Lake AP, BC (WMO 719520)"
716880,Callaghan Valley-Whistler Olympic Park Ski Resort,BC,British Columbia,CAN,TMYx,"Callaghan Valley-Whistler Olympic Park Ski Resort, BC (WMO 716880)"
718936,Campbell River AP,BC,British Columbia,CAN,TMYx,"Campbell River AP, BC (WMO 718936)"
718916,Cape Mudge Lighthouse,BC,British Columbia,CAN,TMYx,"Cape Mudge Lighthouse, BC (WMO 718916)"
711070,Cape St James Heli,BC,British Columbia,CAN,TMYx,"Cape St James Heli, BC (WMO 711070)"
719140,Capmon CS-Saturna Island,BC,British Columbia,CAN,TMYx,"Capmon CS-Saturna Island, BC (WMO 719140)"
714820,Cathedral Point,BC,British Columbia,CAN,TMYx,"Cathedral Point, BC (WMO 714820)"
718937,Chatham Point Lighthouse,BC,British Columbia,CAN,TMYx,"Chatham Point Lighthouse, BC (WMO 718937)"
710348,Chetwynd AP,BC,British Columbia,CAN,TMYx,"Chetwynd AP, BC (WMO 710348)"
714740,Clinton,BC,British Columbia,CAN,TMYx,"Clinton, BC (WMO 714740)"
718930,Comox Valley AP-CFB Comox Valley,BC,British Columbia,CAN,TMYx,"Comox Valley AP-CFB Comox Valley, BC (WMO 718930)"
718800,Cranbrook-Canadian Rockies Intl AP,BC,British Columbia,CAN,TMYx,"Cranbrook-Canadian Rockies Intl AP, BC (WMO 718800)"
717700,Creston,BC,British Columbia,CAN,TMYx,"Creston, BC (WMO 717700)"
717710,Cumshewa Island,BC,British Columbia,CAN,TMYx,"Cumshewa Island, BC (WMO 717710)"
714710,Dawson Creek AP,BC,British Columbia,CAN,TMYx,"Dawson Creek AP, BC (WMO 714710)"
712220,Dease Lake AP,BC,British Columbia,CAN,TMYx,"Dease Lake AP, BC (WMO 712220)"
710420,Delta-Burns Bog,BC,British Columbia,CAN,TMYx,"Delta-Burns Bog, BC (WMO 710420)"
710310,Discovery Island,BC,British Columbia,CAN,TMYx,"Discovery Island, BC (WMO 710310)"
717720,Entrance Island CS,BC,British Columbia,CAN,TMYx,"Entrance Island CS, BC (WMO 717720)"
717980,Esquimalt Harbour,BC,British Columbia,CAN,TMYx,"Esquimalt Harbour, BC (WMO 717980)"
718940,Estevan Point AP,BC,British Columbia,CAN,TMYx,"Estevan Point AP, BC (WMO 718940)"
715680,Fanny Island,BC,British Columbia,CAN,TMYx,"Fanny Island, BC (WMO 715680)"
719450,Fort Nelson-Northern Rockies Rgnl AP,BC,British Columbia,CAN,TMYx,"Fort Nelson-Northern Rockies Rgnl AP, BC (WMO 719450)"
719330,Fort St James,BC,British Columbia,CAN,TMYx,"Fort St James, BC (WMO 719330)"
719430,Fort St John-North Peace Rgnl AP,BC,British Columbia,CAN,TMYx,"Fort St John-North Peace Rgnl AP, BC (WMO 719430)"
710354,Golden AP,BC,British Columbia,CAN,TMYx,"Golden AP, BC (WMO 710354)"
714760,Grey Islet,BC,British Columbia,CAN,TMYx,"Grey Islet, BC (WMO 714760)"
714850,Herbert Island,BC,British Columbia,CAN,TMYx,"Herbert Island, BC (WMO 714850)"
718955,Holberg,BC,British Columbia,CAN,TMYx,"Holberg, BC (WMO 718955)"
712190,Holland Rock,BC,British Columbia,CAN,TMYx,"Holland Rock, BC (WMO 712190)"
711870,Hope Rgnl AP,BC,British Columbia,CAN,TMYx,"Hope Rgnl AP, BC (WMO 711870)"
718915,Hope Slide,BC,British Columbia,CAN,TMYx,"Hope Slide, BC (WMO 718915)"
711074,Hoskins Inlet,BC,British Columbia,CAN,TMYx,"Hoskins Inlet, BC (WMO 711074)"
712110,Howe Sound-Pam Rocks,BC,British Columbia,CAN,TMYx,"Howe Sound-Pam Rocks, BC (WMO 712110)"
718870,Kamloops AP,BC,British Columbia,CAN,TMYx,"Kamloops AP, BC (WMO 718870)"
712030,Kelowna Intl AP,BC,British Columbia,CAN,TMYx,"Kelowna Intl AP, BC (WMO 712030)"
714720,Kindakun Rocks,BC,British Columbia,CAN,TMYx,"Kindakun Rocks, BC (WMO 714720)"
719030,Langara Island RCS,BC,British Columbia,CAN,TMYx,"Langara Island RCS, BC (WMO 719030)"
719990,Lillooet,BC,British Columbia,CAN,TMYx,"Lillooet, BC (WMO 719990)"
712200,Lucy Islands Lighthouse,BC,British Columbia,CAN,TMYx,"Lucy Islands Lighthouse, BC (WMO 712200)"
717650,Lytton RCS,BC,British Columbia,CAN,TMYx,"Lytton RCS, BC (WMO 717650)"
712900,Mackenzie AP,BC,British Columbia,CAN,TMYx,"Mackenzie AP, BC (WMO 712900)"
719440,Mackenzie Muni AP,BC,British Columbia,CAN,TMYx,"Mackenzie Muni AP, BC (WMO 719440)"
717740,Malahat,BC,British Columbia,CAN,TMYx,"Malahat, BC (WMO 717740)"
714724,Masset AP,BC,British Columbia,CAN,TMYx,"Masset AP, BC (WMO 714724)"
718970,McInnes Island,BC,British Columbia,CAN,TMYx,"McInnes Island, BC (WMO 718970)"
715570,Merritt,BC,British Columbia,CAN,TMYx,"Merritt, BC (WMO 715570)"
712160,Nakusp AP CS,BC,British Columbia,CAN,TMYx,"Nakusp AP CS, BC (WMO 712160)"
718900,Nanaimo AP,BC,British Columbia,CAN,TMYx,"Nanaimo AP, BC (WMO 718900)"
717760,Nelson AP,BC,British Columbia,CAN,TMYx,"Nelson AP, BC (WMO 717760)"
719270,North Cowichan,BC,British Columbia,CAN,TMYx,"North Cowichan, BC (WMO 719270)"
716790,Ootsa Lake-Skins Lake,BC,British Columbia,CAN,TMYx,"Ootsa Lake-Skins Lake, BC (WMO 716790)"
712150,Osoyoos,BC,British Columbia,CAN,TMYx,"Osoyoos, BC (WMO 712150)"
717770,Pemberton Rgnl AP,BC,British Columbia,CAN,TMYx,"Pemberton Rgnl AP, BC (WMO 717770)"
718890,Penticton Rgnl AP,BC,British Columbia,CAN,TMYx,"Penticton Rgnl AP, BC (WMO 718890)"
717750,Pitt Meadows Rgnl AP,BC,British Columbia,CAN,TMYx,"Pitt Meadows Rgnl AP, BC (WMO 717750)"
710370,Point Atkinson,BC,British Columbia,CAN,TMYx,"Point Atkinson, BC (WMO 710370)"
711090,Port Hardy AP,BC,British Columbia,CAN,TMYx,"Port Hardy AP, BC (WMO 711090)"
716050,Port Mellon,BC,British Columbia,CAN,TMYx,"Port Mellon, BC (WMO 716050)"
717200,Powell River AP,BC,British Columbia,CAN,TMYx,"Powell River AP, BC (WMO 717200)"
718960,Prince George Intl AP,BC,British Columbia,CAN,TMYx,"Prince George Intl AP, BC (WMO 718960)"
710220,Prince Rupert AP-Digby Island,BC,British Columbia,CAN,TMYx,"Prince Rupert AP-Digby Island, BC (WMO 710220)"
710320,Princeton Rgnl AP,BC,British Columbia,CAN,TMYx,"Princeton Rgnl AP, BC (WMO 710320)"
710500,Puntzi Mountain AP,BC,British Columbia,CAN,TMYx,"Puntzi Mountain AP, BC (WMO 710500)"
717660,Qualicum Beach AP,BC,British Columbia,CAN,TMYx,"Qualicum Beach AP, BC (WMO 717660)"
711920,Quesnel,BC,British Columbia,CAN,TMYx,"Quesnel, BC (WMO 711920)"
717790,Quesnel AP,BC,British Columbia,CAN,TMYx,"Quesnel AP, BC (WMO 717790)"
711030,Quesnel AWOS,BC,British Columbia,CAN,TMYx,"Quesnel AWOS, BC (WMO 711030)"
717780,Race Rocks Lighthouse,BC,British Columbia,CAN,TMYx,"Race Rocks Lighthouse, BC (WMO 717780)"
718820,Revelstoke AP,BC,British Columbia,CAN,TMYx,"Revelstoke AP, BC (WMO 718820)"
711120,Richmond Operation Centre,BC,British Columbia,CAN,TMYx,"Richmond Operation Centre, BC (WMO 711120)"
714770,Rose Spit,BC,British Columbia,CAN,TMYx,"Rose Spit, BC (WMO 714770)"
712180,Salmon Arm CS,BC,British Columbia,CAN,TMYx,"Salmon Arm CS, BC (WMO 712180)"
712090,Sandheads CS,BC,British Columbia,CAN,TMYx,"Sandheads CS, BC (WMO 712090)"
711110,Sandspit AP,BC,British Columbia,CAN,TMYx,"Sandspit AP, BC (WMO 711110)"
714780,Sartine Island,BC,British Columbia,CAN,TMYx,"Sartine Island, BC (WMO 714780)"
714730,Saturna Island CS-East Point Lighthouse,BC,British Columbia,CAN,TMYx,"Saturna Island CS-East Point Lighthouse, BC (WMO 714730)"
716380,Sechelt AP,BC,British Columbia,CAN,TMYx,"Sechelt AP, BC (WMO 716380)"
717800,Sheringham Point Lighthouse,BC,British Columbia,CAN,TMYx,"Sheringham Point Lighthouse, BC (WMO 717800)"
717810,Sisters Island,BC,British Columbia,CAN,TMYx,"Sisters Island, BC (WMO 717810)"
719500,Smithers Rgnl AP,BC,British Columbia,CAN,TMYx,"Smithers Rgnl AP, BC (WMO 719500)"
714790,Solander Island Ecological Reserve,BC,British Columbia,CAN,TMYx,"Solander Island Ecological Reserve, BC (WMO 714790)"
717820,Sparwood CS,BC,British Columbia,CAN,TMYx,"Sparwood CS, BC (WMO 717820)"
741050,Spring Island-Vancouver Island,BC,British Columbia,CAN,TMYx,"Spring Island-Vancouver Island, BC (WMO 741050)"
712070,Squamish AP,BC,British Columbia,CAN,TMYx,"Squamish AP, BC (WMO 712070)"
719550,Stewart AP,BC,British Columbia,CAN,TMYx,"Stewart AP, BC (WMO 719550)"
717680,Summerland CS,BC,British Columbia,CAN,TMYx,"Summerland CS, BC (WMO 717680)"
710280,Tatlayoko Lake RCS,BC,British Columbia,CAN,TMYx,"Tatlayoko Lake RCS, BC (WMO 710280)"
719510,Terrace AP,BC,British Columbia,CAN,TMYx,"Terrace AP, BC (WMO 719510)"
711060,Tofino-Long Beach AP,BC,British Columbia,CAN,TMYx,"Tofino-Long Beach AP, BC (WMO 711060)"
711000,Triple Island Lightstation,BC,British Columbia,CAN,TMYx,"Triple Island Lightstation, BC (WMO 711000)"
712010,Vancouver Harbour CS,BC,British Columbia,CAN,TMYx,"Vancouver Harbour CS, BC (WMO 712010)"
718920,Vancouver Intl AP,BC,British Columbia,CAN,TMYx,"Vancouver Intl AP, BC (WMO 718920)"
711150,Vernon,BC,British Columbia,CAN,TMYx,"Vernon, BC (WMO 711150)"
710380,Victoria Hartland CS,BC,British Columbia,CAN,TMYx,"Victoria Hartland CS, BC (WMO 710380)"
717990,Victoria Intl AP,BC,British Columbia,CAN,TMYx,"Victoria Intl AP, BC (WMO 717990)"
712000,Victoria-Gonzales CS,BC,British Columbia,CAN,TMYx,"Victoria-Gonzales CS, BC (WMO 712000)"
717830,Victoria-Univ of Victoria,BC,British Columbia,CAN,TMYx,"Victoria-Univ of Victoria, BC (WMO 717830)"
714010,Warfield RCS,BC,British Columbia,CAN,TMYx,"Warfield RCS, BC (WMO 714010)"
717840,West Vancouver,BC,British Columbia,CAN,TMYx,"West Vancouver, BC (WMO 717840)"
716870,Whistler-Nesters,BC,British Columbia,CAN,TMYx,"Whistler-Nesters, BC (WMO 716870)"
711750,Whistler-Nesters-Spruce Grove Park,BC,British Columbia,CAN,TMYx,"Whistler-Nesters-Spruce Grove Park, BC (WMO 711750)"
717850,White Rock,BC,British Columbia,CAN,TMYx,"White Rock, BC (WMO 717850)"
711040,Williams Lake Rgnl AP,BC,British Columbia,CAN,TMYx,"Williams Lake Rgnl AP, BC (WMO 711040)"
717860,Yoho Natl Park,BC,British Columbia,CAN,TMYx,"Yoho Natl Park, BC (WMO 717860)"
725958,Alturas Muni AP,CA,California,USA,TMY3,"Alturas Muni AP, CA (WMO 725958)"
722898,Anacapa Island,CA,California,USA,TMYx,"Anacapa Island, CA (WMO 722898)"
725945,Arcata-Eureka AP,CA,California,USA,TMY3,"Arcata-Eureka AP, CA (WMO 725945)"
720267,Auburn Muni AP,CA,California,USA,TMYx,"Auburn Muni AP, CA (WMO 720267)"
722924,Avalon-Santa Catalina Island,CA,California,USA,TMYx,"Avalon-Santa Catalina Island, CA (WMO 722924)"
723840,Bakersfield-Meadows Field AP,CA,California,USA,TMY3,"Bakersfield-Meadows Field AP, CA (WMO 723840)"
723815,Barstow-Daggett AP,CA,California,USA,TMY3,"Barstow-Daggett AP, CA (WMO 723815)"
724837,Beale AFB,CA,California,USA,TMY3,"Beale AFB, CA (WMO 724837)"
722867,Beaumont,CA,California,USA,TMYx,"Beaumont, CA (WMO 722867)"
722864,Big Bear AP,CA,California,USA,TMYx,"Big Bear AP, CA (WMO 722864)"
724800,Bishop-Eastern Sierra Rgnl AP,CA,California,USA,TMY3,"Bishop-Eastern Sierra Rgnl AP, CA (WMO 724800)"
725845,Blue Canyon-Nyack AP,CA,California,USA,TMY3,"Blue Canyon-Nyack AP, CA (WMO 725845)"
747188,Blythe AP,CA,California,USA,TMY3,"Blythe AP, CA (WMO 747188)"
724995,Bodega Bay CG Light Station,CA,California,USA,TMYx,"Bodega Bay CG Light Station, CA (WMO 724995)"
720652,Bridgeport Sonora Junction,CA,California,USA,TMYx,"Bridgeport Sonora Junction, CA (WMO 720652)"
722880,Burbank-Hope AP,CA,California,USA,TMY3,"Burbank-Hope AP, CA (WMO 722880)"
745165,CGS Rio Vista,CA,California,USA,TMYx,"CGS Rio Vista, CA (WMO 745165)"
720681,Calaveras County AP-Rasmussen Field,CA,California,USA,TMYx,"Calaveras County AP-Rasmussen Field, CA (WMO 720681)"
723926,Camarillo AP,CA,California,USA,TMY3,"Camarillo AP, CA (WMO 723926)"
747186,Campo,CA,California,USA,TMYx,"Campo, CA (WMO 747186)"
722927,Carlsbad-McClellan-Palomar AP,CA,California,USA,TMY3,"Carlsbad-McClellan-Palomar AP, CA (WMO 722927)"
724810,Castle AP,CA,California,USA,TMYx,"Castle AP, CA (WMO 724810)"
998173,Castroville-Moss Landing,CA,California,USA,TMYx,"Castroville-Moss Landing, CA (WMO 998173)"
722920,Catalina Island AP,CA,California,USA,TMYx,"Catalina Island AP, CA (WMO 722920)"
724973,Chico Muni AP,CA,California,USA,TMYx,"Chico Muni AP, CA (WMO 724973)"
722899,Chino AP,CA,California,USA,TMY3,"Chino AP, CA (WMO 722899)"
722904,Chula Vista-Brown Muni Field AP,CA,California,USA,TMY3,"Chula Vista-Brown Muni Field AP, CA (WMO 722904)"
720615,Columbia AP,CA,California,USA,TMYx,"Columbia AP, CA (WMO 720615)"
724936,Concord-Buchanan Field AP,CA,California,USA,TMY3,"Concord-Buchanan Field AP, CA (WMO 724936)"
724950,Concord-Buchanan Field AP,CA,California,USA,TMYx,"Concord-Buchanan Field AP, CA (WMO 724950)"
720333,Corona Muni AP,CA,California,USA,TMYx,"Corona Muni AP, CA (WMO 720333)"
994012,Crescent City,CA,California,USA,TMYx,"Crescent City, CA (WMO 994012)"
725946,Crescent City-Del Norte County AP-McNamara Field,CA,California,USA,TMY3,"Crescent City-Del Norte County AP-McNamara Field, CA (WMO 725946)"
722859,Dana Point,CA,California,USA,TMYx,"Dana Point, CA (WMO 722859)"
998474,Davis Point-San Pablo Bay,CA,California,USA,TMYx,"Davis Point-San Pablo Bay, CA (WMO 998474)"
723171,Edwards AF Aux North Base,CA,California,USA,TMYx,"Edwards AF Aux North Base, CA (WMO 723171)"
723810,Edwards AFB,CA,California,USA,TMY3,"Edwards AFB, CA (WMO 723810)"
722907,El Cajon-Gillespie Field AP,CA,California,USA,TMYx,"El Cajon-Gillespie Field AP, CA (WMO 722907)"
747043,El Monte AP,CA,California,USA,TMYx,"El Monte AP, CA (WMO 747043)"
997997,Elkhorn Slough Natl Estuarine Sanctuary,CA,California,USA,TMYx,"Elkhorn Slough Natl Estuarine Sanctuary, CA (WMO 997997)"
725947,Eureka-Samoa AP-Humboldt Bay,CA,California,USA,TMYx,"Eureka-Samoa AP-Humboldt Bay, CA (WMO 725947)"
725940,Eureka-Woodley Island,CA,California,USA,TMYx,"Eureka-Woodley Island, CA (WMO 725940)"
998011,Fairfield-San Francisco Bay Reserve,CA,California,USA,TMYx,"Fairfield-San Francisco Bay Reserve, CA (WMO 998011)"
745160,Fairfield-Travis AFB,CA,California,USA,TMY3,"Fairfield-Travis AFB, CA (WMO 745160)"
725900,Fort Bragg,CA,California,USA,TMYx,"Fort Bragg, CA (WMO 725900)"
746110,Fort Irwin-Bicycle Lake AAF,CA,California,USA,TMYx,"Fort Irwin-Bicycle Lake AAF, CA (WMO 746110)"
723897,Fresno Chandler Exec AP,CA,California,USA,TMYx,"Fresno Chandler Exec AP, CA (WMO 723897)"
723890,Fresno Yosemite Intl AP,CA,California,USA,TMY3,"Fresno Yosemite Intl AP, CA (WMO 723890)"
722976,Fullerton Muni AP,CA,California,USA,TMY3,"Fullerton Muni AP, CA (WMO 722976)"
720952,Gray Butte Field,CA,California,USA,TMYx,"Gray Butte Field, CA (WMO 720952)"
720646,Half Moon Bay AP,CA,California,USA,TMYx,"Half Moon Bay AP, CA (WMO 720646)"
724956,Hamilton AAF,CA,California,USA,TMYx,"Hamilton AAF, CA (WMO 724956)"
723898,Hanford Muni AP,CA,California,USA,TMYx,"Hanford Muni AP, CA (WMO 723898)"
722956,Hawthorne Muni AP-Northrop Field,CA,California,USA,TMY3,"Hawthorne Muni AP-Northrop Field, CA (WMO 722956)"
725850,Hayward Exec AP,CA,California,USA,TMY3,"Hayward Exec AP, CA (WMO 725850)"
749179,Hollister Muni AP,CA,California,USA,TMYx,"Hollister Muni AP, CA (WMO 749179)"
722978,Huntington Beach,CA,California,USA,TMYx,"Huntington Beach, CA (WMO 722978)"
747185,Imperial County AP,CA,California,USA,TMY3,"Imperial County AP, CA (WMO 747185)"
723826,Inyokern AP,CA,California,USA,TMYx,"Inyokern AP, CA (WMO 723826)"
723884,Jolon-Fort Hunter Liggett,CA,California,USA,TMYx,"Jolon-Fort Hunter Liggett, CA (WMO 723884)"
745070,Kesterson Reservoir,CA,California,USA,TMYx,"Kesterson Reservoir, CA (WMO 745070)"
994018,La Jolla-Scripps Pier,CA,California,USA,TMYx,"La Jolla-Scripps Pier, CA (WMO 994018)"
722887,La Verne-Brackett Field AP,CA,California,USA,TMYx,"La Verne-Brackett Field AP, CA (WMO 722887)"
723816,Lancaster-Fox Field,CA,California,USA,TMY3,"Lancaster-Fox Field, CA (WMO 723816)"
720614,Lincoln Rgnl AP,CA,California,USA,TMYx,"Lincoln Rgnl AP, CA (WMO 720614)"
724927,Livermore Muni AP,CA,California,USA,TMY3,"Livermore Muni AP, CA (WMO 724927)"
722895,Lompoc AP,CA,California,USA,TMY3,"Lompoc AP, CA (WMO 722895)"
722917,Long Beach,CA,California,USA,TMYx,"Long Beach, CA (WMO 722917)"
722970,Long Beach AP,CA,California,USA,TMY3,"Long Beach AP, CA (WMO 722970)"
722975,Los Alamitos AAF,CA,California,USA,TMYx,"Los Alamitos AAF, CA (WMO 722975)"
722950,Los Angeles Intl AP,CA,California,USA,TMY3,"Los Angeles Intl AP, CA (WMO 722950)"
994035,Los Angeles-Cabrillo Beach,CA,California,USA,TMYx,"Los Angeles-Cabrillo Beach, CA (WMO 994035)"
722874,Los Angeles-USC Campus,CA,California,USA,TMYx,"Los Angeles-USC Campus, CA (WMO 722874)"
722915,MCAF Tustin,CA,California,USA,TMYx,"MCAF Tustin, CA (WMO 722915)"
722926,MCAS Camp Pendleton,CA,California,USA,TMY3,"MCAS Camp Pendleton, CA (WMO 722926)"
722908,MCAS El Toro,CA,California,USA,TMYx,"MCAS El Toro, CA (WMO 722908)"
722928,MCOLF Camp Pendleton-Red Beach,CA,California,USA,TMYx,"MCOLF Camp Pendleton-Red Beach, CA (WMO 722928)"
745046,Madera Muni AP,CA,California,USA,TMYx,"Madera Muni AP, CA (WMO 745046)"
723894,Mammoth Yosemite AP,CA,California,USA,TMYx,"Mammoth Yosemite AP, CA (WMO 723894)"
720406,Marin County AP-Gnoss Field,CA,California,USA,TMYx,"Marin County AP-Gnoss Field, CA (WMO 720406)"
722913,Marina Del Rey-Hughes Heli,CA,California,USA,TMYx,"Marina Del Rey-Hughes Heli, CA (WMO 722913)"
690070,Marina Muni AP,CA,California,USA,TMYx,"Marina Muni AP, CA (WMO 690070)"
998475,Martinez-Mococo,CA,California,USA,TMYx,"Martinez-Mococo, CA (WMO 998475)"
724838,Marysville-Yuba County AP,CA,California,USA,TMY3,"Marysville-Yuba County AP, CA (WMO 724838)"
724815,Merced Rgnl AP-Macready Field,CA,California,USA,TMY3,"Merced Rgnl AP-Macready Field, CA (WMO 724815)"
722914,Mission Beach,CA,California,USA,TMYx,"Mission Beach, CA (WMO 722914)"
724926,Modesto City-County AP,CA,California,USA,TMY3,"Modesto City-County AP, CA (WMO 724926)"
722953,Mojave AP,CA,California,USA,TMYx,"Mojave AP, CA (WMO 722953)"
725955,Montague-Siskiyou County AP,CA,California,USA,TMY3,"Montague-Siskiyou County AP, CA (WMO 725955)"
725959,Montague-Yreka AP,CA,California,USA,TMYx,"Montague-Yreka AP, CA (WMO 725959)"
724915,Monterey Rgnl AP,CA,California,USA,TMY3,"Monterey Rgnl AP, CA (WMO 724915)"
725957,Mount Shasta,CA,California,USA,TMYx,"Mount Shasta, CA (WMO 725957)"
722890,Mount Wilson,CA,California,USA,TMYx,"Mount Wilson, CA (WMO 722890)"
745090,Mountain View-Moffett Federal Field,CA,California,USA,TMY3,"Mountain View-Moffett Federal Field, CA (WMO 745090)"
722810,NAF El Centro,CA,California,USA,TMYx,"NAF El Centro, CA (WMO 722810)"
722925,NALF San Clemente Island,CA,California,USA,TMYx,"NALF San Clemente Island, CA (WMO 722925)"
745060,NAS Alameda,CA,California,USA,TMYx,"NAS Alameda, CA (WMO 745060)"
747020,NAS Lemoore,CA,California,USA,TMY3,"NAS Lemoore, CA (WMO 747020)"
724925,NASA Crows Landing AP and Test Facility,CA,California,USA,TMYx,"NASA Crows Landing AP and Test Facility, CA (WMO 724925)"
746120,NAWS China Lake,CA,California,USA,TMY3,"NAWS China Lake, CA (WMO 746120)"
723910,NB Ventura County-Point Mugu Field,CA,California,USA,TMY3,"NB Ventura County-Point Mugu Field, CA (WMO 723910)"
998013,NOLF Imperial Beach AP,CA,California,USA,TMYx,"NOLF Imperial Beach AP, CA (WMO 998013)"
724955,Napa County AP,CA,California,USA,TMY3,"Napa County AP, CA (WMO 724955)"
723805,Needles AP,CA,California,USA,TMY3,"Needles AP, CA (WMO 723805)"
749486,Nevada County AP,CA,California,USA,TMYx,"Nevada County AP, CA (WMO 749486)"
722973,Newport Beach,CA,California,USA,TMYx,"Newport Beach, CA (WMO 722973)"
724828,Nut Tree AP,CA,California,USA,TMYx,"Nut Tree AP, CA (WMO 724828)"
998496,Oakland,CA,California,USA,TMYx,"Oakland, CA (WMO 998496)"
724930,Oakland Intl AP,CA,California,USA,TMY3,"Oakland Intl AP, CA (WMO 724930)"
998476,Oakland Outer Harbor,CA,California,USA,TMYx,"Oakland Outer Harbor, CA (WMO 998476)"
722929,Oceanside Harbor,CA,California,USA,TMYx,"Oceanside Harbor, CA (WMO 722929)"
722934,Oceanside Muni AP,CA,California,USA,TMYx,"Oceanside Muni AP, CA (WMO 722934)"
722865,Ontario,CA,California,USA,TMYx,"Ontario, CA (WMO 722865)"
747040,Ontario Intl AP,CA,California,USA,TMYx,"Ontario Intl AP, CA (WMO 747040)"
722977,Orange County-Wayne Intl AP,CA,California,USA,TMY3,"Orange County-Wayne Intl AP, CA (WMO 722977)"
745048,Oroville Muni AP,CA,California,USA,TMYx,"Oroville Muni AP, CA (WMO 745048)"
723927,Oxnard AP,CA,California,USA,TMY3,"Oxnard AP, CA (WMO 723927)"
722868,Palm Springs Intl AP,CA,California,USA,TMY3,"Palm Springs Intl AP, CA (WMO 722868)"
747187,Palm Springs-Thermal-Cochran Rgnl AP,CA,California,USA,TMY3,"Palm Springs-Thermal-Cochran Rgnl AP, CA (WMO 747187)"
723820,Palmdale Rgnl AP,CA,California,USA,TMY3,"Palmdale Rgnl AP, CA (WMO 723820)"
724937,Palo Alto AP,CA,California,USA,TMYx,"Palo Alto AP, CA (WMO 724937)"
723965,Paso Robles Muni AP,CA,California,USA,TMY3,"Paso Robles Muni AP, CA (WMO 723965)"
720935,Petaluma Muni AP,CA,California,USA,TMYx,"Petaluma Muni AP, CA (WMO 720935)"
745096,Pigeon Point CG Light Station,CA,California,USA,TMYx,"Pigeon Point CG Light Station, CA (WMO 745096)"
998478,Pittsburg-Suisun Bay,CA,California,USA,TMYx,"Pittsburg-Suisun Bay, CA (WMO 998478)"
720645,Placerville AP,CA,California,USA,TMYx,"Placerville AP, CA (WMO 720645)"
994120,Point Arena Lighthouse,CA,California,USA,TMYx,"Point Arena Lighthouse, CA (WMO 994120)"
994210,Point Arguello,CA,California,USA,TMYx,"Point Arguello, CA (WMO 994210)"
745065,Point Blunt Lighthouse,CA,California,USA,TMYx,"Point Blunt Lighthouse, CA (WMO 745065)"
745045,Point Bonita Lighthouse,CA,California,USA,TMYx,"Point Bonita Lighthouse, CA (WMO 745045)"
722905,Point Loma,CA,California,USA,TMYx,"Point Loma, CA (WMO 722905)"
745055,Point Pinos Lighthouse,CA,California,USA,TMYx,"Point Pinos Lighthouse, CA (WMO 745055)"
724959,Point Reyes Lighthouse,CA,California,USA,TMYx,"Point Reyes Lighthouse, CA (WMO 724959)"
994023,Point San Luis Lighthouse,CA,California,USA,TMYx,"Point San Luis Lighthouse, CA (WMO 994023)"
745054,Point Sur,CA,California,USA,TMYx,"Point Sur, CA (WMO 745054)"
724958,Port Chicago,CA,California,USA,TMYx,"Port Chicago, CA (WMO 724958)"
723895,Porterville Muni AP,CA,California,USA,TMY3,"Porterville Muni AP, CA (WMO 723895)"
745056,Ramona AP,CA,California,USA,TMYx,"Ramona AP, CA (WMO 745056)"
725910,Red Bluff Muni AP,CA,California,USA,TMY3,"Red Bluff Muni AP, CA (WMO 725910)"
695414,Red Pass Lake,CA,California,USA,TMYx,"Red Pass Lake, CA (WMO 695414)"
725920,Redding Muni AP,CA,California,USA,TMY3,"Redding Muni AP, CA (WMO 725920)"
744970,Redding-Whiskeytown Natl Recreation Area,CA,California,USA,TMYx,"Redding-Whiskeytown Natl Recreation Area, CA (WMO 744970)"
722883,Redondo Beach-Hermosa Beach Pier,CA,California,USA,TMYx,"Redondo Beach-Hermosa Beach Pier, CA (WMO 722883)"
994041,Redwood City,CA,California,USA,TMYx,"Redwood City, CA (WMO 994041)"
724946,Reid-Hillview AP,CA,California,USA,TMYx,"Reid-Hillview AP, CA (WMO 724946)"
998477,Richmond-Point Potrero,CA,California,USA,TMYx,"Richmond-Point Potrero, CA (WMO 998477)"
722869,Riverside Muni AP,CA,California,USA,TMY3,"Riverside Muni AP, CA (WMO 722869)"
722860,Riverside-March ARB,CA,California,USA,TMY3,"Riverside-March ARB, CA (WMO 722860)"
749485,Rohnerville AP,CA,California,USA,TMYx,"Rohnerville AP, CA (WMO 749485)"
724830,Sacramento Exec AP,CA,California,USA,TMY3,"Sacramento Exec AP, CA (WMO 724830)"
724839,Sacramento Intl AP,CA,California,USA,TMY3,"Sacramento Intl AP, CA (WMO 724839)"
724833,Sacramento-Mather AP,CA,California,USA,TMYx,"Sacramento-Mather AP, CA (WMO 724833)"
725930,Salinas Muni AP,CA,California,USA,TMY3,"Salinas Muni AP, CA (WMO 725930)"
722866,San Bernardino Intl AP,CA,California,USA,TMYx,"San Bernardino Intl AP, CA (WMO 722866)"
724938,San Carlos AP,CA,California,USA,TMYx,"San Carlos AP, CA (WMO 724938)"
722900,San Diego Intl AP-Lindbergh Field,CA,California,USA,TMY3,"San Diego Intl AP-Lindbergh Field, CA (WMO 722900)"
722930,San Diego-MCAS Miramar,CA,California,USA,TMY3,"San Diego-MCAS Miramar, CA (WMO 722930)"
722903,San Diego-Montgomery Field AP,CA,California,USA,TMY3,"San Diego-Montgomery Field AP, CA (WMO 722903)"
722906,San Diego-NAS North Island-Halsey Field,CA,California,USA,TMY3,"San Diego-NAS North Island-Halsey Field, CA (WMO 722906)"
745057,San Fernando-Whiteman AP,CA,California,USA,TMYx,"San Fernando-Whiteman AP, CA (WMO 745057)"
724940,San Francisco Intl AP,CA,California,USA,TMY3,"San Francisco Intl AP, CA (WMO 724940)"
994016,San Francisco-Presidio,CA,California,USA,TMYx,"San Francisco-Presidio, CA (WMO 994016)"
724943,San Francisco-Treasure Island,CA,California,USA,TMYx,"San Francisco-Treasure Island, CA (WMO 724943)"
724945,San Jose-Mineta Intl AP,CA,California,USA,TMY3,"San Jose-Mineta Intl AP, CA (WMO 724945)"
722897,San Luis Obispo County Rgnl AP,CA,California,USA,TMY3,"San Luis Obispo County Rgnl AP, CA (WMO 722897)"
749484,San Martin AP,CA,California,USA,TMYx,"San Martin AP, CA (WMO 749484)"
722910,San Nicholas Island,CA,California,USA,TMYx,"San Nicholas Island, CA (WMO 722910)"
723900,San Simeon-Pt Piedras Blancas CG Lightstation,CA,California,USA,TMYx,"San Simeon-Pt Piedras Blancas CG Lightstation, CA (WMO 723900)"
723830,Sandberg-Quail Lake Sky Park,CA,California,USA,TMY3,"Sandberg-Quail Lake Sky Park, CA (WMO 723830)"
723923,Santa Barbara,CA,California,USA,TMYx,"Santa Barbara, CA (WMO 723923)"
723925,Santa Barbara Muni AP,CA,California,USA,TMY3,"Santa Barbara Muni AP, CA (WMO 723925)"
720046,Santa Clarita,CA,California,USA,TMYx,"Santa Clarita, CA (WMO 720046)"
745095,Santa Cruz Harbor,CA,California,USA,TMYx,"Santa Cruz Harbor, CA (WMO 745095)"
723940,Santa Maria Public AP-Hancock Field,CA,California,USA,TMY3,"Santa Maria Public AP-Hancock Field, CA (WMO 723940)"
722884,Santa Monica,CA,California,USA,TMYx,"Santa Monica, CA (WMO 722884)"
722885,Santa Monica AP,CA,California,USA,TMY3,"Santa Monica AP, CA (WMO 722885)"
997199,Santa Rosa Island,CA,California,USA,TMYx,"Santa Rosa Island, CA (WMO 997199)"
724957,Santa Rosa-Schulz-Sonoma County AP,CA,California,USA,TMY3,"Santa Rosa-Schulz-Sonoma County AP, CA (WMO 724957)"
723762,Santa Ynez AP,CA,California,USA,TMYx,"Santa Ynez AP, CA (WMO 723762)"
725848,Shelter Cove AP,CA,California,USA,TMYx,"Shelter Cove AP, CA (WMO 725848)"
722919,Solana Beach,CA,California,USA,TMYx,"Solana Beach, CA (WMO 722919)"
725847,South Lake Tahoe-Lake Tahoe AP,CA,California,USA,TMY3,"South Lake Tahoe-Lake Tahoe AP, CA (WMO 725847)"
724920,Stockton Metro AP,CA,California,USA,TMY3,"Stockton Metro AP, CA (WMO 724920)"
746130,Stovepipe Wells-Death Valley Natl Park,CA,California,USA,TMYx,"Stovepipe Wells-Death Valley Natl Park, CA (WMO 746130)"
746190,Superior Valley,CA,California,USA,TMYx,"Superior Valley, CA (WMO 746190)"
725837,Susanville Muni AP,CA,California,USA,TMYx,"Susanville Muni AP, CA (WMO 725837)"
749171,Tehachapi Muni AP,CA,California,USA,TMYx,"Tehachapi Muni AP, CA (WMO 749171)"
745020,Temecula-San Diego State Univ,CA,California,USA,TMYx,"Temecula-San Diego State Univ, CA (WMO 745020)"
997734,Tiburon,CA,California,USA,TMYx,"Tiburon, CA (WMO 997734)"
722955,Torrance Muni AP-Zamperini Field,CA,California,USA,TMYx,"Torrance Muni AP-Zamperini Field, CA (WMO 722955)"
721027,Trinity Center AP,CA,California,USA,TMYx,"Trinity Center AP, CA (WMO 721027)"
725846,Truckee Tahoe AP,CA,California,USA,TMY3,"Truckee Tahoe AP, CA (WMO 725846)"
690150,Twentynine Palms SELF,CA,California,USA,TMY3,"Twentynine Palms SELF, CA (WMO 690150)"
720576,UC-Davis-University AP,CA,California,USA,TMYx,"UC-Davis-University AP, CA (WMO 720576)"
724836,USGCB Sacramento-McClellan Park,CA,California,USA,TMYx,"USGCB Sacramento-McClellan Park, CA (WMO 724836)"
725905,Ukiah Muni AP,CA,California,USA,TMY3,"Ukiah Muni AP, CA (WMO 725905)"
722886,Van Nuys AP,CA,California,USA,TMY3,"Van Nuys AP, CA (WMO 722886)"
723930,Vandenberg AFB,CA,California,USA,TMYx,"Vandenberg AFB, CA (WMO 723930)"
723924,Ventura Harbor,CA,California,USA,TMYx,"Ventura Harbor, CA (WMO 723924)"
723825,Victorville-George AFB-So California Logistics AP,CA,California,USA,TMYx,"Victorville-George AFB-So California Logistics AP, CA (WMO 723825)"
723896,Visalia Muni AP,CA,California,USA,TMY3,"Visalia Muni AP, CA (WMO 723896)"
745058,Watsonville Muni AP,CA,California,USA,TMYx,"Watsonville Muni AP, CA (WMO 745058)"
720193,Weaverville-Pool AF,CA,California,USA,TMYx,"Weaverville-Pool AF, CA (WMO 720193)"
745030,Yosemite Natl Park-Crane Flat Lookout,CA,California,USA,TMYx,"Yosemite Natl Park-Crane Flat Lookout, CA (WMO 745030)"
722954,Zuma Beach,CA,California,USA,TMYx,"Zuma Beach, CA (WMO 722954)"
724698,Akron-Colorado Plains Rgnl AP,CO,Colorado,USA,TMY3,"Akron-Colorado Plains Rgnl AP, CO (WMO 724698)"
724620,Alamosa-San Luis Valley Rgnl AP,CO,Colorado,USA,TMY3,"Alamosa-San Luis Valley Rgnl AP, CO (WMO 724620)"
724676,Aspen-Pitkin County AP-Sardy Field,CO,Colorado,USA,TMY3,"Aspen-Pitkin County AP-Sardy Field, CO (WMO 724676)"
724695,Aurora-Buckley AFB,CO,Colorado,USA,TMY3,"Aurora-Buckley AFB, CO (WMO 724695)"
720385,Berthoud Pass,CO,Colorado,USA,TMYx,"Berthoud Pass, CO (WMO 720385)"
745220,Black Canyon of the Gunnison Natl Park,CO,Colorado,USA,TMYx,"Black Canyon of the Gunnison Natl Park, CO (WMO 745220)"
720533,Boulder Muni AP,CO,Colorado,USA,TMYx,"Boulder Muni AP, CO (WMO 720533)"
724699,Boulder-Table Mountain SURFRAD,CO,Colorado,USA,TMY3,"Boulder-Table Mountain SURFRAD, CO (WMO 724699)"
720528,Buena Vista-Central Colorado Rgnl AP,CO,Colorado,USA,TMYx,"Buena Vista-Central Colorado Rgnl AP, CO (WMO 720528)"
724689,Burlington-Kit Carson County AP,CO,Colorado,USA,TMYx,"Burlington-Kit Carson County AP, CO (WMO 724689)"
720642,Cheyenne Mountain AS,CO,Colorado,USA,TMYx,"Cheyenne Mountain AS, CO (WMO 720642)"
724762,Colorado Natl Monument,CO,Colorado,USA,TMYx,"Colorado Natl Monument, CO (WMO 724762)"
724660,Colorado Springs AP-Peterson Field,CO,Colorado,USA,TMY3,"Colorado Springs AP-Peterson Field, CO (WMO 724660)"
722061,Copper Mountain Ski Area,CO,Colorado,USA,TMYx,"Copper Mountain Ski Area, CO (WMO 722061)"
745230,Cortez-Mesa Verde Natl Park,CO,Colorado,USA,TMYx,"Cortez-Mesa Verde Natl Park, CO (WMO 745230)"
724767,Cortez-Montezuma County AP,CO,Colorado,USA,TMY3,"Cortez-Montezuma County AP, CO (WMO 724767)"
726391,Cottonwood Pass,CO,Colorado,USA,TMYx,"Cottonwood Pass, CO (WMO 726391)"
725700,Craig-Moffat AP,CO,Colorado,USA,TMY3,"Craig-Moffat AP, CO (WMO 725700)"
720531,Delta-Blake Field AP,CO,Colorado,USA,TMYx,"Delta-Blake Field AP, CO (WMO 720531)"
725650,Denver Intl AP,CO,Colorado,USA,TMY3,"Denver Intl AP, CO (WMO 725650)"
724691,Denver-Lowry AFB,CO,Colorado,USA,TMYx,"Denver-Lowry AFB, CO (WMO 724691)"
724690,Denver-Stapleton AF,CO,Colorado,USA,TMYx,"Denver-Stapleton AF, CO (WMO 724690)"
745190,Dinosaur Natl Monument,CO,Colorado,USA,TMYx,"Dinosaur Natl Monument, CO (WMO 745190)"
724626,Durango AWRS,CO,Colorado,USA,TMYx,"Durango AWRS, CO (WMO 724626)"
724625,Durango-La Plata County AP,CO,Colorado,USA,TMY3,"Durango-La Plata County AP, CO (WMO 724625)"
724675,Eagle County Rgnl AP,CO,Colorado,USA,TMY3,"Eagle County Rgnl AP, CO (WMO 724675)"
722155,Elbert Monument AWOS-Kelly AF,CO,Colorado,USA,TMYx,"Elbert Monument AWOS-Kelly AF, CO (WMO 722155)"
720534,Erie Muni AP,CO,Colorado,USA,TMYx,"Erie Muni AP, CO (WMO 720534)"
724680,Fort Carson-Butts AAF AP,CO,Colorado,USA,TMYx,"Fort Carson-Butts AAF AP, CO (WMO 724680)"
724769,Fort Collins-Loveland Muni AP,CO,Colorado,USA,TMY3,"Fort Collins-Loveland Muni AP, CO (WMO 724769)"
724697,Fort Collins-Loveland-Northern Colorado Rgnl AP,CO,Colorado,USA,TMYx,"Fort Collins-Loveland-Northern Colorado Rgnl AP, CO (WMO 724697)"
720535,Fort Morgan Muni AP,CO,Colorado,USA,TMYx,"Fort Morgan Muni AP, CO (WMO 720535)"
724694,Front Range AP,CO,Colorado,USA,TMYx,"Front Range AP, CO (WMO 724694)"
726392,Glenwood Springs-Sunlight Ski Area,CO,Colorado,USA,TMYx,"Glenwood Springs-Sunlight Ski Area, CO (WMO 726392)"
724666,Golden-NREL,CO,Colorado,USA,TMY3,"Golden-NREL, CO (WMO 724666)"
724760,Grand Junction Rgnl AP,CO,Colorado,USA,TMY3,"Grand Junction Rgnl AP, CO (WMO 724760)"
724768,Greeley-Weld County AP,CO,Colorado,USA,TMY3,"Greeley-Weld County AP, CO (WMO 724768)"
724677,Gunnison-Crested Butte Rgnl AP,CO,Colorado,USA,TMY3,"Gunnison-Crested Butte Rgnl AP, CO (WMO 724677)"
725710,Hayden-Yampa Valley Rgnl AP,CO,Colorado,USA,TMYx,"Hayden-Yampa Valley Rgnl AP, CO (WMO 725710)"
725715,Hayden-Yampa Valley Rgnl AP,CO,Colorado,USA,TMY3,"Hayden-Yampa Valley Rgnl AP, CO (WMO 725715)"
720537,Holyoke AP,CO,Colorado,USA,TMYx,"Holyoke AP, CO (WMO 720537)"
720529,Hopkins-Montrose County AP,CO,Colorado,USA,TMYx,"Hopkins-Montrose County AP, CO (WMO 720529)"
720987,Juliet Peetz,CO,Colorado,USA,TMYx,"Juliet Peetz, CO (WMO 720987)"
724635,La Junta Muni AP,CO,Colorado,USA,TMY3,"La Junta Muni AP, CO (WMO 724635)"
745290,La Junta-USDA Comanche Natl Grassland,CO,Colorado,USA,TMYx,"La Junta-USDA Comanche Natl Grassland, CO (WMO 745290)"
740002,La Veta Pass AWOS,CO,Colorado,USA,TMYx,"La Veta Pass AWOS, CO (WMO 740002)"
724630,Lamar,CO,Colorado,USA,TMYx,"Lamar, CO (WMO 724630)"
724636,Lamar Muni AP,CO,Colorado,USA,TMY3,"Lamar Muni AP, CO (WMO 724636)"
724673,Leadville-Lake County AP,CO,Colorado,USA,TMY3,"Leadville-Lake County AP, CO (WMO 724673)"
720989,Lima Grover,CO,Colorado,USA,TMYx,"Lima Grover, CO (WMO 720989)"
724665,Limon Muni AP,CO,Colorado,USA,TMY3,"Limon Muni AP, CO (WMO 724665)"
720538,Longmont-Brand Muni AP,CO,Colorado,USA,TMYx,"Longmont-Brand Muni AP, CO (WMO 720538)"
720262,McElroy AF,CO,Colorado,USA,TMYx,"McElroy AF, CO (WMO 720262)"
724674,Meeker AP,CO,Colorado,USA,TMYx,"Meeker AP, CO (WMO 724674)"
720991,Mike Haxtun,CO,Colorado,USA,TMYx,"Mike Haxtun, CO (WMO 720991)"
722203,Monarch Pass AWOS,CO,Colorado,USA,TMYx,"Monarch Pass AWOS, CO (WMO 722203)"
724765,Montrose Rgnl AP,CO,Colorado,USA,TMY3,"Montrose Rgnl AP, CO (WMO 724765)"
745200,Nederland-Univ Colorado Boulder Mountain Research Stn,CO,Colorado,USA,TMYx,"Nederland-Univ Colorado Boulder Mountain Research Stn, CO (WMO 745200)"
720992,November Grover,CO,Colorado,USA,TMYx,"November Grover, CO (WMO 720992)"
745340,Nunn-NSF Long Term Ecological Research Site,CO,Colorado,USA,TMYx,"Nunn-NSF Long Term Ecological Research Site, CO (WMO 745340)"
720993,Oscar Grover,CO,Colorado,USA,TMYx,"Oscar Grover, CO (WMO 720993)"
720539,Pagosa Springs-Stevens Field,CO,Colorado,USA,TMYx,"Pagosa Springs-Stevens Field, CO (WMO 720539)"
720852,Peyton-Meadow Lake AP,CO,Colorado,USA,TMYx,"Peyton-Meadow Lake AP, CO (WMO 720852)"
724640,Pueblo Meml AP,CO,Colorado,USA,TMY3,"Pueblo Meml AP, CO (WMO 724640)"
725717,Rifle-Garfield County Rgnl AP,CO,Colorado,USA,TMY3,"Rifle-Garfield County Rgnl AP, CO (WMO 725717)"
722333,Saguache Muni AP,CO,Colorado,USA,TMYx,"Saguache Muni AP, CO (WMO 722333)"
720532,Salida-Alexander Field AP,CO,Colorado,USA,TMYx,"Salida-Alexander Field AP, CO (WMO 720532)"
720641,Schriever AFB,CO,Colorado,USA,TMYx,"Schriever AFB, CO (WMO 720641)"
724646,Springfield-Comanche Natl Grassland,CO,Colorado,USA,TMYx,"Springfield-Comanche Natl Grassland, CO (WMO 724646)"
724678,Steamboat Springs AP-Adams Field,CO,Colorado,USA,TMYx,"Steamboat Springs AP-Adams Field, CO (WMO 724678)"
720544,Sterling Muni AP,CO,Colorado,USA,TMYx,"Sterling Muni AP, CO (WMO 720544)"
724627,Telluride Rgnl AP,CO,Colorado,USA,TMYx,"Telluride Rgnl AP, CO (WMO 724627)"
724645,Trinidad-Stokes AP,CO,Colorado,USA,TMY3,"Trinidad-Stokes AP, CO (WMO 724645)"
745310,USAF Academy AF,CO,Colorado,USA,TMYx,"USAF Academy AF, CO (WMO 745310)"
722817,USAF Academy Bullseye Aux AF,CO,Colorado,USA,TMYx,"USAF Academy Bullseye Aux AF, CO (WMO 722817)"
726396,Wilkerson Pass,CO,Colorado,USA,TMYx,"Wilkerson Pass, CO (WMO 726396)"
722101,Wolf Creek Pass AWOS,CO,Colorado,USA,TMYx,"Wolf Creek Pass AWOS, CO (WMO 722101)"
994890,Bridgeport,CT,Connecticut,USA,TMYx,"Bridgeport, CT (WMO 994890)"
725040,Bridgeport-Sikorsky Meml AP,CT,Connecticut,USA,TMY3,"Bridgeport-Sikorsky Meml AP, CT (WMO 725040)"
720545,Chester AP,CT,Connecticut,USA,TMYx,"Chester AP, CT (WMO 720545)"
725086,Danbury Muni AP,CT,Connecticut,USA,TMY3,"Danbury Muni AP, CT (WMO 725086)"
997283,Groton,CT,Connecticut,USA,TMYx,"Groton, CT (WMO 997283)"
725046,Groton-New London AP,CT,Connecticut,USA,TMY3,"Groton-New London AP, CT (WMO 725046)"
725080,Hartford-Bradley Intl AP,CT,Connecticut,USA,TMY3,"Hartford-Bradley Intl AP, CT (WMO 725080)"
725087,Hartford-Brainard AP,CT,Connecticut,USA,TMY3,"Hartford-Brainard AP, CT (WMO 725087)"
725027,Meriden Markham Muni AP,CT,Connecticut,USA,TMYx,"Meriden Markham Muni AP, CT (WMO 725027)"
997284,New Haven Harbor,CT,Connecticut,USA,TMYx,"New Haven Harbor, CT (WMO 997284)"
725047,New London Ledge Lighthouse,CT,Connecticut,USA,TMYx,"New London Ledge Lighthouse, CT (WMO 725047)"
725045,Tweed New Haven AP,CT,Connecticut,USA,TMY3,"Tweed New Haven AP, CT (WMO 725045)"
725029,Waterbury-Oxford AP,CT,Connecticut,USA,TMY3,"Waterbury-Oxford AP, CT (WMO 725029)"
725084,Windham AP,CT,Connecticut,USA,TMYx,"Windham AP, CT (WMO 725084)"
997314,Washington Harbor,DC,District of Columbia,USA,TMYx,"Washington Harbor, DC (WMO 997314)"
997689,Brandywine Shoal Lighthouse,DE,Delaware,USA,TMYx,"Brandywine Shoal Lighthouse, DE (WMO 997689)"
724046,CGS Indian River,DE,Delaware,USA,TMYx,"CGS Indian River, DE (WMO 724046)"
997694,Delaware City,DE,Delaware,USA,TMYx,"Delaware City, DE (WMO 997694)"
998169,Delaware Reserve,DE,Delaware,USA,TMYx,"Delaware Reserve, DE (WMO 998169)"
724088,Dover AFB,DE,Delaware,USA,TMY3,"Dover AFB, DE (WMO 724088)"
724093,Georgetown-Delaware Coastal AP,DE,Delaware,USA,TMYx,"Georgetown-Delaware Coastal AP, DE (WMO 724093)"
997281,Lewes Harbor,DE,Delaware,USA,TMYx,"Lewes Harbor, DE (WMO 997281)"
997372,Reedy Point,DE,Delaware,USA,TMYx,"Reedy Point, DE (WMO 997372)"
724089,Wilmington AP,DE,Delaware,USA,TMY3,"Wilmington AP, DE (WMO 724089)"
724180,Wilmington AP,DE,Delaware,USA,TMYx,"Wilmington AP, DE (WMO 724180)"
994310,Alligator Reef Lighthouse,FL,Florida,USA,TMYx,"Alligator Reef Lighthouse, FL (WMO 994310)"
994009,Anclote Gulf Park,FL,Florida,USA,TMYx,"Anclote Gulf Park, FL (WMO 994009)"
994045,Apalachicola Harbor,FL,Florida,USA,TMYx,"Apalachicola Harbor, FL (WMO 994045)"
722200,Apalachicola Rgnl AP,FL,Florida,USA,TMYx,"Apalachicola Rgnl AP, FL (WMO 722200)"
994082,Aripeka,FL,Florida,USA,TMYx,"Aripeka, FL (WMO 994082)"
722123,Bartow Exec AP,FL,Florida,USA,TMYx,"Bartow Exec AP, FL (WMO 722123)"
752040,Big Cypress Natl Preserve,FL,Florida,USA,TMYx,"Big Cypress Natl Preserve, FL (WMO 752040)"
722022,Boca Raton AP,FL,Florida,USA,TMYx,"Boca Raton AP, FL (WMO 722022)"
747761,Bonifay-Tri-County AP,FL,Florida,USA,TMYx,"Bonifay-Tri-County AP, FL (WMO 747761)"
722014,Brooksville-Tampa Bay Rgnl AP,FL,Florida,USA,TMYx,"Brooksville-Tampa Bay Rgnl AP, FL (WMO 722014)"
722019,CGS Islamorada,FL,Florida,USA,TMYx,"CGS Islamorada, FL (WMO 722019)"
720399,Camp Blanding AAF,FL,Florida,USA,TMYx,"Camp Blanding AAF, FL (WMO 720399)"
747940,Cape Canaveral AFS,FL,Florida,USA,TMYx,"Cape Canaveral AFS, FL (WMO 747940)"
997354,Cape Canaveral-Trident Wharf,FL,Florida,USA,TMYx,"Cape Canaveral-Trident Wharf, FL (WMO 997354)"
722240,Cape San Blas,FL,Florida,USA,TMYx,"Cape San Blas, FL (WMO 722240)"
994640,Cedar Key,FL,Florida,USA,TMYx,"Cedar Key, FL (WMO 994640)"
997345,Clearwater Beach Pier 60,FL,Florida,USA,TMYx,"Clearwater Beach Pier 60, FL (WMO 997345)"
722215,Crestview-Bob Sikes AP,FL,Florida,USA,TMY3,"Crestview-Bob Sikes AP, FL (WMO 722215)"
722246,Crestview-Duke Field AS,FL,Florida,USA,TMYx,"Crestview-Duke Field AS, FL (WMO 722246)"
722120,Cross City AP,FL,Florida,USA,TMYx,"Cross City AP, FL (WMO 722120)"
720655,Crystal River AP,FL,Florida,USA,TMYx,"Crystal River AP, FL (WMO 720655)"
747870,Daytona Beach Intl AP,FL,Florida,USA,TMY3,"Daytona Beach Intl AP, FL (WMO 747870)"
994170,Deerfield Island Park,FL,Florida,USA,TMYx,"Deerfield Island Park, FL (WMO 994170)"
720904,Deland Muni AP,FL,Florida,USA,TMYx,"Deland Muni AP, FL (WMO 720904)"
722069,Destin Exec AP,FL,Florida,USA,TMYx,"Destin Exec AP, FL (WMO 722069)"
722210,Destin-Fort Walton Beach AP-Elgin AFB,FL,Florida,USA,TMY3,"Destin-Fort Walton Beach AP-Elgin AFB, FL (WMO 722210)"
722117,Egmont Key Natl Wildlife Refuge,FL,Florida,USA,TMYx,"Egmont Key Natl Wildlife Refuge, FL (WMO 722117)"
997347,Fernandina Beach,FL,Florida,USA,TMYx,"Fernandina Beach, FL (WMO 997347)"
720946,Fernandina Beach Muni AP,FL,Florida,USA,TMYx,"Fernandina Beach Muni AP, FL (WMO 720946)"
720672,Flagler County AP,FL,Florida,USA,TMYx,"Flagler County AP, FL (WMO 720672)"
722016,Florida Keys Marathon AP,FL,Florida,USA,TMY3,"Florida Keys Marathon AP, FL (WMO 722016)"
722039,Fort Lauderdale Exec AP,FL,Florida,USA,TMY3,"Fort Lauderdale Exec AP, FL (WMO 722039)"
747830,Fort Lauderdale-Hollywood Intl AP,FL,Florida,USA,TMY3,"Fort Lauderdale-Hollywood Intl AP, FL (WMO 747830)"
722106,Fort Myers-Page Field,FL,Florida,USA,TMY3,"Fort Myers-Page Field, FL (WMO 722106)"
722108,Fort Myers-Southwest Florida Intl AP,FL,Florida,USA,TMY3,"Fort Myers-Southwest Florida Intl AP, FL (WMO 722108)"
997807,Fort Pierce,FL,Florida,USA,TMYx,"Fort Pierce, FL (WMO 997807)"
722103,Fort Pierce-St Lucie County Intl AP,FL,Florida,USA,TMY3,"Fort Pierce-St Lucie County Intl AP, FL (WMO 722103)"
747770,Fort Walton Beach-Hurlburt Field,FL,Florida,USA,TMY3,"Fort Walton Beach-Hurlburt Field, FL (WMO 747770)"
722028,Fowey Rocks Lighthouse,FL,Florida,USA,TMYx,"Fowey Rocks Lighthouse, FL (WMO 722028)"
997346,Ft Myers Harbor,FL,Florida,USA,TMYx,"Ft Myers Harbor, FL (WMO 997346)"
747560,Gainesville Rgnl AP,FL,Florida,USA,TMY3,"Gainesville Rgnl AP, FL (WMO 747560)"
998000,Guana Tolomato Matanzas Natl Estuarine Research Reserve-Pellicer Creek,FL,Florida,USA,TMYx,"Guana Tolomato Matanzas Natl Estuarine Research Reserve-Pellicer Creek, FL (WMO 998000)"
722026,Homestead ARB,FL,Florida,USA,TMY3,"Homestead ARB, FL (WMO 722026)"
724737,Inverness AP,FL,Florida,USA,TMYx,"Inverness AP, FL (WMO 724737)"
747820,Jacksonville Exec-Craig AP,FL,Florida,USA,TMY3,"Jacksonville Exec-Craig AP, FL (WMO 747820)"
722060,Jacksonville Intl AP,FL,Florida,USA,TMY3,"Jacksonville Intl AP, FL (WMO 722060)"
722067,Jacksonville Jetport-Cecil AP,FL,Florida,USA,TMYx,"Jacksonville Jetport-Cecil AP, FL (WMO 722067)"
722066,Jacksonville-NS Mayport,FL,Florida,USA,TMY3,"Jacksonville-NS Mayport, FL (WMO 722066)"
994650,Keaton Beach,FL,Florida,USA,TMYx,"Keaton Beach, FL (WMO 994650)"
747946,Kennedy Space Center-NASA Shuttle Landing Facility,FL,Florida,USA,TMY3,"Kennedy Space Center-NASA Shuttle Landing Facility, FL (WMO 747946)"
747660,Kennedy Space Center-Titusville,FL,Florida,USA,TMYx,"Kennedy Space Center-Titusville, FL (WMO 747660)"
997348,Key West Harbor,FL,Florida,USA,TMYx,"Key West Harbor, FL (WMO 997348)"
722010,Key West Intl AP,FL,Florida,USA,TMY3,"Key West Intl AP, FL (WMO 722010)"
749048,Keystone AF,FL,Florida,USA,TMYx,"Keystone AF, FL (WMO 749048)"
722011,Kissimmee Gateway AP,FL,Florida,USA,TMYx,"Kissimmee Gateway AP, FL (WMO 722011)"
994050,Lake Worth Pier,FL,Florida,USA,TMYx,"Lake Worth Pier, FL (WMO 994050)"
722119,Lakeland Linder Rgnl AP,FL,Florida,USA,TMY3,"Lakeland Linder Rgnl AP, FL (WMO 722119)"
722213,Leesburg Intl AP,FL,Florida,USA,TMYx,"Leesburg Intl AP, FL (WMO 722213)"
994620,Long Key,FL,Florida,USA,TMYx,"Long Key, FL (WMO 994620)"
747960,MacDill AFB Aux AF,FL,Florida,USA,TMYx,"MacDill AFB Aux AF, FL (WMO 747960)"
721041,Marco Island AP,FL,Florida,USA,TMYx,"Marco Island AP, FL (WMO 721041)"
747760,Marianna Muni AP,FL,Florida,USA,TMYx,"Marianna Muni AP, FL (WMO 747760)"
722040,Melbourne Rgnl AP,FL,Florida,USA,TMY3,"Melbourne Rgnl AP, FL (WMO 722040)"
722029,Miami Exec AP,FL,Florida,USA,TMY3,"Miami Exec AP, FL (WMO 722029)"
722020,Miami Intl AP,FL,Florida,USA,TMY3,"Miami Intl AP, FL (WMO 722020)"
722024,Miami-Opa Locka Exec AP,FL,Florida,USA,TMY3,"Miami-Opa Locka Exec AP, FL (WMO 722024)"
720383,Milton-NAS Whiting Field South,FL,Florida,USA,TMYx,"Milton-NAS Whiting Field South, FL (WMO 720383)"
994430,Molasses Reef Lighthouse,FL,Florida,USA,TMYx,"Molasses Reef Lighthouse, FL (WMO 994430)"
722065,NAS Jacksonville-Towers Field,FL,Florida,USA,TMY3,"NAS Jacksonville-Towers Field, FL (WMO 722065)"
722015,NAS Key West,FL,Florida,USA,TMY3,"NAS Key West, FL (WMO 722015)"
722225,NAS Pensacola-Sherman Field,FL,Florida,USA,TMY3,"NAS Pensacola-Sherman Field, FL (WMO 722225)"
722226,NAS Whiting Field,FL,Florida,USA,TMY3,"NAS Whiting Field, FL (WMO 722226)"
749815,NOLF Choctaw,FL,Florida,USA,TMYx,"NOLF Choctaw, FL (WMO 749815)"
749824,NOLF Whitehouse,FL,Florida,USA,TMYx,"NOLF Whitehouse, FL (WMO 749824)"
997351,Naples,FL,Florida,USA,TMYx,"Naples, FL (WMO 997351)"
722038,Naples Muni AP,FL,Florida,USA,TMY3,"Naples Muni AP, FL (WMO 722038)"
722361,New Smyrna Beach Muni AP,FL,Florida,USA,TMYx,"New Smyrna Beach Muni AP, FL (WMO 722361)"
722055,Ocala Intl AP,FL,Florida,USA,TMY3,"Ocala Intl AP, FL (WMO 722055)"
722261,Okeechobee County AP,FL,Florida,USA,TMYx,"Okeechobee County AP, FL (WMO 722261)"
997705,Old Port Tampa,FL,Florida,USA,TMYx,"Old Port Tampa, FL (WMO 997705)"
722053,Orlando Exec AP,FL,Florida,USA,TMY3,"Orlando Exec AP, FL (WMO 722053)"
722050,Orlando Intl AP,FL,Florida,USA,TMY3,"Orlando Intl AP, FL (WMO 722050)"
722057,Orlando Sanford Intl AP,FL,Florida,USA,TMY3,"Orlando Sanford Intl AP, FL (WMO 722057)"
722341,Ormond Beach Muni AP,FL,Florida,USA,TMYx,"Ormond Beach Muni AP, FL (WMO 722341)"
722030,Palm Beach Intl AP,FL,Florida,USA,TMY3,"Palm Beach Intl AP, FL (WMO 722030)"
997352,Panama City Beach,FL,Florida,USA,TMYx,"Panama City Beach, FL (WMO 997352)"
998199,Panama City Marina,FL,Florida,USA,TMYx,"Panama City Marina, FL (WMO 998199)"
722245,Panama City-Bay County Intl AP,FL,Florida,USA,TMY3,"Panama City-Bay County Intl AP, FL (WMO 722245)"
720735,Panama City-Northwest Florida Beaches Intl AP,FL,Florida,USA,TMYx,"Panama City-Northwest Florida Beaches Intl AP, FL (WMO 720735)"
747750,Panama City-Tyndall AFB,FL,Florida,USA,TMY3,"Panama City-Tyndall AFB, FL (WMO 747750)"
747950,Patrick AFB,FL,Florida,USA,TMYx,"Patrick AFB, FL (WMO 747950)"
722037,Pembroke Pines-North Perry AP,FL,Florida,USA,TMYx,"Pembroke Pines-North Perry AP, FL (WMO 722037)"
994047,Pensacola Harbor,FL,Florida,USA,TMYx,"Pensacola Harbor, FL (WMO 994047)"
722220,Pensacola Intl AP,FL,Florida,USA,TMYx,"Pensacola Intl AP, FL (WMO 722220)"
722223,Pensacola Intl AP,FL,Florida,USA,TMY3,"Pensacola Intl AP, FL (WMO 722223)"
722227,Pensacola-Saufley Field NOLF,FL,Florida,USA,TMYx,"Pensacola-Saufley Field NOLF, FL (WMO 722227)"
722224,Perry-Foley AP,FL,Florida,USA,TMYx,"Perry-Foley AP, FL (WMO 722224)"
720373,Plant City Muni AP,FL,Florida,USA,TMYx,"Plant City Muni AP, FL (WMO 720373)"
722049,Pompano Beach AF,FL,Florida,USA,TMYx,"Pompano Beach AF, FL (WMO 722049)"
998305,Port Everglades Channel,FL,Florida,USA,TMYx,"Port Everglades Channel, FL (WMO 998305)"
997701,Port Manatee,FL,Florida,USA,TMYx,"Port Manatee, FL (WMO 997701)"
997733,Pulaski Shoal Lightstation,FL,Florida,USA,TMYx,"Pulaski Shoal Lightstation, FL (WMO 997733)"
722034,Punta Gorda AP,FL,Florida,USA,TMYx,"Punta Gorda AP, FL (WMO 722034)"
998008,Rookery Bay Natl Estuarine Research Reserve,FL,Florida,USA,TMYx,"Rookery Bay Natl Estuarine Research Reserve, FL (WMO 998008)"
994570,Sand Key Lighthouse,FL,Florida,USA,TMYx,"Sand Key Lighthouse, FL (WMO 994570)"
722115,Sarasota-Bradenton Intl AP,FL,Florida,USA,TMY3,"Sarasota-Bradenton Intl AP, FL (WMO 722115)"
994951,Sebastian Inlet State Park,FL,Florida,USA,TMYx,"Sebastian Inlet State Park, FL (WMO 994951)"
747650,Sebring-Archbold Biological Station,FL,Florida,USA,TMYx,"Sebring-Archbold Biological Station, FL (WMO 747650)"
994086,Shell Point Station,FL,Florida,USA,TMYx,"Shell Point Station, FL (WMO 994086)"
994450,Sombrero Key Lighthouse Park,FL,Florida,USA,TMYx,"Sombrero Key Lighthouse Park, FL (WMO 994450)"
994410,St Augustine Pier,FL,Florida,USA,TMYx,"St Augustine Pier, FL (WMO 994410)"
722212,St Augustine-Northeast Florida Rgnl AP,FL,Florida,USA,TMYx,"St Augustine-Northeast Florida Rgnl AP, FL (WMO 722212)"
722116,St Pete-Clearwater Intl AP,FL,Florida,USA,TMY3,"St Pete-Clearwater Intl AP, FL (WMO 722116)"
997353,St Petersburg,FL,Florida,USA,TMYx,"St Petersburg, FL (WMO 997353)"
722104,St Petersburg-Whitted AP,FL,Florida,USA,TMY3,"St Petersburg-Whitted AP, FL (WMO 722104)"
722189,Stuart-Witham Field AP,FL,Florida,USA,TMYx,"Stuart-Witham Field AP, FL (WMO 722189)"
722140,Tallahassee Intl AP,FL,Florida,USA,TMY3,"Tallahassee Intl AP, FL (WMO 722140)"
722100,Tampa Bay Area,FL,Florida,USA,TMYx,"Tampa Bay Area, FL (WMO 722100)"
722021,Tampa Exec AP,FL,Florida,USA,TMYx,"Tampa Exec AP, FL (WMO 722021)"
722110,Tampa Intl AP,FL,Florida,USA,TMY3,"Tampa Intl AP, FL (WMO 722110)"
747880,Tampa-MacDill AFB,FL,Florida,USA,TMY3,"Tampa-MacDill AFB, FL (WMO 747880)"
720374,Tampa-O-Knight AP,FL,Florida,USA,TMYx,"Tampa-O-Knight AP, FL (WMO 720374)"
997211,Tarpon Springs,FL,Florida,USA,TMYx,"Tarpon Springs, FL (WMO 997211)"
994008,Tarpon Springs-Howard Park,FL,Florida,USA,TMYx,"Tarpon Springs-Howard Park, FL (WMO 994008)"
722012,The Villages,FL,Florida,USA,TMYx,"The Villages, FL (WMO 722012)"
722046,Titusville-Space Coast Rgnl AP,FL,Florida,USA,TMYx,"Titusville-Space Coast Rgnl AP, FL (WMO 722046)"
720964,Tyndall Drone Runway,FL,Florida,USA,TMYx,"Tyndall Drone Runway, FL (WMO 720964)"
997356,Vaca Key,FL,Florida,USA,TMYx,"Vaca Key, FL (WMO 997356)"
722118,Venice Muni AP,FL,Florida,USA,TMYx,"Venice Muni AP, FL (WMO 722118)"
994220,Venice Pier,FL,Florida,USA,TMYx,"Venice Pier, FL (WMO 994220)"
747930,Vero Beach Muni AP,FL,Florida,USA,TMY3,"Vero Beach Muni AP, FL (WMO 747930)"
997355,Virginia Key,FL,Florida,USA,TMYx,"Virginia Key, FL (WMO 997355)"
747931,Winter Haven Rgnl AP-Gilbert Field,FL,Florida,USA,TMYx,"Winter Haven Rgnl AP-Gilbert Field, FL (WMO 747931)"
721042,Zephyrhills Muni AP,FL,Florida,USA,TMYx,"Zephyrhills Muni AP, FL (WMO 721042)"
722160,Albany-Southwest Georgia Rgnl AP,GA,Georgia,USA,TMY3,"Albany-Southwest Georgia Rgnl AP, GA (WMO 722160)"
723160,Alma-Bacon County AP,GA,Georgia,USA,TMY3,"Alma-Bacon County AP, GA (WMO 723160)"
720948,Americus-Carter Rgnl AP-Souther Field,GA,Georgia,USA,TMYx,"Americus-Carter Rgnl AP-Souther Field, GA (WMO 720948)"
723110,Athens-Epps AP,GA,Georgia,USA,TMY3,"Athens-Epps AP, GA (WMO 723110)"
722190,Atlanta-Hartsfield-Jackson Intl AP,GA,Georgia,USA,TMY3,"Atlanta-Hartsfield-Jackson Intl AP, GA (WMO 722190)"
722180,Augusta Rgnl AP-Bush Field,GA,Georgia,USA,TMY3,"Augusta Rgnl AP-Bush Field, GA (WMO 722180)"
722181,Augusta-Daniel Field AP,GA,Georgia,USA,TMYx,"Augusta-Daniel Field AP, GA (WMO 722181)"
720268,Bainbridge-Decatur County Industrial AF,GA,Georgia,USA,TMYx,"Bainbridge-Decatur County Industrial AF, GA (WMO 720268)"
720257,Blakely-Early County AP,GA,Georgia,USA,TMYx,"Blakely-Early County AP, GA (WMO 720257)"
722136,Brunswick-Golden Isles AP,GA,Georgia,USA,TMY3,"Brunswick-Golden Isles AP, GA (WMO 722136)"
722137,Brunswick-McKinnon St Simons Island AP,GA,Georgia,USA,TMY3,"Brunswick-McKinnon St Simons Island AP, GA (WMO 722137)"
722109,Canton-Cherokee County AP,GA,Georgia,USA,TMYx,"Canton-Cherokee County AP, GA (WMO 722109)"
720674,Carrollton-West Georgia Rgnl AP-Gray Field,GA,Georgia,USA,TMYx,"Carrollton-West Georgia Rgnl AP-Gray Field, GA (WMO 720674)"
722156,Cartersville AP,GA,Georgia,USA,TMYx,"Cartersville AP, GA (WMO 722156)"
722691,Claxton-Evans County AP,GA,Georgia,USA,TMYx,"Claxton-Evans County AP, GA (WMO 722691)"
722255,Columbus Metro AP,GA,Georgia,USA,TMY3,"Columbus Metro AP, GA (WMO 722255)"
720714,Dallas-Paulding Northwest Atlanta AP,GA,Georgia,USA,TMYx,"Dallas-Paulding Northwest Atlanta AP, GA (WMO 720714)"
722154,Dalton Muni AP,GA,Georgia,USA,TMYx,"Dalton Muni AP, GA (WMO 722154)"
722196,DeKalb-Peachtree AP,GA,Georgia,USA,TMY3,"DeKalb-Peachtree AP, GA (WMO 722196)"
722062,Douglas Muni AP,GA,Georgia,USA,TMYx,"Douglas Muni AP, GA (WMO 722062)"
722217,Dublin Muni AP-Baron Field,GA,Georgia,USA,TMYx,"Dublin Muni AP-Baron Field, GA (WMO 722217)"
720962,Eastman-Heart of Georgia Rgnl AP,GA,Georgia,USA,TMYx,"Eastman-Heart of Georgia Rgnl AP, GA (WMO 720962)"
720263,Elbert County AP-Patz Field,GA,Georgia,USA,TMYx,"Elbert County AP-Patz Field, GA (WMO 720263)"
721033,Fitzgerald Muni AP,GA,Georgia,USA,TMYx,"Fitzgerald Muni AP, GA (WMO 721033)"
722250,Fort Benning-Lawson AAF,GA,Georgia,USA,TMY3,"Fort Benning-Lawson AAF, GA (WMO 722250)"
997301,Ft Pulaski Natl Monument,GA,Georgia,USA,TMYx,"Ft Pulaski Natl Monument, GA (WMO 997301)"
722195,Fulton County AP-Brown Field,GA,Georgia,USA,TMY3,"Fulton County AP-Brown Field, GA (WMO 722195)"
722185,Gainesville-Gilmer Meml AP,GA,Georgia,USA,TMYx,"Gainesville-Gilmer Meml AP, GA (WMO 722185)"
720347,Greensboro-Greene County Rgnl AP,GA,Georgia,USA,TMYx,"Greensboro-Greene County Rgnl AP, GA (WMO 720347)"
720966,Griffin-Spalding County AP,GA,Georgia,USA,TMYx,"Griffin-Spalding County AP, GA (WMO 720966)"
721035,Hazlehurst AP,GA,Georgia,USA,TMYx,"Hazlehurst AP, GA (WMO 721035)"
722090,Hinesville-Midcoast Rgnl AP-Wright AAF-Ft Stewart,GA,Georgia,USA,TMYx,"Hinesville-Midcoast Rgnl AP-Wright AAF-Ft Stewart, GA (WMO 722090)"
720392,Homerville AP,GA,Georgia,USA,TMYx,"Homerville AP, GA (WMO 720392)"
749483,Jefferson-Jackson County AP,GA,Georgia,USA,TMYx,"Jefferson-Jackson County AP, GA (WMO 749483)"
720671,Jesup-Wayne County AP,GA,Georgia,USA,TMYx,"Jesup-Wayne County AP, GA (WMO 720671)"
747812,Kennesaw-Cobb County AP-McCollum Field,GA,Georgia,USA,TMYx,"Kennesaw-Cobb County AP-McCollum Field, GA (WMO 747812)"
747807,LaGrange-Callaway AP,GA,Georgia,USA,TMYx,"LaGrange-Callaway AP, GA (WMO 747807)"
747808,Lawrenceville-Gwinnett County AP-Briscoe Field,GA,Georgia,USA,TMYx,"Lawrenceville-Gwinnett County AP-Briscoe Field, GA (WMO 747808)"
692704,MPRC Ft Stewart,GA,Georgia,USA,TMYx,"MPRC Ft Stewart, GA (WMO 692704)"
722170,Macon-Middle Georgia Rgnl AP,GA,Georgia,USA,TMY3,"Macon-Middle Georgia Rgnl AP, GA (WMO 722170)"
722270,Marietta-Dobbins ARB,GA,Georgia,USA,TMY3,"Marietta-Dobbins ARB, GA (WMO 722270)"
720348,Milledgeville-Baldwin County AP,GA,Georgia,USA,TMYx,"Milledgeville-Baldwin County AP, GA (WMO 720348)"
722147,Moultrie Muni AP,GA,Georgia,USA,TMYx,"Moultrie Muni AP, GA (WMO 722147)"
722176,Newnan-Coweta County AP,GA,Georgia,USA,TMYx,"Newnan-Coweta County AP, GA (WMO 722176)"
723220,Newton-Jones Center at Ichauway Research Institute,GA,Georgia,USA,TMYx,"Newton-Jones Center at Ichauway Research Institute, GA (WMO 723220)"
740050,Newton-Woodruff Foundation at Ichauway Research Institute,GA,Georgia,USA,TMYx,"Newton-Woodruff Foundation at Ichauway Research Institute, GA (WMO 740050)"
722197,Peachtree City-Atlanta Rgnl AP-Falcon Field,GA,Georgia,USA,TMYx,"Peachtree City-Atlanta Rgnl AP-Falcon Field, GA (WMO 722197)"
723200,Rome-Russell AP,GA,Georgia,USA,TMY3,"Rome-Russell AP, GA (WMO 723200)"
998010,Sapelo Island AP,GA,Georgia,USA,TMYx,"Sapelo Island AP, GA (WMO 998010)"
722070,Savannah-Hilton Head Intl AP,GA,Georgia,USA,TMY3,"Savannah-Hilton Head Intl AP, GA (WMO 722070)"
747804,Savannah-Hunter AAF,GA,Georgia,USA,TMY3,"Savannah-Hunter AAF, GA (WMO 747804)"
723210,Stafford AP-Cumberland Island Natl Seashore,GA,Georgia,USA,TMYx,"Stafford AP-Cumberland Island Natl Seashore, GA (WMO 723210)"
747805,Statesboro-Bulloch County AP,GA,Georgia,USA,TMYx,"Statesboro-Bulloch County AP, GA (WMO 747805)"
720951,Swainsboro-Emanuel County AP,GA,Georgia,USA,TMYx,"Swainsboro-Emanuel County AP, GA (WMO 720951)"
720301,Sylvania-Plantation AF,GA,Georgia,USA,TMYx,"Sylvania-Plantation AF, GA (WMO 720301)"
747806,Thomaston-Upson County AP,GA,Georgia,USA,TMYx,"Thomaston-Upson County AP, GA (WMO 747806)"
720738,Thomasville Rgnl AP,GA,Georgia,USA,TMYx,"Thomasville Rgnl AP, GA (WMO 720738)"
720289,Thomson-Mc Duffie County AP,GA,Georgia,USA,TMYx,"Thomson-Mc Duffie County AP, GA (WMO 720289)"
720712,Tifton-Henry Tift Myers AP,GA,Georgia,USA,TMYx,"Tifton-Henry Tift Myers AP, GA (WMO 720712)"
725258,Toccoa-Letourneau Field AP,GA,Georgia,USA,TMYx,"Toccoa-Letourneau Field AP, GA (WMO 725258)"
722077,Tybee Island Light Station and Museum,GA,Georgia,USA,TMYx,"Tybee Island Light Station and Museum, GA (WMO 722077)"
740060,USDA ARS-Colham Ferry Site,GA,Georgia,USA,TMYx,"USDA ARS-Colham Ferry Site, GA (WMO 740060)"
722166,Valdosta Rgnl AP,GA,Georgia,USA,TMY3,"Valdosta Rgnl AP, GA (WMO 722166)"
747810,Valdosta-Moody AFB,GA,Georgia,USA,TMY3,"Valdosta-Moody AFB, GA (WMO 747810)"
722134,Vidalia Rgnl AP,GA,Georgia,USA,TMYx,"Vidalia Rgnl AP, GA (WMO 722134)"
722175,Warner Robins-Robins AFB,GA,Georgia,USA,TMY3,"Warner Robins-Robins AFB, GA (WMO 722175)"
720294,Washington-Wilkes County AP,GA,Georgia,USA,TMYx,"Washington-Wilkes County AP, GA (WMO 720294)"
722130,Waycross-Ware County AP,GA,Georgia,USA,TMYx,"Waycross-Ware County AP, GA (WMO 722130)"
747809,Winder-Barrow County AP,GA,Georgia,USA,TMYx,"Winder-Barrow County AP, GA (WMO 747809)"
911620,Barking Sands AP Kauai,HI,Hawaii,USA,TMYx,"Barking Sands AP Kauai, HI (WMO 911620)"
911977,Bradshaw AAF Hawaii,HI,Hawaii,USA,TMYx,"Bradshaw AAF Hawaii, HI (WMO 911977)"
994007,CGB Honolulu Oahu,HI,Hawaii,USA,TMYx,"CGB Honolulu Oahu, HI (WMO 994007)"
911550,French Frigate Shoals AP-Tern Island,HI,Hawaii,USA,TMYx,"French Frigate Shoals AP-Tern Island, HI (WMO 911550)"
911990,Haina Hawaii,HI,Hawaii,USA,TMYx,"Haina Hawaii, HI (WMO 911990)"
912890,Halemaumau Crater Hawaii,HI,Hawaii,USA,TMYx,"Halemaumau Crater Hawaii, HI (WMO 912890)"
911907,Hana AP Maui,HI,Hawaii,USA,TMYx,"Hana AP Maui, HI (WMO 911907)"
912960,Hilo Hawaii,HI,Hawaii,USA,TMYx,"Hilo Hawaii, HI (WMO 912960)"
912850,Hilo Intl AP,HI,Hawaii,USA,TMY3,"Hilo Intl AP, HI (WMO 912850)"
911820,Honolulu Intl AP,HI,Hawaii,USA,TMY3,"Honolulu Intl AP, HI (WMO 911820)"
911890,Kaanapali Maui,HI,Hawaii,USA,TMYx,"Kaanapali Maui, HI (WMO 911890)"
911940,Kahoolawe Maui,HI,Hawaii,USA,TMYx,"Kahoolawe Maui, HI (WMO 911940)"
911900,Kahului AP,HI,Hawaii,USA,TMY3,"Kahului AP, HI (WMO 911900)"
911780,Kalaeloa AP-NAS Barbers Point,HI,Hawaii,USA,TMY3,"Kalaeloa AP-NAS Barbers Point, HI (WMO 911780)"
911680,Kapaa Kauai,HI,Hawaii,USA,TMYx,"Kapaa Kauai, HI (WMO 911680)"
911904,Kapalua-West Maui AP,HI,Hawaii,USA,TMY3,"Kapalua-West Maui AP, HI (WMO 911904)"
997173,Kawaihae Hawaii,HI,Hawaii,USA,TMYx,"Kawaihae Hawaii, HI (WMO 997173)"
911975,Keahole-Kona Intl AP,HI,Hawaii,USA,TMY3,"Keahole-Kona Intl AP, HI (WMO 911975)"
911910,Keawakapu Beach Maui,HI,Hawaii,USA,TMYx,"Keawakapu Beach Maui, HI (WMO 911910)"
911610,Kokee State Park Kauai,HI,Hawaii,USA,TMYx,"Kokee State Park Kauai, HI (WMO 911610)"
912810,Kona Hawaii,HI,Hawaii,USA,TMYx,"Kona Hawaii, HI (WMO 912810)"
911905,Lanai AP,HI,Hawaii,USA,TMY3,"Lanai AP, HI (WMO 911905)"
911650,Lihue AP,HI,Hawaii,USA,TMY3,"Lihue AP, HI (WMO 911650)"
911649,Lihue Kauai,HI,Hawaii,USA,TMYx,"Lihue Kauai, HI (WMO 911649)"
911760,MCB Hawaii-Kaneohe Bay,HI,Hawaii,USA,TMY3,"MCB Hawaii-Kaneohe Bay, HI (WMO 911760)"
911660,Makahuena Point Kauai,HI,Hawaii,USA,TMYx,"Makahuena Point Kauai, HI (WMO 911660)"
912950,Mauna Loa Obs Hawaii,HI,Hawaii,USA,TMYx,"Mauna Loa Obs Hawaii, HI (WMO 912950)"
998193,Moku-o-loe Marine Lab Oahu,HI,Hawaii,USA,TMYx,"Moku-o-loe Marine Lab Oahu, HI (WMO 998193)"
911860,Molokai AP,HI,Hawaii,USA,TMY3,"Molokai AP, HI (WMO 911860)"
998195,Nawiliwili Kauai,HI,Hawaii,USA,TMYx,"Nawiliwili Kauai, HI (WMO 998195)"
911630,Port Allen AP Kauai,HI,Hawaii,USA,TMYx,"Port Allen AP Kauai, HI (WMO 911630)"
911580,Princeville AP Kauai,HI,Hawaii,USA,TMYx,"Princeville AP Kauai, HI (WMO 911580)"
912930,South Kona Hawaii,HI,Hawaii,USA,TMYx,"South Kona Hawaii, HI (WMO 912930)"
912940,South Point Hawaii,HI,Hawaii,USA,TMYx,"South Point Hawaii, HI (WMO 912940)"
911950,Upolu Point Hawaii,HI,Hawaii,USA,TMYx,"Upolu Point Hawaii, HI (WMO 911950)"
911690,Waialee Oahu,HI,Hawaii,USA,TMYx,"Waialee Oahu, HI (WMO 911690)"
911840,Waimanalo Oahu,HI,Hawaii,USA,TMYx,"Waimanalo Oahu, HI (WMO 911840)"
911976,Waimea-Kohala AP Hawaii,HI,Hawaii,USA,TMYx,"Waimea-Kohala AP Hawaii, HI (WMO 911976)"
911700,Wheeler AAF Oahu,HI,Hawaii,USA,TMYx,"Wheeler AAF Oahu, HI (WMO 911700)"
725457,Algona Muni AP,IA,Iowa,USA,TMY3,"Algona Muni AP, IA (WMO 725457)"
725472,Ames Muni AP,IA,Iowa,USA,TMYx,"Ames Muni AP, IA (WMO 725472)"
725466,Ankeny Rgnl AP,IA,Iowa,USA,TMYx,"Ankeny Rgnl AP, IA (WMO 725466)"
725453,Atlantic Muni AP,IA,Iowa,USA,TMY3,"Atlantic Muni AP, IA (WMO 725453)"
725498,Audubon County AP,IA,Iowa,USA,TMYx,"Audubon County AP, IA (WMO 725498)"
725486,Boone Muni AP,IA,Iowa,USA,TMY3,"Boone Muni AP, IA (WMO 725486)"
725420,Burlington-Southeast Iowa Rgnl AP,IA,Iowa,USA,TMY3,"Burlington-Southeast Iowa Rgnl AP, IA (WMO 725420)"
725468,Carroll-Neu AP,IA,Iowa,USA,TMY3,"Carroll-Neu AP, IA (WMO 725468)"
725450,Cedar Rapids-Eastern Iowa AP,IA,Iowa,USA,TMY3,"Cedar Rapids-Eastern Iowa AP, IA (WMO 725450)"
722274,Centerville Muni AP,IA,Iowa,USA,TMYx,"Centerville Muni AP, IA (WMO 722274)"
725469,Chariton Muni AP,IA,Iowa,USA,TMY3,"Chariton Muni AP, IA (WMO 725469)"
725463,Charles City-Northeast Iowa Rgnl AP,IA,Iowa,USA,TMY3,"Charles City-Northeast Iowa Rgnl AP, IA (WMO 725463)"
720344,Cherokee County Rgnl AP,IA,Iowa,USA,TMYx,"Cherokee County Rgnl AP, IA (WMO 720344)"
725479,Clarinda Muni AP-Schenck Field,IA,Iowa,USA,TMY3,"Clarinda Muni AP-Schenck Field, IA (WMO 725479)"
725458,Clarion Muni AP,IA,Iowa,USA,TMYx,"Clarion Muni AP, IA (WMO 725458)"
725473,Clinton Muni AP,IA,Iowa,USA,TMY3,"Clinton Muni AP, IA (WMO 725473)"
725497,Council Bluffs Muni AP,IA,Iowa,USA,TMY3,"Council Bluffs Muni AP, IA (WMO 725497)"
725474,Creston Muni AP,IA,Iowa,USA,TMY3,"Creston Muni AP, IA (WMO 725474)"
744550,Davenport Muni AP,IA,Iowa,USA,TMYx,"Davenport Muni AP, IA (WMO 744550)"
725476,Decorah Muni AP,IA,Iowa,USA,TMY3,"Decorah Muni AP, IA (WMO 725476)"
725477,Denison Muni AP,IA,Iowa,USA,TMY3,"Denison Muni AP, IA (WMO 725477)"
725460,Des Moines Intl AP,IA,Iowa,USA,TMY3,"Des Moines Intl AP, IA (WMO 725460)"
725470,Dubuque Rgnl AP,IA,Iowa,USA,TMY3,"Dubuque Rgnl AP, IA (WMO 725470)"
726499,Estherville Muni AP,IA,Iowa,USA,TMY3,"Estherville Muni AP, IA (WMO 726499)"
726498,Fairfield Muni AP,IA,Iowa,USA,TMY3,"Fairfield Muni AP, IA (WMO 726498)"
720643,Forest City Muni AP,IA,Iowa,USA,TMYx,"Forest City Muni AP, IA (WMO 720643)"
725490,Fort Dodge Rgnl AP,IA,Iowa,USA,TMY3,"Fort Dodge Rgnl AP, IA (WMO 725490)"
725483,Fort Madison Muni AP,IA,Iowa,USA,TMY3,"Fort Madison Muni AP, IA (WMO 725483)"
725292,Grinnell Rgnl AP-Robinson Field,IA,Iowa,USA,TMYx,"Grinnell Rgnl AP-Robinson Field, IA (WMO 725292)"
722097,Harlan Muni AP,IA,Iowa,USA,TMYx,"Harlan Muni AP, IA (WMO 722097)"
720293,Independence Muni AP,IA,Iowa,USA,TMYx,"Independence Muni AP, IA (WMO 720293)"
725462,Iowa City Muni AP,IA,Iowa,USA,TMYx,"Iowa City Muni AP, IA (WMO 725462)"
722331,Iowa Falls Muni AP,IA,Iowa,USA,TMYx,"Iowa Falls Muni AP, IA (WMO 722331)"
725456,Keokuk Muni AP,IA,Iowa,USA,TMY3,"Keokuk Muni AP, IA (WMO 725456)"
725493,Knoxville Muni AP,IA,Iowa,USA,TMY3,"Knoxville Muni AP, IA (WMO 725493)"
725499,Lamoni Muni AP,IA,Iowa,USA,TMYx,"Lamoni Muni AP, IA (WMO 725499)"
725484,Le Mars Muni AP,IA,Iowa,USA,TMY3,"Le Mars Muni AP, IA (WMO 725484)"
725461,Marshalltown Muni AP,IA,Iowa,USA,TMYx,"Marshalltown Muni AP, IA (WMO 725461)"
725485,Mason City Muni AP,IA,Iowa,USA,TMY3,"Mason City Muni AP, IA (WMO 725485)"
725475,Monticello Rgnl AP,IA,Iowa,USA,TMY3,"Monticello Rgnl AP, IA (WMO 725475)"
720309,Mount Pleasant Muni AP,IA,Iowa,USA,TMYx,"Mount Pleasant Muni AP, IA (WMO 720309)"
725487,Muscatine Muni AP,IA,Iowa,USA,TMY3,"Muscatine Muni AP, IA (WMO 725487)"
725464,Newton Muni AP,IA,Iowa,USA,TMY3,"Newton Muni AP, IA (WMO 725464)"
725488,Oelwein Muni AP,IA,Iowa,USA,TMY3,"Oelwein Muni AP, IA (WMO 725488)"
725489,Orange City Muni AP,IA,Iowa,USA,TMY3,"Orange City Muni AP, IA (WMO 725489)"
720701,Osceola Muni AP,IA,Iowa,USA,TMYx,"Osceola Muni AP, IA (WMO 720701)"
720351,Oskaloosa Muni AP,IA,Iowa,USA,TMYx,"Oskaloosa Muni AP, IA (WMO 720351)"
725465,Ottumwa Rgnl AP,IA,Iowa,USA,TMY3,"Ottumwa Rgnl AP, IA (WMO 725465)"
720312,Pella Muni AP,IA,Iowa,USA,TMYx,"Pella Muni AP, IA (WMO 720312)"
720412,Perry Muni AP,IA,Iowa,USA,TMYx,"Perry Muni AP, IA (WMO 720412)"
744480,Prairie City-Smith Natl Wildlife Refuge,IA,Iowa,USA,TMYx,"Prairie City-Smith Natl Wildlife Refuge, IA (WMO 744480)"
725494,Red Oak Muni AP,IA,Iowa,USA,TMY3,"Red Oak Muni AP, IA (WMO 725494)"
725495,Sheldon Muni AP,IA,Iowa,USA,TMY3,"Sheldon Muni AP, IA (WMO 725495)"
725467,Shenandoah Muni AP,IA,Iowa,USA,TMY3,"Shenandoah Muni AP, IA (WMO 725467)"
725570,Sioux City-Sioux Gateway AP,IA,Iowa,USA,TMY3,"Sioux City-Sioux Gateway AP, IA (WMO 725570)"
726500,Spencer Muni AP,IA,Iowa,USA,TMY3,"Spencer Muni AP, IA (WMO 726500)"
725496,Storm Lake Muni AP,IA,Iowa,USA,TMY3,"Storm Lake Muni AP, IA (WMO 725496)"
720326,Vinton Veterans Meml AF,IA,Iowa,USA,TMYx,"Vinton Veterans Meml AF, IA (WMO 720326)"
725454,Washington Muni AP,IA,Iowa,USA,TMY3,"Washington Muni AP, IA (WMO 725454)"
725480,Waterloo Rgnl AP,IA,Iowa,USA,TMY3,"Waterloo Rgnl AP, IA (WMO 725480)"
725478,Webster City Muni AP,IA,Iowa,USA,TMY3,"Webster City Muni AP, IA (WMO 725478)"
726810,Boise AP-Gowen Field ANGB,ID,Idaho,USA,TMY3,"Boise AP-Gowen Field ANGB, ID (WMO 726810)"
720923,Boundary County AP,ID,Idaho,USA,TMYx,"Boundary County AP, ID (WMO 720923)"
725867,Burley Muni AP,ID,Idaho,USA,TMY3,"Burley Muni AP, ID (WMO 725867)"
726813,Caldwell Industrial AP,ID,Idaho,USA,TMY3,"Caldwell Industrial AP, ID (WMO 726813)"
722142,Challis AP,ID,Idaho,USA,TMYx,"Challis AP, ID (WMO 722142)"
727834,Coeur dAlene AP-Boyington Field,ID,Idaho,USA,TMY3,"Coeur dAlene AP-Boyington Field, ID (WMO 727834)"
725790,Craters of the Moon Natl Monument,ID,Idaho,USA,TMYx,"Craters of the Moon Natl Monument, ID (WMO 725790)"
720369,Driggs-Reed Meml AP,ID,Idaho,USA,TMYx,"Driggs-Reed Meml AP, ID (WMO 720369)"
725860,Gooding Muni AP,ID,Idaho,USA,TMYx,"Gooding Muni AP, ID (WMO 725860)"
726873,Grangeville-Idaho County AP,ID,Idaho,USA,TMYx,"Grangeville-Idaho County AP, ID (WMO 726873)"
725865,Hailey-Friedman Meml AP,ID,Idaho,USA,TMY3,"Hailey-Friedman Meml AP, ID (WMO 725865)"
725785,Idaho Falls Rgnl AP-Fanning Field,ID,Idaho,USA,TMY3,"Idaho Falls Rgnl AP-Fanning Field, ID (WMO 725785)"
726816,Jerome County AP,ID,Idaho,USA,TMYx,"Jerome County AP, ID (WMO 726816)"
727830,Lewiston-Nez Perce County AP,ID,Idaho,USA,TMY3,"Lewiston-Nez Perce County AP, ID (WMO 727830)"
725784,Lowell,ID,Idaho,USA,TMYx,"Lowell, ID (WMO 725784)"
725786,Malad City AP,ID,Idaho,USA,TMY3,"Malad City AP, ID (WMO 725786)"
725869,Malta,ID,Idaho,USA,TMYx,"Malta, ID (WMO 725869)"
725864,McCall Muni AP,ID,Idaho,USA,TMYx,"McCall Muni AP, ID (WMO 725864)"
726815,Mountain Home AFB,ID,Idaho,USA,TMY3,"Mountain Home AFB, ID (WMO 726815)"
727836,Mullan AWRS,ID,Idaho,USA,TMYx,"Mullan AWRS, ID (WMO 727836)"
726817,Mullan Pass,ID,Idaho,USA,TMYx,"Mullan Pass, ID (WMO 726817)"
725800,Murphy-NorthWest Watershed Research Center-Reynolds Creek Site,ID,Idaho,USA,TMYx,"Murphy-NorthWest Watershed Research Center-Reynolds Creek Site, ID (WMO 725800)"
720734,Nampa Muni AP,ID,Idaho,USA,TMYx,"Nampa Muni AP, ID (WMO 720734)"
725780,Pocatello Rgnl AP,ID,Idaho,USA,TMY3,"Pocatello Rgnl AP, ID (WMO 725780)"
726818,Rexburg-Madison County AP,ID,Idaho,USA,TMYx,"Rexburg-Madison County AP, ID (WMO 726818)"
726865,Salmon-Lemhi County AP,ID,Idaho,USA,TMY3,"Salmon-Lemhi County AP, ID (WMO 726865)"
720322,Sandpoint AP,ID,Idaho,USA,TMYx,"Sandpoint AP, ID (WMO 720322)"
725868,Soda Springs-Tigert AP,ID,Idaho,USA,TMY3,"Soda Springs-Tigert AP, ID (WMO 725868)"
724503,Spencer,ID,Idaho,USA,TMYx,"Spencer, ID (WMO 724503)"
726824,Stanley Ranger Station,ID,Idaho,USA,TMYx,"Stanley Ranger Station, ID (WMO 726824)"
725787,Strevell-Ghost Town,ID,Idaho,USA,TMYx,"Strevell-Ghost Town, ID (WMO 725787)"
725866,Twin Falls-Magic Valley Rgnl AP-Joslin Field,ID,Idaho,USA,TMY3,"Twin Falls-Magic Valley Rgnl AP-Joslin Field, ID (WMO 725866)"
724395,Alton-St Louis Rgnl AP,IL,Illinois,USA,TMYx,"Alton-St Louis Rgnl AP, IL (WMO 724395)"
744655,Aurora Muni AP,IL,Illinois,USA,TMY3,"Aurora Muni AP, IL (WMO 744655)"
724338,Belleville-Scott AFB,IL,Illinois,USA,TMY3,"Belleville-Scott AFB, IL (WMO 724338)"
724397,Bloomington Normal-Central Illinois Rgnl AP,IL,Illinois,USA,TMY3,"Bloomington Normal-Central Illinois Rgnl AP, IL (WMO 724397)"
724360,Bondville SURFRAD,IL,Illinois,USA,TMYx,"Bondville SURFRAD, IL (WMO 724360)"
722417,CGS Wilmette,IL,Illinois,USA,TMYx,"CGS Wilmette, IL (WMO 722417)"
725314,Cahokia-St Louis Downtown AP,IL,Illinois,USA,TMY3,"Cahokia-St Louis Downtown AP, IL (WMO 725314)"
724975,Cairo Rgnl AP,IL,Illinois,USA,TMYx,"Cairo Rgnl AP, IL (WMO 724975)"
724336,Carbondale-Southern Illinois AP,IL,Illinois,USA,TMY3,"Carbondale-Southern Illinois AP, IL (WMO 724336)"
722074,Carmi Muni AP,IL,Illinois,USA,TMYx,"Carmi Muni AP, IL (WMO 722074)"
744657,Centralia Muni AP,IL,Illinois,USA,TMYx,"Centralia Muni AP, IL (WMO 744657)"
744665,Chicago Exec AP,IL,Illinois,USA,TMYx,"Chicago Exec AP, IL (WMO 744665)"
725340,Chicago Midway Intl AP,IL,Illinois,USA,TMY3,"Chicago Midway Intl AP, IL (WMO 725340)"
725300,Chicago OHare Intl AP,IL,Illinois,USA,TMY3,"Chicago OHare Intl AP, IL (WMO 725300)"
725344,Chicago-CGS Calumet,IL,Illinois,USA,TMYx,"Chicago-CGS Calumet, IL (WMO 725344)"
997338,Chicago-Harrison-Dever Crib Lighthouse,IL,Illinois,USA,TMYx,"Chicago-Harrison-Dever Crib Lighthouse, IL (WMO 997338)"
725346,Chicago-Meigs Field-Northerly Island,IL,Illinois,USA,TMYx,"Chicago-Meigs Field-Northerly Island, IL (WMO 725346)"
722076,Danville-Vermilion County AP,IL,Illinois,USA,TMYx,"Danville-Vermilion County AP, IL (WMO 722076)"
722075,DeKalb Taylor Muni AP,IL,Illinois,USA,TMYx,"DeKalb Taylor Muni AP, IL (WMO 722075)"
725316,Decatur AP,IL,Illinois,USA,TMY3,"Decatur AP, IL (WMO 725316)"
725305,Du Page AP,IL,Illinois,USA,TMY3,"Du Page AP, IL (WMO 725305)"
744661,Effingham County Meml AP,IL,Illinois,USA,TMYx,"Effingham County Meml AP, IL (WMO 744661)"
744656,Fairfield Muni AP,IL,Illinois,USA,TMYx,"Fairfield Muni AP, IL (WMO 744656)"
744658,Flora Muni AP,IL,Illinois,USA,TMYx,"Flora Muni AP, IL (WMO 744658)"
722082,Freeport-Albertus AP,IL,Illinois,USA,TMYx,"Freeport-Albertus AP, IL (WMO 722082)"
722089,Galesburg Muni AP,IL,Illinois,USA,TMYx,"Galesburg Muni AP, IL (WMO 722089)"
722127,Greater Kankakee AP,IL,Illinois,USA,TMYx,"Greater Kankakee AP, IL (WMO 722127)"
744652,Harrisburg-Raleigh AP,IL,Illinois,USA,TMYx,"Harrisburg-Raleigh AP, IL (WMO 744652)"
744666,Jacksonville Muni AP,IL,Illinois,USA,TMYx,"Jacksonville Muni AP, IL (WMO 744666)"
725345,Joliet Rgnl AP,IL,Illinois,USA,TMYx,"Joliet Rgnl AP, IL (WMO 725345)"
720141,Lacon-Marshall County AP,IL,Illinois,USA,TMYx,"Lacon-Marshall County AP, IL (WMO 720141)"
722126,Lansing Muni AP,IL,Illinois,USA,TMYx,"Lansing Muni AP, IL (WMO 722126)"
725342,Lawrenceville Vincennes Intl AP,IL,Illinois,USA,TMYx,"Lawrenceville Vincennes Intl AP, IL (WMO 725342)"
744672,Lincoln-Logan County AP,IL,Illinois,USA,TMYx,"Lincoln-Logan County AP, IL (WMO 744672)"
722972,Litchfield Muni AP,IL,Illinois,USA,TMYx,"Litchfield Muni AP, IL (WMO 722972)"
722157,Macomb Muni AP,IL,Illinois,USA,TMYx,"Macomb Muni AP, IL (WMO 722157)"
724339,Marion-Williamson County Rgnl AP,IL,Illinois,USA,TMY3,"Marion-Williamson County Rgnl AP, IL (WMO 724339)"
744600,Marseilles,IL,Illinois,USA,TMYx,"Marseilles, IL (WMO 744600)"
725317,Mattoon-Coles County Meml AP,IL,Illinois,USA,TMYx,"Mattoon-Coles County Meml AP, IL (WMO 725317)"
720170,Metropolis Muni AP,IL,Illinois,USA,TMYx,"Metropolis Muni AP, IL (WMO 720170)"
725440,Moline-Quad City Intl AP,IL,Illinois,USA,TMY3,"Moline-Quad City Intl AP, IL (WMO 725440)"
720137,Morris Muni AP-Washburn Field,IL,Illinois,USA,TMYx,"Morris Muni AP-Washburn Field, IL (WMO 720137)"
720330,Mount Carmel Muni AP,IL,Illinois,USA,TMYx,"Mount Carmel Muni AP, IL (WMO 720330)"
724335,Mount Vernon Outland AP,IL,Illinois,USA,TMY3,"Mount Vernon Outland AP, IL (WMO 724335)"
725306,NAS Glenview,IL,Illinois,USA,TMYx,"NAS Glenview, IL (WMO 725306)"
724970,Northern Illinois Agronomy Research Center,IL,Illinois,USA,TMYx,"Northern Illinois Agronomy Research Center, IL (WMO 724970)"
744659,Olney-Noble AP,IL,Illinois,USA,TMYx,"Olney-Noble AP, IL (WMO 744659)"
722172,Paris-Edgar County AP,IL,Illinois,USA,TMYx,"Paris-Edgar County AP, IL (WMO 722172)"
725320,Peoria-Downing Peoria Intl AP,IL,Illinois,USA,TMY3,"Peoria-Downing Peoria Intl AP, IL (WMO 725320)"
722149,Peru-Illinois Valley Rgnl AP-Duncan Field,IL,Illinois,USA,TMYx,"Peru-Illinois Valley Rgnl AP-Duncan Field, IL (WMO 722149)"
744663,Pittsfield-Penston Muni AP,IL,Illinois,USA,TMYx,"Pittsfield-Penston Muni AP, IL (WMO 744663)"
722171,Pontiac Muni AP,IL,Illinois,USA,TMYx,"Pontiac Muni AP, IL (WMO 722171)"
724430,Quincy Rgnl AP-Baldwin Field,IL,Illinois,USA,TMY3,"Quincy Rgnl AP-Baldwin Field, IL (WMO 724430)"
722194,Rantoul Natl Aviation Center,IL,Illinois,USA,TMYx,"Rantoul Natl Aviation Center, IL (WMO 722194)"
720319,Robinson Muni AP,IL,Illinois,USA,TMYx,"Robinson Muni AP, IL (WMO 720319)"
722182,Rochelle Muni AP-Koritz Field,IL,Illinois,USA,TMYx,"Rochelle Muni AP-Koritz Field, IL (WMO 722182)"
725430,Rockford-Chicago Rockford Intl AP,IL,Illinois,USA,TMY3,"Rockford-Chicago Rockford Intl AP, IL (WMO 725430)"
725348,Romeoville-Chicago WFO,IL,Illinois,USA,TMYx,"Romeoville-Chicago WFO, IL (WMO 725348)"
724330,Salem-Leckrone AP,IL,Illinois,USA,TMYx,"Salem-Leckrone AP, IL (WMO 724330)"
744653,Sparta-Hunter Field AP,IL,Illinois,USA,TMYx,"Sparta-Hunter Field AP, IL (WMO 744653)"
724390,Springfield-Lincoln Capital AP,IL,Illinois,USA,TMY3,"Springfield-Lincoln Capital AP, IL (WMO 724390)"
725326,Sterling-Rock Falls Whiteside County AP-Bittorf Field,IL,Illinois,USA,TMY3,"Sterling-Rock Falls Whiteside County AP-Bittorf Field, IL (WMO 725326)"
744662,Taylorville Muni AP,IL,Illinois,USA,TMYx,"Taylorville Muni AP, IL (WMO 744662)"
722204,Thomson-Savanna-Tri Township AP,IL,Illinois,USA,TMYx,"Thomson-Savanna-Tri Township AP, IL (WMO 722204)"
725315,Urbana-Champaign-Univ Illinois Willard AP-Bondville SURFRAD,IL,Illinois,USA,TMY3,"Urbana-Champaign-Univ Illinois Willard AP-Bondville SURFRAD, IL (WMO 725315)"
997735,Waukegan Harbor Lighthouse,IL,Illinois,USA,TMYx,"Waukegan Harbor Lighthouse, IL (WMO 997735)"
725347,Waukegan Rgnl AP,IL,Illinois,USA,TMY3,"Waukegan Rgnl AP, IL (WMO 725347)"
724385,Anderson Muni AP-Darlington Field,IN,Indiana,USA,TMYx,"Anderson Muni AP-Darlington Field, IN (WMO 724385)"
720543,Auburn-De Kalb County AP,IN,Indiana,USA,TMYx,"Auburn-De Kalb County AP, IN (WMO 720543)"
724310,Bedford-FPAC Feldun Purdue Agriculture Center,IN,Indiana,USA,TMYx,"Bedford-FPAC Feldun Purdue Agriculture Center, IN (WMO 724310)"
724375,Bloomington-Monroe County AP,IN,Indiana,USA,TMY3,"Bloomington-Monroe County AP, IN (WMO 724375)"
997787,Burns Harbor,IN,Indiana,USA,TMYx,"Burns Harbor, IN (WMO 997787)"
724363,Columbus Muni AP,IN,Indiana,USA,TMYx,"Columbus Muni AP, IN (WMO 724363)"
720903,Daviess County AP,IN,Indiana,USA,TMYx,"Daviess County AP, IN (WMO 720903)"
725354,Elkhart Muni AP,IN,Indiana,USA,TMYx,"Elkhart Muni AP, IN (WMO 725354)"
724320,Evansville Rgnl AP,IN,Indiana,USA,TMY3,"Evansville Rgnl AP, IN (WMO 724320)"
725330,Fort Wayne Intl AP,IN,Indiana,USA,TMY3,"Fort Wayne Intl AP, IN (WMO 725330)"
725337,Gary-Chicago Intl AP,IN,Indiana,USA,TMYx,"Gary-Chicago Intl AP, IN (WMO 725337)"
724388,Goshen Muni AP,IN,Indiana,USA,TMYx,"Goshen Muni AP, IN (WMO 724388)"
720815,Greencastle-Putnam County AP,IN,Indiana,USA,TMYx,"Greencastle-Putnam County AP, IN (WMO 720815)"
725335,Grissom ARB,IN,Indiana,USA,TMY3,"Grissom ARB, IN (WMO 725335)"
724365,Huntingburg Muni AP,IN,Indiana,USA,TMY3,"Huntingburg Muni AP, IN (WMO 724365)"
720575,Indianapolis Exec AP,IN,Indiana,USA,TMYx,"Indianapolis Exec AP, IN (WMO 720575)"
724380,Indianapolis Intl AP,IN,Indiana,USA,TMY3,"Indianapolis Intl AP, IN (WMO 724380)"
724384,Indianapolis-Eagle Creek AP,IN,Indiana,USA,TMYx,"Indianapolis-Eagle Creek AP, IN (WMO 724384)"
720593,Knox-Starke County AP,IN,Indiana,USA,TMYx,"Knox-Starke County AP, IN (WMO 720593)"
724387,Kokomo Muni AP,IN,Indiana,USA,TMYx,"Kokomo Muni AP, IN (WMO 724387)"
721029,La Porte Muni AP,IN,Indiana,USA,TMYx,"La Porte Muni AP, IN (WMO 721029)"
724386,Lafayette-Purdue Univ AP,IN,Indiana,USA,TMY3,"Lafayette-Purdue Univ AP, IN (WMO 724386)"
720961,Logansport-Cass County AP,IN,Indiana,USA,TMYx,"Logansport-Cass County AP, IN (WMO 720961)"
744680,Madison AAF,IN,Indiana,USA,TMYx,"Madison AAF, IN (WMO 744680)"
744214,Marion Muni AP,IN,Indiana,USA,TMYx,"Marion Muni AP, IN (WMO 744214)"
997339,Michigan City Entrance Lighthouse,IN,Indiana,USA,TMYx,"Michigan City Entrance Lighthouse, IN (WMO 997339)"
726358,Michigan City Muni AP-Phillips Field,IN,Indiana,USA,TMYx,"Michigan City Muni AP-Phillips Field, IN (WMO 726358)"
725336,Muncie-Delaware County Rgnl AP,IN,Indiana,USA,TMY3,"Muncie-Delaware County Rgnl AP, IN (WMO 725336)"
744660,Rensselaer-Jasper County AP,IN,Indiana,USA,TMYx,"Rensselaer-Jasper County AP, IN (WMO 744660)"
720736,Rochester-Fulton County AP,IN,Indiana,USA,TMYx,"Rochester-Fulton County AP, IN (WMO 720736)"
724356,Shelbyville Muni AP,IN,Indiana,USA,TMYx,"Shelbyville Muni AP, IN (WMO 724356)"
725350,South Bend Intl AP,IN,Indiana,USA,TMY3,"South Bend Intl AP, IN (WMO 725350)"
724373,Terre Haute Intl AP-Hulman Field ANGB,IN,Indiana,USA,TMY3,"Terre Haute Intl AP-Hulman Field ANGB, IN (WMO 724373)"
725327,Valparaiso-Porter County Rgnl AP,IN,Indiana,USA,TMYx,"Valparaiso-Porter County Rgnl AP, IN (WMO 725327)"
720266,Warsaw Muni AP,IN,Indiana,USA,TMYx,"Warsaw Muni AP, IN (WMO 720266)"
720436,Atkinson Muni AP,KS,Kansas,USA,TMYx,"Atkinson Muni AP, KS (WMO 720436)"
724507,Chanute Johnson AP,KS,Kansas,USA,TMY3,"Chanute Johnson AP, KS (WMO 724507)"
724519,Coffeyville Muni AP,KS,Kansas,USA,TMYx,"Coffeyville Muni AP, KS (WMO 724519)"
720422,Colby Muni AP-Shaltz Field,KS,Kansas,USA,TMYx,"Colby Muni AP-Shaltz Field, KS (WMO 720422)"
724580,Concordia-Blosser Muni AP,KS,Kansas,USA,TMY3,"Concordia-Blosser Muni AP, KS (WMO 724580)"
724510,Dodge City Rgnl AP,KS,Kansas,USA,TMY3,"Dodge City Rgnl AP, KS (WMO 724510)"
724600,Elkhart-Morton County AP,KS,Kansas,USA,TMYx,"Elkhart-Morton County AP, KS (WMO 724600)"
724556,Emporia Muni AP,KS,Kansas,USA,TMY3,"Emporia Muni AP, KS (WMO 724556)"
724550,Fort Riley-Marshall AAF,KS,Kansas,USA,TMY3,"Fort Riley-Marshall AAF, KS (WMO 724550)"
724567,Ft Leavenworth-Sherman AAF,KS,Kansas,USA,TMYx,"Ft Leavenworth-Sherman AAF, KS (WMO 724567)"
724515,Garden City Rgnl AP,KS,Kansas,USA,TMY3,"Garden City Rgnl AP, KS (WMO 724515)"
724650,Goodland Muni AP-Renner Field,KS,Kansas,USA,TMY3,"Goodland Muni AP-Renner Field, KS (WMO 724650)"
724517,Great Bend Muni AP,KS,Kansas,USA,TMY3,"Great Bend Muni AP, KS (WMO 724517)"
724518,Hays Rgnl AP,KS,Kansas,USA,TMY3,"Hays Rgnl AP, KS (WMO 724518)"
724655,Hill City Muni AP,KS,Kansas,USA,TMY3,"Hill City Muni AP, KS (WMO 724655)"
720425,Hugoton Muni AP,KS,Kansas,USA,TMYx,"Hugoton Muni AP, KS (WMO 720425)"
724506,Hutchinson Muni AP,KS,Kansas,USA,TMY3,"Hutchinson Muni AP, KS (WMO 724506)"
720426,Independence Muni AP,KS,Kansas,USA,TMYx,"Independence Muni AP, KS (WMO 720426)"
724508,Lawrence Muni AP,KS,Kansas,USA,TMYx,"Lawrence Muni AP, KS (WMO 724508)"
724516,Liberal Mid-America Rgnl AP,KS,Kansas,USA,TMY3,"Liberal Mid-America Rgnl AP, KS (WMO 724516)"
724555,Manhattan Rgnl AP,KS,Kansas,USA,TMY3,"Manhattan Rgnl AP, KS (WMO 724555)"
724540,Manhattan-Konza Prairie Biological Station,KS,Kansas,USA,TMYx,"Manhattan-Konza Prairie Biological Station, KS (WMO 724540)"
724520,Medicine Lodge-Barber State Fishing Lake and Wildlife Area,KS,Kansas,USA,TMYx,"Medicine Lodge-Barber State Fishing Lake and Wildlife Area, KS (WMO 724520)"
722819,Multi Purpose Range,KS,Kansas,USA,TMYx,"Multi Purpose Range, KS (WMO 722819)"
724509,Newton City-County AP,KS,Kansas,USA,TMY3,"Newton City-County AP, KS (WMO 724509)"
724570,Oakley 19 SSW,KS,Kansas,USA,TMYx,"Oakley 19 SSW, KS (WMO 724570)"
724468,Olathe-Johnson County Exec AP,KS,Kansas,USA,TMY3,"Olathe-Johnson County Exec AP, KS (WMO 724468)"
724475,Olathe-New Century AirCenter,KS,Kansas,USA,TMY3,"Olathe-New Century AirCenter, KS (WMO 724475)"
745431,Parsons Tri-City AP,KS,Kansas,USA,TMYx,"Parsons Tri-City AP, KS (WMO 745431)"
745430,Pratt Rgnl AP,KS,Kansas,USA,TMYx,"Pratt Rgnl AP, KS (WMO 745430)"
724585,Russell Muni AP,KS,Kansas,USA,TMY3,"Russell Muni AP, KS (WMO 724585)"
724586,Salina Rgnl AP,KS,Kansas,USA,TMY3,"Salina Rgnl AP, KS (WMO 724586)"
720437,St Francis-Cheyenne County Muni AP,KS,Kansas,USA,TMYx,"St Francis-Cheyenne County Muni AP, KS (WMO 720437)"
724560,Topeka-Billard Muni AP,KS,Kansas,USA,TMY3,"Topeka-Billard Muni AP, KS (WMO 724560)"
724565,Topeka-Forbes Field ANGB,KS,Kansas,USA,TMY3,"Topeka-Forbes Field ANGB, KS (WMO 724565)"
724500,Wichita Eisenhower Natl AP,KS,Kansas,USA,TMY3,"Wichita Eisenhower Natl AP, KS (WMO 724500)"
724504,Wichita-Jabara AP,KS,Kansas,USA,TMY3,"Wichita-Jabara AP, KS (WMO 724504)"
724505,Wichita-McConnell AFB,KS,Kansas,USA,TMY3,"Wichita-McConnell AFB, KS (WMO 724505)"
724502,Winfield-Strother Field AP,KS,Kansas,USA,TMYx,"Winfield-Strother Field AP, KS (WMO 724502)"
720451,Addington Field AP,KY,Kentucky,USA,TMYx,"Addington Field AP, KY (WMO 720451)"
720449,Ashland Rgnl AP,KY,Kentucky,USA,TMYx,"Ashland Rgnl AP, KY (WMO 720449)"
720458,Big Sandy Rgnl AP,KY,Kentucky,USA,TMYx,"Big Sandy Rgnl AP, KY (WMO 720458)"
724130,Bowling Green-Mammoth Cave Natl Park,KY,Kentucky,USA,TMYx,"Bowling Green-Mammoth Cave Natl Park, KY (WMO 724130)"
746716,Bowling Green-Warren County Rgnl AP,KY,Kentucky,USA,TMY3,"Bowling Green-Warren County Rgnl AP, KY (WMO 746716)"
724210,Cincinnati-Northern Kentucky Intl AP,KY,Kentucky,USA,TMY3,"Cincinnati-Northern Kentucky Intl AP, KY (WMO 724210)"
720448,Danville-Boyle County AP-Powell Field,KY,Kentucky,USA,TMYx,"Danville-Boyle County AP-Powell Field, KY (WMO 720448)"
720452,Fleming-Mason AP,KY,Kentucky,USA,TMYx,"Fleming-Mason AP, KY (WMO 720452)"
746710,Fort Campbell-Campbell AAF,KY,Kentucky,USA,TMY3,"Fort Campbell-Campbell AAF, KY (WMO 746710)"
724240,Fort Knox-Godman AAF,KY,Kentucky,USA,TMY3,"Fort Knox-Godman AAF, KY (WMO 724240)"
724233,Frankfort-Capital City AP,KY,Kentucky,USA,TMYx,"Frankfort-Capital City AP, KY (WMO 724233)"
722322,Glasgow Muni AP,KY,Kentucky,USA,TMYx,"Glasgow Muni AP, KY (WMO 722322)"
724238,Henderson City-County AP,KY,Kentucky,USA,TMY3,"Henderson City-County AP, KY (WMO 724238)"
724190,Jackson-Carroll AP,KY,Kentucky,USA,TMY3,"Jackson-Carroll AP, KY (WMO 724190)"
724220,Lexington-Blue Grass AP,KY,Kentucky,USA,TMY3,"Lexington-Blue Grass AP, KY (WMO 724220)"
724243,London-Corbin AP-Magee Field,KY,Kentucky,USA,TMY3,"London-Corbin AP-Magee Field, KY (WMO 724243)"
724230,Louisville Intl AP,KY,Kentucky,USA,TMY3,"Louisville Intl AP, KY (WMO 724230)"
724235,Louisville-Bowman Field AP,KY,Kentucky,USA,TMY3,"Louisville-Bowman Field AP, KY (WMO 724235)"
720443,Madisonville Muni AP,KY,Kentucky,USA,TMYx,"Madisonville Muni AP, KY (WMO 720443)"
720353,Middlesboro-Bell County AP,KY,Kentucky,USA,TMYx,"Middlesboro-Bell County AP, KY (WMO 720353)"
720379,Monticello-Wayne County AP,KY,Kentucky,USA,TMYx,"Monticello-Wayne County AP, KY (WMO 720379)"
720456,Mount Sterling-Montgomery County AP,KY,Kentucky,USA,TMYx,"Mount Sterling-Montgomery County AP, KY (WMO 720456)"
720447,Murray-Calloway County AP,KY,Kentucky,USA,TMYx,"Murray-Calloway County AP, KY (WMO 720447)"
724237,Owensboro-Daviess County Rgnl AP,KY,Kentucky,USA,TMYx,"Owensboro-Daviess County Rgnl AP, KY (WMO 724237)"
724350,Paducah-Barkley Rgnl AP,KY,Kentucky,USA,TMY3,"Paducah-Barkley Rgnl AP, KY (WMO 724350)"
720464,Pike County AP-Hatcher Field,KY,Kentucky,USA,TMYx,"Pike County AP-Hatcher Field, KY (WMO 720464)"
724131,Pikeville RAMOS,KY,Kentucky,USA,TMYx,"Pikeville RAMOS, KY (WMO 724131)"
720455,Richmond-Central Kentucky Rgnl AP,KY,Kentucky,USA,TMYx,"Richmond-Central Kentucky Rgnl AP, KY (WMO 720455)"
724354,Somerset-Lake Cumberland Rgnl AP,KY,Kentucky,USA,TMY3,"Somerset-Lake Cumberland Rgnl AP, KY (WMO 724354)"
724300,Versailles-Univ Kentucky-Woodford County Site,KY,Kentucky,USA,TMYx,"Versailles-Univ Kentucky-Woodford County Site, KY (WMO 724300)"
720587,Abbeville-Crusta Meml AP,LA,Louisiana,USA,TMYx,"Abbeville-Crusta Meml AP, LA (WMO 720587)"
747540,Alexandria Intl AP,LA,Louisiana,USA,TMY3,"Alexandria Intl AP, LA (WMO 747540)"
722487,Alexandria-Esler Rgnl AP,LA,Louisiana,USA,TMY3,"Alexandria-Esler Rgnl AP, LA (WMO 722487)"
722328,Amelia-Lake Palourde Base Heli,LA,Louisiana,USA,TMYx,"Amelia-Lake Palourde Base Heli, LA (WMO 722328)"
998217,Amerada Pass,LA,Louisiana,USA,TMYx,"Amerada Pass, LA (WMO 998217)"
722820,Anacoco-Peason Ridge Wildlife Management Area,LA,Louisiana,USA,TMYx,"Anacoco-Peason Ridge Wildlife Management Area, LA (WMO 722820)"
722320,Baton Rouge Metro AP,LA,Louisiana,USA,TMY3,"Baton Rouge Metro AP, LA (WMO 722320)"
997360,Bayou Gauche,LA,Louisiana,USA,TMYx,"Bayou Gauche, LA (WMO 997360)"
722334,Beauregard Rgnl AP,LA,Louisiana,USA,TMYx,"Beauregard Rgnl AP, LA (WMO 722334)"
998438,Berwick Shore Base Heli,LA,Louisiana,USA,TMYx,"Berwick Shore Base Heli, LA (WMO 998438)"
720467,Bogalusa-Carr Meml AF,LA,Louisiana,USA,TMYx,"Bogalusa-Carr Meml AF, LA (WMO 720467)"
722336,Boothville,LA,Louisiana,USA,TMYx,"Boothville, LA (WMO 722336)"
722407,CGS Calcasieu,LA,Louisiana,USA,TMYx,"CGS Calcasieu, LA (WMO 722407)"
722325,CGS Southwest Pass,LA,Louisiana,USA,TMYx,"CGS Southwest Pass, LA (WMO 722325)"
722293,Cameron Heli,LA,Louisiana,USA,TMYx,"Cameron Heli, LA (WMO 722293)"
722337,DeQuincy Industrial AF,LA,Louisiana,USA,TMYx,"DeQuincy Industrial AF, LA (WMO 722337)"
722390,Fort Polk-Polk AAF,LA,Louisiana,USA,TMY3,"Fort Polk-Polk AAF, LA (WMO 722390)"
722821,Fullerton Landing Strip,LA,Louisiana,USA,TMYx,"Fullerton Landing Strip, LA (WMO 722821)"
722041,Galliano-South Lafourche-Miller AP,LA,Louisiana,USA,TMYx,"Galliano-South Lafourche-Miller AP, LA (WMO 722041)"
721046,Gonzales-Louisiana Rgnl AP,LA,Louisiana,USA,TMYx,"Gonzales-Louisiana Rgnl AP, LA (WMO 721046)"
722294,Grand Chenier-Little Pecan Island AP,LA,Louisiana,USA,TMYx,"Grand Chenier-Little Pecan Island AP, LA (WMO 722294)"
994977,Grand Isle Seaplane Base,LA,Louisiana,USA,TMYx,"Grand Isle Seaplane Base, LA (WMO 994977)"
722312,Hammond Muni AP,LA,Louisiana,USA,TMYx,"Hammond Muni AP, LA (WMO 722312)"
722406,Houma-Terrebonne AP,LA,Louisiana,USA,TMY3,"Houma-Terrebonne AP, LA (WMO 722406)"
722408,Intracoastal City Heli,LA,Louisiana,USA,TMYx,"Intracoastal City Heli, LA (WMO 722408)"
998282,Kaplan-Exchange Freshwater Bayou Heli,LA,Louisiana,USA,TMYx,"Kaplan-Exchange Freshwater Bayou Heli, LA (WMO 998282)"
722405,Lafayette Rgnl AP,LA,Louisiana,USA,TMY3,"Lafayette Rgnl AP, LA (WMO 722405)"
998264,Lake Charles,LA,Louisiana,USA,TMYx,"Lake Charles, LA (WMO 998264)"
722400,Lake Charles Rgnl AP,LA,Louisiana,USA,TMY3,"Lake Charles Rgnl AP, LA (WMO 722400)"
722404,Lake Charles-Chennault Intl AP,LA,Louisiana,USA,TMY3,"Lake Charles-Chennault Intl AP, LA (WMO 722404)"
722307,Marathon Venice,LA,Louisiana,USA,TMYx,"Marathon Venice, LA (WMO 722307)"
997236,Marsh Island State Wildlife Refuge,LA,Louisiana,USA,TMYx,"Marsh Island State Wildlife Refuge, LA (WMO 997236)"
720739,Minden-Webster AP,LA,Louisiana,USA,TMYx,"Minden-Webster AP, LA (WMO 720739)"
722486,Monroe Rgnl AP,LA,Louisiana,USA,TMY3,"Monroe Rgnl AP, LA (WMO 722486)"
722253,Morehouse Meml AP,LA,Louisiana,USA,TMYx,"Morehouse Meml AP, LA (WMO 722253)"
722319,Natchitoches Rgnl AP,LA,Louisiana,USA,TMYx,"Natchitoches Rgnl AP, LA (WMO 722319)"
998194,New Canal,LA,Louisiana,USA,TMYx,"New Canal, LA (WMO 998194)"
722314,New Iberia-Acadiana Rgnl AP,LA,Louisiana,USA,TMY3,"New Iberia-Acadiana Rgnl AP, LA (WMO 722314)"
722310,New Orleans-Armstrong Intl AP,LA,Louisiana,USA,TMY3,"New Orleans-Armstrong Intl AP, LA (WMO 722310)"
722315,New Orleans-Lakefront AP,LA,Louisiana,USA,TMY3,"New Orleans-Lakefront AP, LA (WMO 722315)"
722316,New Orleans-NAS JRB New Orleans-Callender Field,LA,Louisiana,USA,TMY3,"New Orleans-NAS JRB New Orleans-Callender Field, LA (WMO 722316)"
720967,New Roads-False River Rgnl AP,LA,Louisiana,USA,TMYx,"New Roads-False River Rgnl AP, LA (WMO 720967)"
720346,Oakdale-Allen Parish AP,LA,Louisiana,USA,TMYx,"Oakdale-Allen Parish AP, LA (WMO 720346)"
720468,Opelousas-St Landry Parish AP-Ahart Field,LA,Louisiana,USA,TMYx,"Opelousas-St Landry Parish AP-Ahart Field, LA (WMO 720468)"
722329,Patterson-Williams Meml AP,LA,Louisiana,USA,TMY3,"Patterson-Williams Meml AP, LA (WMO 722329)"
997703,Pilot Station East,LA,Louisiana,USA,TMYx,"Pilot Station East, LA (WMO 997703)"
998486,Pilottown,LA,Louisiana,USA,TMYx,"Pilottown, LA (WMO 998486)"
720957,Port Fourchon Heli,LA,Louisiana,USA,TMYx,"Port Fourchon Heli, LA (WMO 720957)"
722251,Ruston Rgnl AP,LA,Louisiana,USA,TMYx,"Ruston Rgnl AP, LA (WMO 722251)"
722403,Salt Point,LA,Louisiana,USA,TMYx,"Salt Point, LA (WMO 722403)"
998218,Shell Beach,LA,Louisiana,USA,TMYx,"Shell Beach, LA (WMO 998218)"
722484,Shreveport Downtown AP,LA,Louisiana,USA,TMY3,"Shreveport Downtown AP, LA (WMO 722484)"
722480,Shreveport Rgnl AP,LA,Louisiana,USA,TMY3,"Shreveport Rgnl AP, LA (WMO 722480)"
722485,Shreveport-Bossier City-Barksdale AFB,LA,Louisiana,USA,TMY3,"Shreveport-Bossier City-Barksdale AFB, LA (WMO 722485)"
722330,Slidell Muni AP-New Orleans WFO,LA,Louisiana,USA,TMYx,"Slidell Muni AP-New Orleans WFO, LA (WMO 722330)"
994010,Southwest Pass Lighthouse,LA,Louisiana,USA,TMYx,"Southwest Pass Lighthouse, LA (WMO 994010)"
722248,Sulphur-Southland Field AP,LA,Louisiana,USA,TMYx,"Sulphur-Southland Field AP, LA (WMO 722248)"
747600,Univ Louisiana,LA,Louisiana,USA,TMYx,"Univ Louisiana, LA (WMO 747600)"
747610,Upper Ouachita Natl Wildlife Refuge,LA,Louisiana,USA,TMYx,"Upper Ouachita Natl Wildlife Refuge, LA (WMO 747610)"
722488,Vicksburg-Tallulah Rgnl AP,LA,Louisiana,USA,TMYx,"Vicksburg-Tallulah Rgnl AP, LA (WMO 722488)"
725067,Barnstable Muni AP-Boardman Polando Field,MA,Massachusetts,USA,TMYx,"Barnstable Muni AP-Boardman Polando Field, MA (WMO 725067)"
744900,Bedford-Hanscom Field AP,MA,Massachusetts,USA,TMYx,"Bedford-Hanscom Field AP, MA (WMO 744900)"
725088,Beverly Muni AP,MA,Massachusetts,USA,TMY3,"Beverly Muni AP, MA (WMO 725088)"
744907,Blue Hill Obs Science Center,MA,Massachusetts,USA,TMYx,"Blue Hill Obs Science Center, MA (WMO 744907)"
997273,Borden Flats Light Marina,MA,Massachusetts,USA,TMYx,"Borden Flats Light Marina, MA (WMO 997273)"
994971,Boston,MA,Massachusetts,USA,TMYx,"Boston, MA (WMO 994971)"
726054,Boston-Hull CG Lightstation,MA,Massachusetts,USA,TMYx,"Boston-Hull CG Lightstation, MA (WMO 726054)"
725090,Boston-Logan Intl AP,MA,Massachusetts,USA,TMY3,"Boston-Logan Intl AP, MA (WMO 725090)"
994140,Buzzards Bay-Cuttyhunk Island,MA,Massachusetts,USA,TMYx,"Buzzards Bay-Cuttyhunk Island, MA (WMO 994140)"
744940,CGS Chatham,MA,Massachusetts,USA,TMYx,"CGS Chatham, MA (WMO 744940)"
726069,CGS Sandwich,MA,Massachusetts,USA,TMYx,"CGS Sandwich, MA (WMO 726069)"
725069,Chatham Muni AP,MA,Massachusetts,USA,TMYx,"Chatham Muni AP, MA (WMO 725069)"
744910,Chicopee-Westover Metro AP,MA,Massachusetts,USA,TMY3,"Chicopee-Westover Metro AP, MA (WMO 744910)"
997279,Fall River Harbor,MA,Massachusetts,USA,TMYx,"Fall River Harbor, MA (WMO 997279)"
725107,Fitchburg Muni AP,MA,Massachusetts,USA,TMYx,"Fitchburg Muni AP, MA (WMO 725107)"
744905,Ft Devens-Moore AAF,MA,Massachusetts,USA,TMYx,"Ft Devens-Moore AAF, MA (WMO 744905)"
725099,Gloucester-Eastern Point Lighthouse,MA,Massachusetts,USA,TMYx,"Gloucester-Eastern Point Lighthouse, MA (WMO 725099)"
744904,Lawrence Muni AP,MA,Massachusetts,USA,TMY3,"Lawrence Muni AP, MA (WMO 744904)"
722256,Marshfield Muni AP-Harlow Field,MA,Massachusetts,USA,TMYx,"Marshfield Muni AP-Harlow Field, MA (WMO 722256)"
725066,Marthas Vineyard AP,MA,Massachusetts,USA,TMY3,"Marthas Vineyard AP, MA (WMO 725066)"
725097,NAS South Weymouth,MA,Massachusetts,USA,TMYx,"NAS South Weymouth, MA (WMO 725097)"
994046,Nantucket Island,MA,Massachusetts,USA,TMYx,"Nantucket Island, MA (WMO 994046)"
725063,Nantucket Meml AP,MA,Massachusetts,USA,TMY3,"Nantucket Meml AP, MA (WMO 725063)"
725065,New Bedford Rgnl AP,MA,Massachusetts,USA,TMY3,"New Bedford Rgnl AP, MA (WMO 725065)"
725075,North Adams-Harriman-West AP,MA,Massachusetts,USA,TMY3,"North Adams-Harriman-West AP, MA (WMO 725075)"
725098,Norwood Meml AP,MA,Massachusetts,USA,TMY3,"Norwood Meml AP, MA (WMO 725098)"
726067,Old Scituate Lighthouse,MA,Massachusetts,USA,TMYx,"Old Scituate Lighthouse, MA (WMO 726067)"
725085,Orange Muni AP,MA,Massachusetts,USA,TMYx,"Orange Muni AP, MA (WMO 725085)"
725060,Otis ANGB,MA,Massachusetts,USA,TMY3,"Otis ANGB, MA (WMO 725060)"
725061,Otis ANGB AP,MA,Massachusetts,USA,TMYx,"Otis ANGB AP, MA (WMO 725061)"
744104,Pittsfield Muni AP,MA,Massachusetts,USA,TMYx,"Pittsfield Muni AP, MA (WMO 744104)"
725064,Plymouth Muni AP,MA,Massachusetts,USA,TMY3,"Plymouth Muni AP, MA (WMO 725064)"
725073,Provincetown Muni AP,MA,Massachusetts,USA,TMY3,"Provincetown Muni AP, MA (WMO 725073)"
726068,Race Point Lighthouse,MA,Massachusetts,USA,TMYx,"Race Point Lighthouse, MA (WMO 726068)"
725068,Taunton Muni AP,MA,Massachusetts,USA,TMYx,"Taunton Muni AP, MA (WMO 725068)"
998014,Waquiot Bay Reserve,MA,Massachusetts,USA,TMYx,"Waquiot Bay Reserve, MA (WMO 998014)"
744915,Westfield-Barnes Rgnl AP,MA,Massachusetts,USA,TMY3,"Westfield-Barnes Rgnl AP, MA (WMO 744915)"
997274,Woods Hole,MA,Massachusetts,USA,TMYx,"Woods Hole, MA (WMO 997274)"
725100,Worcester Rgnl AP,MA,Massachusetts,USA,TMY3,"Worcester Rgnl AP, MA (WMO 725100)"
711430,Bachelors Island Marine,MB,Manitoba,CAN,TMYx,"Bachelors Island Marine, MB (WMO 711430)"
711405,Beausejour,MB,Manitoba,CAN,TMYx,"Beausejour, MB (WMO 711405)"
711580,Berens River AP CS,MB,Manitoba,CAN,TMYx,"Berens River AP CS, MB (WMO 711580)"
711400,Brandon Muni AP,MB,Manitoba,CAN,TMYx,"Brandon Muni AP, MB (WMO 711400)"
711360,Brandon RCS,MB,Manitoba,CAN,TMYx,"Brandon RCS, MB (WMO 711360)"
711700,Carberry,MB,Manitoba,CAN,TMYx,"Carberry, MB (WMO 711700)"
711470,Carman-Univ of Manitoba Research Farm CS,MB,Manitoba,CAN,TMYx,"Carman-Univ of Manitoba Research Farm CS, MB (WMO 711470)"
716180,Churchill AP,MB,Manitoba,CAN,TMYx,"Churchill AP, MB (WMO 716180)"
716960,Churchill CS,MB,Manitoba,CAN,TMYx,"Churchill CS, MB (WMO 716960)"
712390,Cypress River RCS,MB,Manitoba,CAN,TMYx,"Cypress River RCS, MB (WMO 712390)"
715500,Dauphin CS,MB,Manitoba,CAN,TMYx,"Dauphin CS, MB (WMO 715500)"
710360,Dauphin-Barker AP,MB,Manitoba,CAN,TMYx,"Dauphin-Barker AP, MB (WMO 710360)"
718400,Deerwood RCS,MB,Manitoba,CAN,TMYx,"Deerwood RCS, MB (WMO 718400)"
715630,Delta Marsh,MB,Manitoba,CAN,TMYx,"Delta Marsh, MB (WMO 715630)"
715600,Emerson,MB,Manitoba,CAN,TMYx,"Emerson, MB (WMO 715600)"
714420,Fisher Branch,MB,Manitoba,CAN,TMYx,"Fisher Branch, MB (WMO 714420)"
719540,Flin Flon AP,MB,Manitoba,CAN,TMYx,"Flin Flon AP, MB (WMO 719540)"
714450,George Island,MB,Manitoba,CAN,TMYx,"George Island, MB (WMO 714450)"
719120,Gillam AP,MB,Manitoba,CAN,TMYx,"Gillam AP, MB (WMO 719120)"
715770,Gimli Harbour,MB,Manitoba,CAN,TMYx,"Gimli Harbour, MB (WMO 715770)"
717480,Gimli Industrial Park AP,MB,Manitoba,CAN,TMYx,"Gimli Industrial Park AP, MB (WMO 717480)"
718580,Grand Rapids,MB,Manitoba,CAN,TMYx,"Grand Rapids, MB (WMO 718580)"
715700,Great Falls CS,MB,Manitoba,CAN,TMYx,"Great Falls CS, MB (WMO 715700)"
714410,Gretna,MB,Manitoba,CAN,TMYx,"Gretna, MB (WMO 714410)"
711450,Island Lake AP,MB,Manitoba,CAN,TMYx,"Island Lake AP, MB (WMO 711450)"
715720,Kelsey Dam AP CS,MB,Manitoba,CAN,TMYx,"Kelsey Dam AP CS, MB (WMO 715720)"
710780,Lynn Lake AP,MB,Manitoba,CAN,TMYx,"Lynn Lake AP, MB (WMO 710780)"
716320,Lynn Lake RCS,MB,Manitoba,CAN,TMYx,"Lynn Lake RCS, MB (WMO 716320)"
711490,McCreary,MB,Manitoba,CAN,TMYx,"McCreary, MB (WMO 711490)"
714470,Melita,MB,Manitoba,CAN,TMYx,"Melita, MB (WMO 714470)"
715640,Morden CDA CS,MB,Manitoba,CAN,TMYx,"Morden CDA CS, MB (WMO 715640)"
714100,Norway House AP,MB,Manitoba,CAN,TMYx,"Norway House AP, MB (WMO 714100)"
711440,Oak Point Marine,MB,Manitoba,CAN,TMYx,"Oak Point Marine, MB (WMO 711440)"
711480,Pilot Mound,MB,Manitoba,CAN,TMYx,"Pilot Mound, MB (WMO 711480)"
714480,Pinawa,MB,Manitoba,CAN,TMYx,"Pinawa, MB (WMO 714480)"
718510,Portage-Southport AP,MB,Manitoba,CAN,TMYx,"Portage-Southport AP, MB (WMO 718510)"
715530,Roblin,MB,Manitoba,CAN,TMYx,"Roblin, MB (WMO 715530)"
718530,Shilo Heli-Flewin Field,MB,Manitoba,CAN,TMYx,"Shilo Heli-Flewin Field, MB (WMO 718530)"
711500,Shoal Lake AP,MB,Manitoba,CAN,TMYx,"Shoal Lake AP, MB (WMO 711500)"
714490,Sprague,MB,Manitoba,CAN,TMYx,"Sprague, MB (WMO 714490)"
714430,Swan River AP RCS,MB,Manitoba,CAN,TMYx,"Swan River AP RCS, MB (WMO 714430)"
712720,Tadoule Lake AP,MB,Manitoba,CAN,TMYx,"Tadoule Lake AP, MB (WMO 712720)"
713340,Tadoule Lake CS,MB,Manitoba,CAN,TMYx,"Tadoule Lake CS, MB (WMO 713340)"
718670,The Pas AP,MB,Manitoba,CAN,TMYx,"The Pas AP, MB (WMO 718670)"
716950,The Pas CS,MB,Manitoba,CAN,TMYx,"The Pas CS, MB (WMO 716950)"
710790,Thompson AP,MB,Manitoba,CAN,TMYx,"Thompson AP, MB (WMO 710790)"
715520,Victoria Beach,MB,Manitoba,CAN,TMYx,"Victoria Beach, MB (WMO 715520)"
718571,Wabowden,MB,Manitoba,CAN,TMYx,"Wabowden, MB (WMO 718571)"
714440,Wasagaming,MB,Manitoba,CAN,TMYx,"Wasagaming, MB (WMO 714440)"
718601,Wheatland-Rivers AP,MB,Manitoba,CAN,TMYx,"Wheatland-Rivers AP, MB (WMO 718601)"
715790,Winnipeg The Forks,MB,Manitoba,CAN,TMYx,"Winnipeg The Forks, MB (WMO 715790)"
718520,Winnipeg-Richardson Intl AP,MB,Manitoba,CAN,TMYx,"Winnipeg-Richardson Intl AP, MB (WMO 718520)"
724057,Aberdeen Proving Ground-Phillips AAF,MD,Maryland,USA,TMYx,"Aberdeen Proving Ground-Phillips AAF, MD (WMO 724057)"
725293,Accident-Garrett County AP,MD,Maryland,USA,TMYx,"Accident-Garrett County AP, MD (WMO 725293)"
722158,Annapolis-US Naval Academy,MD,Maryland,USA,TMYx,"Annapolis-US Naval Academy, MD (WMO 722158)"
745944,Baltimore Downtown,MD,Maryland,USA,TMYx,"Baltimore Downtown, MD (WMO 745944)"
997296,Baltimore Harbor,MD,Maryland,USA,TMYx,"Baltimore Harbor, MD (WMO 997296)"
724060,Baltimore-Washington Intl Marshall AP,MD,Maryland,USA,TMY3,"Baltimore-Washington Intl Marshall AP, MD (WMO 724060)"
997688,Bishops Head Point,MD,Maryland,USA,TMYx,"Bishops Head Point, MD (WMO 997688)"
745945,CGS Annapolis-Thomas Point,MD,Maryland,USA,TMYx,"CGS Annapolis-Thomas Point, MD (WMO 745945)"
724069,CGS Stillpond,MD,Maryland,USA,TMYx,"CGS Stillpond, MD (WMO 724069)"
997297,Cambridge Harbor,MD,Maryland,USA,TMYx,"Cambridge Harbor, MD (WMO 997297)"
722218,Cambridge-Dorchester Rgnl AP,MD,Maryland,USA,TMYx,"Cambridge-Dorchester Rgnl AP, MD (WMO 722218)"
722823,Camp David,MD,Maryland,USA,TMYx,"Camp David, MD (WMO 722823)"
745940,Camp Springs-JB Andrews,MD,Maryland,USA,TMY3,"Camp Springs-JB Andrews, MD (WMO 745940)"
997300,Cheasapeake City,MD,Maryland,USA,TMYx,"Cheasapeake City, MD (WMO 997300)"
722244,College Park AP,MD,Maryland,USA,TMYx,"College Park AP, MD (WMO 722244)"
997781,Cove Point Lng Pier,MD,Maryland,USA,TMYx,"Cove Point Lng Pier, MD (WMO 997781)"
724043,Easton-Newman Field AP,MD,Maryland,USA,TMYx,"Easton-Newman Field AP, MD (WMO 724043)"
997302,Francis Scott Key Bridge,MD,Maryland,USA,TMYx,"Francis Scott Key Bridge, MD (WMO 997302)"
722081,Frederick Muni AP,MD,Maryland,USA,TMYx,"Frederick Muni AP, MD (WMO 722081)"
749070,Frederick-Ft Detrick,MD,Maryland,USA,TMYx,"Frederick-Ft Detrick, MD (WMO 749070)"
724065,Ft Meade-Tipton AP,MD,Maryland,USA,TMYx,"Ft Meade-Tipton AP, MD (WMO 724065)"
720334,Gaithersburg-Montgomery County AP,MD,Maryland,USA,TMYx,"Gaithersburg-Montgomery County AP, MD (WMO 720334)"
724066,Hagerstown Rgnl AP-Henson Field,MD,Maryland,USA,TMY3,"Hagerstown Rgnl AP-Henson Field, MD (WMO 724066)"
749827,JB Anacostia-Bolling,MD,Maryland,USA,TMYx,"JB Anacostia-Bolling, MD (WMO 749827)"
997994,Jug Bay,MD,Maryland,USA,TMYx,"Jug Bay, MD (WMO 997994)"
724067,Middle River-Martin State AP,MD,Maryland,USA,TMYx,"Middle River-Martin State AP, MD (WMO 724067)"
724040,NAS Patuxent River,MD,Maryland,USA,TMY3,"NAS Patuxent River, MD (WMO 724040)"
725514,NOLF Webster,MD,Maryland,USA,TMYx,"NOLF Webster, MD (WMO 725514)"
745950,Ocean City,MD,Maryland,USA,TMYx,"Ocean City, MD (WMO 745950)"
745946,Ocean City Muni AP,MD,Maryland,USA,TMYx,"Ocean City Muni AP, MD (WMO 745946)"
723980,Salisbury-Ocean City-Wicomico Rgnl AP,MD,Maryland,USA,TMY3,"Salisbury-Ocean City-Wicomico Rgnl AP, MD (WMO 723980)"
997309,Solomons Island,MD,Maryland,USA,TMYx,"Solomons Island, MD (WMO 997309)"
720384,Stevensville-Bay Bridge AP,MD,Maryland,USA,TMYx,"Stevensville-Bay Bridge AP, MD (WMO 720384)"
997312,Tolchester Beach,MD,Maryland,USA,TMYx,"Tolchester Beach, MD (WMO 997312)"
720699,Westminster-Carroll County Rgnl AP-Poage Field,MD,Maryland,USA,TMYx,"Westminster-Carroll County Rgnl AP-Poage Field, MD (WMO 720699)"
726184,Auburn-Lewiston Muni AP,ME,Maine,USA,TMY3,"Auburn-Lewiston Muni AP, ME (WMO 726184)"
726185,Augusta State AP,ME,Maine,USA,TMY3,"Augusta State AP, ME (WMO 726185)"
726070,Bangor Intl AP,ME,Maine,USA,TMY3,"Bangor Intl AP, ME (WMO 726070)"
998252,Bar Harbor,ME,Maine,USA,TMYx,"Bar Harbor, ME (WMO 998252)"
743920,Brunswick Exec AP-NAS Brunswick,ME,Maine,USA,TMY3,"Brunswick Exec AP-NAS Brunswick, ME (WMO 743920)"
997130,CGS Jonesport,ME,Maine,USA,TMYx,"CGS Jonesport, ME (WMO 997130)"
726187,CGS Rockland,ME,Maine,USA,TMYx,"CGS Rockland, ME (WMO 726187)"
726037,Cape Neddick-Nubble Lighthouse,ME,Maine,USA,TMYx,"Cape Neddick-Nubble Lighthouse, ME (WMO 726037)"
727120,Caribou Muni AP,ME,Maine,USA,TMY3,"Caribou Muni AP, ME (WMO 727120)"
727119,Clayton Lake-Ilco Landing Area Seaplane Base,ME,Maine,USA,TMYx,"Clayton Lake-Ilco Landing Area Seaplane Base, ME (WMO 727119)"
998442,Cutler,ME,Maine,USA,TMYx,"Cutler, ME (WMO 998442)"
726080,Eastport,ME,Maine,USA,TMYx,"Eastport, ME (WMO 726080)"
726083,Frenchville-Northern Aroostook Rgnl AP,ME,Maine,USA,TMY3,"Frenchville-Northern Aroostook Rgnl AP, ME (WMO 726083)"
726183,Fryeburg-Eastern Slopes Rgnl AP,ME,Maine,USA,TMYx,"Fryeburg-Eastern Slopes Rgnl AP, ME (WMO 726183)"
726065,Goat Island Lighthouse,ME,Maine,USA,TMYx,"Goat Island Lighthouse, ME (WMO 726065)"
726186,Great Duck Island Lighthouse,ME,Maine,USA,TMYx,"Great Duck Island Lighthouse, ME (WMO 726186)"
726190,Greenville AMOS-Greenville Seaplane Base,ME,Maine,USA,TMYx,"Greenville AMOS-Greenville Seaplane Base, ME (WMO 726190)"
726077,Hancock County-Bar Harbor AP,ME,Maine,USA,TMY3,"Hancock County-Bar Harbor AP, ME (WMO 726077)"
727033,Houlton Intl AP,ME,Maine,USA,TMY3,"Houlton Intl AP, ME (WMO 727033)"
727125,Loring Intl AP,ME,Maine,USA,TMYx,"Loring Intl AP, ME (WMO 727125)"
994370,Matinicus Rock,ME,Maine,USA,TMYx,"Matinicus Rock, ME (WMO 994370)"
726196,Millinocket Muni AP,ME,Maine,USA,TMY3,"Millinocket Muni AP, ME (WMO 726196)"
743926,Monhegan-Manana Island,ME,Maine,USA,TMYx,"Monhegan-Manana Island, ME (WMO 743926)"
726035,Mt Desert Rock Lighthouse,ME,Maine,USA,TMYx,"Mt Desert Rock Lighthouse, ME (WMO 726035)"
749835,Old Town Muni AP-Dewitt Field,ME,Maine,USA,TMYx,"Old Town Muni AP-Dewitt Field, ME (WMO 749835)"
726157,Owls Head Lighthouse,ME,Maine,USA,TMYx,"Owls Head Lighthouse, ME (WMO 726157)"
997275,Portland,ME,Maine,USA,TMYx,"Portland, ME (WMO 997275)"
726087,Portland Head Lighthouse,ME,Maine,USA,TMYx,"Portland Head Lighthouse, ME (WMO 726087)"
726060,Portland Intl Jetport,ME,Maine,USA,TMY3,"Portland Intl Jetport, ME (WMO 726060)"
727130,Presque Isle-Northern Maine Rgnl AP,ME,Maine,USA,TMY3,"Presque Isle-Northern Maine Rgnl AP, ME (WMO 727130)"
720472,Rangely Muni AP,ME,Maine,USA,TMYx,"Rangely Muni AP, ME (WMO 720472)"
726036,Rockland Breakwater Lighthouse,ME,Maine,USA,TMYx,"Rockland Breakwater Lighthouse, ME (WMO 726036)"
726079,Rockland-Knox County Rgnl AP,ME,Maine,USA,TMY3,"Rockland-Knox County Rgnl AP, ME (WMO 726079)"
726180,Rumford-Zinck AP,ME,Maine,USA,TMYx,"Rumford-Zinck AP, ME (WMO 726180)"
726064,Sanford Seacoast Rgnl AP,ME,Maine,USA,TMY3,"Sanford Seacoast Rgnl AP, ME (WMO 726064)"
743927,Seguin Island Light Station,ME,Maine,USA,TMYx,"Seguin Island Light Station, ME (WMO 743927)"
726189,Southwest Harbor,ME,Maine,USA,TMYx,"Southwest Harbor, ME (WMO 726189)"
727140,Univ Maine Rogers Farm,ME,Maine,USA,TMYx,"Univ Maine Rogers Farm, ME (WMO 727140)"
726073,Waterville Lafleur AP,ME,Maine,USA,TMY3,"Waterville Lafleur AP, ME (WMO 726073)"
997707,Wells,ME,Maine,USA,TMYx,"Wells, ME (WMO 997707)"
726085,West Quoddy Head Lighthouse,ME,Maine,USA,TMYx,"West Quoddy Head Lighthouse, ME (WMO 726085)"
727135,Wiscasset AP,ME,Maine,USA,TMY3,"Wiscasset AP, ME (WMO 727135)"
725404,Adrian-Lenawee County AP,MI,Michigan,USA,TMYx,"Adrian-Lenawee County AP, MI (WMO 725404)"
998492,Algonac,MI,Michigan,USA,TMYx,"Algonac, MI (WMO 998492)"
726390,Alpena County Rgnl AP,MI,Michigan,USA,TMY3,"Alpena County Rgnl AP, MI (WMO 726390)"
997359,Alpena Harbor,MI,Michigan,USA,TMYx,"Alpena Harbor, MI (WMO 997359)"
725374,Ann Arbor Muni AP,MI,Michigan,USA,TMY3,"Ann Arbor Muni AP, MI (WMO 725374)"
725406,Bad Axe-Huron County Meml AP,MI,Michigan,USA,TMYx,"Bad Axe-Huron County Meml AP, MI (WMO 725406)"
725396,Battle Creek-Kellogg AP,MI,Michigan,USA,TMY3,"Battle Creek-Kellogg AP, MI (WMO 725396)"
722186,Beaver Island AP,MI,Michigan,USA,TMYx,"Beaver Island AP, MI (WMO 722186)"
727436,Bellaire-Antrim County AP,MI,Michigan,USA,TMYx,"Bellaire-Antrim County AP, MI (WMO 727436)"
726355,Benton Harbor-Southwest Michigan Rgnl AP,MI,Michigan,USA,TMY3,"Benton Harbor-Southwest Michigan Rgnl AP, MI (WMO 726355)"
997988,Big Bay,MI,Michigan,USA,TMYx,"Big Bay, MI (WMO 997988)"
725416,Big Rapids-Roben Hood AP,MI,Michigan,USA,TMYx,"Big Rapids-Roben Hood AP, MI (WMO 725416)"
997802,Big Sable Point Lighthouse,MI,Michigan,USA,TMYx,"Big Sable Point Lighthouse, MI (WMO 997802)"
726386,CGS Frankfort,MI,Michigan,USA,TMYx,"CGS Frankfort, MI (WMO 726386)"
727376,CGS Grand Marais,MI,Michigan,USA,TMYx,"CGS Grand Marais, MI (WMO 727376)"
726366,CGS Muskegon,MI,Michigan,USA,TMYx,"CGS Muskegon, MI (WMO 726366)"
726376,CGS Port Huron,MI,Michigan,USA,TMYx,"CGS Port Huron, MI (WMO 726376)"
726377,CGS Saginaw River,MI,Michigan,USA,TMYx,"CGS Saginaw River, MI (WMO 726377)"
726356,CGS Saint Joseph,MI,Michigan,USA,TMYx,"CGS Saint Joseph, MI (WMO 726356)"
727346,CGS Sault Ste Marie,MI,Michigan,USA,TMYx,"CGS Sault Ste Marie, MI (WMO 727346)"
726397,CGS Tawas Point,MI,Michigan,USA,TMYx,"CGS Tawas Point, MI (WMO 726397)"
726384,Cadillac-Wexford County AP,MI,Michigan,USA,TMY3,"Cadillac-Wexford County AP, MI (WMO 726384)"
722007,Caro-Tuscola Area AP,MI,Michigan,USA,TMYx,"Caro-Tuscola Area AP, MI (WMO 722007)"
727434,Charlevoix Muni AP,MI,Michigan,USA,TMYx,"Charlevoix Muni AP, MI (WMO 727434)"
720284,Charlotte-Beach AP,MI,Michigan,USA,TMYx,"Charlotte-Beach AP, MI (WMO 720284)"
725380,Chatham,MI,Michigan,USA,TMYx,"Chatham, MI (WMO 725380)"
720321,Cheboygan County AP,MI,Michigan,USA,TMYx,"Cheboygan County AP, MI (WMO 720321)"
725414,Coldwater-Branch County Meml AP,MI,Michigan,USA,TMYx,"Coldwater-Branch County Meml AP, MI (WMO 725414)"
725387,Copper Harbor,MI,Michigan,USA,TMYx,"Copper Harbor, MI (WMO 725387)"
997257,De Tour Village,MI,Michigan,USA,TMYx,"De Tour Village, MI (WMO 997257)"
725370,Detroit Metro Wayne County AP,MI,Michigan,USA,TMY3,"Detroit Metro Wayne County AP, MI (WMO 725370)"
725375,Detroit-Young Intl AP,MI,Michigan,USA,TMY3,"Detroit-Young Intl AP, MI (WMO 725375)"
720375,Drummond Island AP,MI,Michigan,USA,TMYx,"Drummond Island AP, MI (WMO 720375)"
720902,Dupont-Lapeer AP,MI,Michigan,USA,TMYx,"Dupont-Lapeer AP, MI (WMO 720902)"
726480,Escanaba-Delta County AP,MI,Michigan,USA,TMY3,"Escanaba-Delta County AP, MI (WMO 726480)"
997792,Fairport,MI,Michigan,USA,TMYx,"Fairport, MI (WMO 997792)"
726370,Flint-Bishop Intl AP,MI,Michigan,USA,TMY3,"Flint-Bishop Intl AP, MI (WMO 726370)"
720340,Frankfort Dow Meml Field,MI,Michigan,USA,TMYx,"Frankfort Dow Meml Field, MI (WMO 720340)"
720415,Fremont Muni AP,MI,Michigan,USA,TMYx,"Fremont Muni AP, MI (WMO 720415)"
725410,Gaylord 9 SSW,MI,Michigan,USA,TMYx,"Gaylord 9 SSW, MI (WMO 725410)"
726340,Gaylord Rgnl AP,MI,Michigan,USA,TMYx,"Gaylord Rgnl AP, MI (WMO 726340)"
726350,Grand Rapids-Ford Intl AP,MI,Michigan,USA,TMY3,"Grand Rapids-Ford Intl AP, MI (WMO 726350)"
997731,Grand Traverse Lighthouse,MI,Michigan,USA,TMYx,"Grand Traverse Lighthouse, MI (WMO 997731)"
725405,Gratiot Community,MI,Michigan,USA,TMYx,"Gratiot Community, MI (WMO 725405)"
722093,Grayling AAF,MI,Michigan,USA,TMYx,"Grayling AAF, MI (WMO 722093)"
725373,Grosse Ile Muni AP,MI,Michigan,USA,TMYx,"Grosse Ile Muni AP, MI (WMO 725373)"
727440,Hancock-Houghton County Meml AP,MI,Michigan,USA,TMY3,"Hancock-Houghton County Meml AP, MI (WMO 727440)"
722145,Harbor Springs Muni AP,MI,Michigan,USA,TMYx,"Harbor Springs Muni AP, MI (WMO 722145)"
725409,Hillsdale Muni AP,MI,Michigan,USA,TMYx,"Hillsdale Muni AP, MI (WMO 725409)"
998407,Holland,MI,Michigan,USA,TMYx,"Holland, MI (WMO 998407)"
725394,Holland-West Michigan Rgnl AP,MI,Michigan,USA,TMYx,"Holland-West Michigan Rgnl AP, MI (WMO 725394)"
726380,Houghton Lake-Roscommon County AP,MI,Michigan,USA,TMY3,"Houghton Lake-Roscommon County AP, MI (WMO 726380)"
725378,Howell-Livingston County Hardy AP,MI,Michigan,USA,TMY3,"Howell-Livingston County Hardy AP, MI (WMO 725378)"
727437,Iron Mountain-Ford AP,MI,Michigan,USA,TMY3,"Iron Mountain-Ford AP, MI (WMO 727437)"
727445,Ironwood-Gogebic-Iron County AP,MI,Michigan,USA,TMY3,"Ironwood-Gogebic-Iron County AP, MI (WMO 727445)"
725395,Jackson-Jackson County AP-Reynolds Field,MI,Michigan,USA,TMY3,"Jackson-Jackson County AP-Reynolds Field, MI (WMO 725395)"
726357,Kalamazoo-Battle Creek Intl AP,MI,Michigan,USA,TMY3,"Kalamazoo-Battle Creek Intl AP, MI (WMO 726357)"
725383,Kirsch Muni AP,MI,Michigan,USA,TMYx,"Kirsch Muni AP, MI (WMO 725383)"
725390,Lansing Capital Region Intl AP,MI,Michigan,USA,TMY3,"Lansing Capital Region Intl AP, MI (WMO 725390)"
997697,Little Rapids,MI,Michigan,USA,TMYx,"Little Rapids, MI (WMO 997697)"
997261,Ludington Harbor,MI,Michigan,USA,TMYx,"Ludington Harbor, MI (WMO 997261)"
726364,Ludington-Mason County AP,MI,Michigan,USA,TMYx,"Ludington-Mason County AP, MI (WMO 726364)"
727435,Mackinac Island AP,MI,Michigan,USA,TMYx,"Mackinac Island AP, MI (WMO 727435)"
998255,Mackinaw City,MI,Michigan,USA,TMYx,"Mackinaw City, MI (WMO 998255)"
998405,Manistee Harbor,MI,Michigan,USA,TMYx,"Manistee Harbor, MI (WMO 998405)"
726385,Manistee-Manistee County-Blacker AP,MI,Michigan,USA,TMY3,"Manistee-Manistee County-Blacker AP, MI (WMO 726385)"
726399,Manistique,MI,Michigan,USA,TMYx,"Manistique, MI (WMO 726399)"
725408,Manistique-Schoolcraft County AP,MI,Michigan,USA,TMYx,"Manistique-Schoolcraft County AP, MI (WMO 725408)"
727430,Marquette County AP,MI,Michigan,USA,TMYx,"Marquette County AP, MI (WMO 727430)"
997262,Marquette Harbor Lighthouse,MI,Michigan,USA,TMYx,"Marquette Harbor Lighthouse, MI (WMO 997262)"
725415,Marshall-Brooks Field AP,MI,Michigan,USA,TMYx,"Marshall-Brooks Field AP, MI (WMO 725415)"
725417,Mason Jewett AP,MI,Michigan,USA,TMYx,"Mason Jewett AP, MI (WMO 725417)"
997785,Menominee Harbor,MI,Michigan,USA,TMYx,"Menominee Harbor, MI (WMO 997785)"
726487,Menominee-Marinette Twin County AP,MI,Michigan,USA,TMY3,"Menominee-Marinette Twin County AP, MI (WMO 726487)"
720629,Midland-Barstow AP,MI,Michigan,USA,TMYx,"Midland-Barstow AP, MI (WMO 720629)"
725418,Monroe Custer AP,MI,Michigan,USA,TMYx,"Monroe Custer AP, MI (WMO 725418)"
725377,Mount Clemens-Selfridge ANGB,MI,Michigan,USA,TMY3,"Mount Clemens-Selfridge ANGB, MI (WMO 725377)"
725424,Mount Pleasant Muni AP,MI,Michigan,USA,TMYx,"Mount Pleasant Muni AP, MI (WMO 725424)"
720198,Munising Lakeshore,MI,Michigan,USA,TMYx,"Munising Lakeshore, MI (WMO 720198)"
726360,Muskegon-Muskegon County AP,MI,Michigan,USA,TMY3,"Muskegon-Muskegon County AP, MI (WMO 726360)"
997793,Naubinway,MI,Michigan,USA,TMYx,"Naubinway, MI (WMO 997793)"
726394,Newberry-Luce County AP,MI,Michigan,USA,TMYx,"Newberry-Luce County AP, MI (WMO 726394)"
720113,Oakland-Troy AP,MI,Michigan,USA,TMYx,"Oakland-Troy AP, MI (WMO 720113)"
726395,Oscoda-Wurtsmith AP,MI,Michigan,USA,TMY3,"Oscoda-Wurtsmith AP, MI (WMO 726395)"
722346,Owosso Community AP,MI,Michigan,USA,TMYx,"Owosso Community AP, MI (WMO 722346)"
994090,Passage Island Lighthouse,MI,Michigan,USA,TMYx,"Passage Island Lighthouse, MI (WMO 994090)"
727347,Pellston Rgnl AP,MI,Michigan,USA,TMY3,"Pellston Rgnl AP, MI (WMO 727347)"
997265,Point Iroquois Lighthouse,MI,Michigan,USA,TMYx,"Point Iroquois Lighthouse, MI (WMO 997265)"
726375,Pontiac-Oakland County Intl AP,MI,Michigan,USA,TMY3,"Pontiac-Oakland County Intl AP, MI (WMO 726375)"
725386,Port Hope-Lighthouse County Park,MI,Michigan,USA,TMYx,"Port Hope-Lighthouse County Park, MI (WMO 725386)"
998339,Port Huron-Mouth of Black River,MI,Michigan,USA,TMYx,"Port Huron-Mouth of Black River, MI (WMO 998339)"
725384,Port Huron-St Clair County Intl AP,MI,Michigan,USA,TMY3,"Port Huron-St Clair County Intl AP, MI (WMO 725384)"
997982,Port Inland,MI,Michigan,USA,TMYx,"Port Inland, MI (WMO 997982)"
998180,Port Sanilac,MI,Michigan,USA,TMYx,"Port Sanilac, MI (WMO 998180)"
997732,Portage Canal,MI,Michigan,USA,TMYx,"Portage Canal, MI (WMO 997732)"
994130,Rock of Ages Lighthouse,MI,Michigan,USA,TMYx,"Rock of Ages Lighthouse, MI (WMO 994130)"
727417,Rogers City AP,MI,Michigan,USA,TMYx,"Rogers City AP, MI (WMO 727417)"
998242,Saginaw Bay Light 1 GLOS,MI,Michigan,USA,TMYx,"Saginaw Bay Light 1 GLOS, MI (WMO 998242)"
722125,Saginaw County Browne AP,MI,Michigan,USA,TMYx,"Saginaw County Browne AP, MI (WMO 722125)"
726379,Saginaw-MBS Intl AP,MI,Michigan,USA,TMY3,"Saginaw-MBS Intl AP, MI (WMO 726379)"
727340,Sault Ste Marie Muni AP-Sanderson Field,MI,Michigan,USA,TMY3,"Sault Ste Marie Muni AP-Sanderson Field, MI (WMO 727340)"
997268,Sault Ste Marie SW Pier,MI,Michigan,USA,TMYx,"Sault Ste Marie SW Pier, MI (WMO 997268)"
727344,Sault Ste Marie-Chippewa County Intl AP,MI,Michigan,USA,TMY3,"Sault Ste Marie-Chippewa County Intl AP, MI (WMO 727344)"
726284,Sawyer Intl AP,MI,Michigan,USA,TMYx,"Sawyer Intl AP, MI (WMO 726284)"
997343,South Haven,MI,Michigan,USA,TMYx,"South Haven, MI (WMO 997343)"
722343,South Haven Area Rgnl AP,MI,Michigan,USA,TMYx,"South Haven Area Rgnl AP, MI (WMO 722343)"
997996,St Clair Shores,MI,Michigan,USA,TMYx,"St Clair Shores, MI (WMO 997996)"
727348,St Ignace-Straits State Park,MI,Michigan,USA,TMYx,"St Ignace-Straits State Park, MI (WMO 727348)"
998012,St Joseph,MI,Michigan,USA,TMYx,"St Joseph, MI (WMO 998012)"
994200,Stannard Rock Lighthouse,MI,Michigan,USA,TMYx,"Stannard Rock Lighthouse, MI (WMO 994200)"
998176,Superior Grand Traverse Bay,MI,Michigan,USA,TMYx,"Superior Grand Traverse Bay, MI (WMO 998176)"
720371,Three Rivers Muni-Haines AP,MI,Michigan,USA,TMYx,"Three Rivers Muni-Haines AP, MI (WMO 720371)"
997079,Thunder Bay Island,MI,Michigan,USA,TMYx,"Thunder Bay Island, MI (WMO 997079)"
720275,Toledo Suburban AP,MI,Michigan,USA,TMYx,"Toledo Suburban AP, MI (WMO 720275)"
726387,Traverse City-Cherry Capital AP,MI,Michigan,USA,TMY3,"Traverse City-Cherry Capital AP, MI (WMO 726387)"
998203,West Neebish Island,MI,Michigan,USA,TMYx,"West Neebish Island, MI (WMO 998203)"
994066,Whitefish Point Lighthouse,MI,Michigan,USA,TMYx,"Whitefish Point Lighthouse, MI (WMO 994066)"
725376,Ypsilanti-Willow Run AP,MI,Michigan,USA,TMY3,"Ypsilanti-Willow Run AP, MI (WMO 725376)"
726470,Agassiz Natl Wildlife Refuge,MN,Minnesota,USA,TMYx,"Agassiz Natl Wildlife Refuge, MN (WMO 726470)"
727504,Aitkin Muni AP,MN,Minnesota,USA,TMY3,"Aitkin Muni AP, MN (WMO 727504)"
726589,Albert Lea Muni AP,MN,Minnesota,USA,TMY3,"Albert Lea Muni AP, MN (WMO 726589)"
726557,Alexandria Muni AP-Chandler Field,MN,Minnesota,USA,TMY3,"Alexandria Muni AP-Chandler Field, MN (WMO 726557)"
726466,Appleton Muni AP,MN,Minnesota,USA,TMYx,"Appleton Muni AP, MN (WMO 726466)"
727566,Austin Muni AP,MN,Minnesota,USA,TMY3,"Austin Muni AP, MN (WMO 727566)"
727476,Baudette Intl AP,MN,Minnesota,USA,TMY3,"Baudette Intl AP, MN (WMO 727476)"
727550,Bemidji Rgnl AP,MN,Minnesota,USA,TMY3,"Bemidji Rgnl AP, MN (WMO 727550)"
727507,Benson Muni AP,MN,Minnesota,USA,TMY3,"Benson Muni AP, MN (WMO 727507)"
727468,Bigfork Muni AP,MN,Minnesota,USA,TMYx,"Bigfork Muni AP, MN (WMO 727468)"
726577,Blaine-Anoka County AP-Janes Field,MN,Minnesota,USA,TMYx,"Blaine-Anoka County AP-Janes Field, MN (WMO 726577)"
726555,Brainerd Lakes Rgnl AP,MN,Minnesota,USA,TMY3,"Brainerd Lakes Rgnl AP, MN (WMO 726555)"
722114,Buffalo Muni AP,MN,Minnesota,USA,TMYx,"Buffalo Muni AP, MN (WMO 722114)"
727503,Cambridge Muni AP,MN,Minnesota,USA,TMY3,"Cambridge Muni AP, MN (WMO 727503)"
722252,Canby Muni AP-Myers Field,MN,Minnesota,USA,TMYx,"Canby Muni AP-Myers Field, MN (WMO 722252)"
726558,Cloquet-Carlton County AP,MN,Minnesota,USA,TMY3,"Cloquet-Carlton County AP, MN (WMO 726558)"
726549,Cook Muni AP,MN,Minnesota,USA,TMYx,"Cook Muni AP, MN (WMO 726549)"
727473,Crane Lake-Scotts Seaplane Base,MN,Minnesota,USA,TMY3,"Crane Lake-Scotts Seaplane Base, MN (WMO 727473)"
727452,Crookston Muni AP,MN,Minnesota,USA,TMY3,"Crookston Muni AP, MN (WMO 727452)"
727457,Detroit Lakes AP,MN,Minnesota,USA,TMY3,"Detroit Lakes AP, MN (WMO 727457)"
726596,Dodge Center AP,MN,Minnesota,USA,TMYx,"Dodge Center AP, MN (WMO 726596)"
727450,Duluth Intl AP-Duluth ANGB,MN,Minnesota,USA,TMY3,"Duluth Intl AP-Duluth ANGB, MN (WMO 727450)"
727456,Duluth-Sky Harbor AP,MN,Minnesota,USA,TMYx,"Duluth-Sky Harbor AP, MN (WMO 727456)"
726579,Eden Prairie-Flying Cloud AP,MN,Minnesota,USA,TMY3,"Eden Prairie-Flying Cloud AP, MN (WMO 726579)"
727459,Ely Muni AP,MN,Minnesota,USA,TMY3,"Ely Muni AP, MN (WMO 727459)"
727474,Eveleth-Virginia Muni AP,MN,Minnesota,USA,TMY3,"Eveleth-Virginia Muni AP, MN (WMO 727474)"
726586,Fairmont Muni AP,MN,Minnesota,USA,TMY3,"Fairmont Muni AP, MN (WMO 726586)"
726563,Faribault Muni AP,MN,Minnesota,USA,TMY3,"Faribault Muni AP, MN (WMO 726563)"
726560,Fergus Falls Muni AP-Mickelson Field,MN,Minnesota,USA,TMY3,"Fergus Falls Muni AP-Mickelson Field, MN (WMO 726560)"
726572,Fergus Falls Muni AP-Mickelson Field,MN,Minnesota,USA,TMYx,"Fergus Falls Muni AP-Mickelson Field, MN (WMO 726572)"
727467,Flag Island,MN,Minnesota,USA,TMYx,"Flag Island, MN (WMO 727467)"
744667,Fort Ripley-Miller AAF,MN,Minnesota,USA,TMYx,"Fort Ripley-Miller AAF, MN (WMO 744667)"
727505,Fosston Muni AP,MN,Minnesota,USA,TMY3,"Fosston Muni AP, MN (WMO 727505)"
727517,Glencoe Muni AP,MN,Minnesota,USA,TMYx,"Glencoe Muni AP, MN (WMO 727517)"
726547,Glenwood Muni AP,MN,Minnesota,USA,TMY3,"Glenwood Muni AP, MN (WMO 726547)"
997259,Grand Marais Harbor,MN,Minnesota,USA,TMYx,"Grand Marais Harbor, MN (WMO 997259)"
727454,Grand Marais-Cook County AP,MN,Minnesota,USA,TMYx,"Grand Marais-Cook County AP, MN (WMO 727454)"
727458,Grand Rapids-Itasca County AP,MN,Minnesota,USA,TMY3,"Grand Rapids-Itasca County AP, MN (WMO 727458)"
722033,Granite Falls Muni AP-Lenzen-Roe Meml Field,MN,Minnesota,USA,TMYx,"Granite Falls Muni AP-Lenzen-Roe Meml Field, MN (WMO 722033)"
727478,Hallock Muni AP,MN,Minnesota,USA,TMY3,"Hallock Muni AP, MN (WMO 727478)"
727455,Hibbing-Range Rgnl AP,MN,Minnesota,USA,TMY3,"Hibbing-Range Rgnl AP, MN (WMO 727455)"
726569,Hutchinson Muni AP-Butler Field,MN,Minnesota,USA,TMY3,"Hutchinson Muni AP-Butler Field, MN (WMO 726569)"
727470,International Falls-Falls Intl AP,MN,Minnesota,USA,TMY3,"International Falls-Falls Intl AP, MN (WMO 727470)"
726593,Jackson Muni AP,MN,Minnesota,USA,TMYx,"Jackson Muni AP, MN (WMO 726593)"
726562,Lakeville-Airlake AP,MN,Minnesota,USA,TMYx,"Lakeville-Airlake AP, MN (WMO 726562)"
726583,Litchfield Muni AP,MN,Minnesota,USA,TMY3,"Litchfield Muni AP, MN (WMO 726583)"
726578,Little Falls-Morrison County AP,MN,Minnesota,USA,TMY3,"Little Falls-Morrison County AP, MN (WMO 726578)"
727497,Longville Muni AP,MN,Minnesota,USA,TMYx,"Longville Muni AP, MN (WMO 727497)"
722006,Luverne Muni AP,MN,Minnesota,USA,TMYx,"Luverne Muni AP, MN (WMO 722006)"
727466,Madison-Lac Qui Parle County AP,MN,Minnesota,USA,TMYx,"Madison-Lac Qui Parle County AP, MN (WMO 727466)"
726585,Mankato Rgnl AP,MN,Minnesota,USA,TMY3,"Mankato Rgnl AP, MN (WMO 726585)"
722144,Maple Lake Muni AP,MN,Minnesota,USA,TMYx,"Maple Lake Muni AP, MN (WMO 722144)"
726559,Marshall-Southwest Minnesota Rgnl AP-Ryan Field,MN,Minnesota,USA,TMY3,"Marshall-Southwest Minnesota Rgnl AP-Ryan Field, MN (WMO 726559)"
720258,McGregor-Iverson AP,MN,Minnesota,USA,TMYx,"McGregor-Iverson AP, MN (WMO 720258)"
726575,Minneapolis-Crystal AP,MN,Minnesota,USA,TMY3,"Minneapolis-Crystal AP, MN (WMO 726575)"
726580,Minneapolis-St Paul Intl AP,MN,Minnesota,USA,TMY3,"Minneapolis-St Paul Intl AP, MN (WMO 726580)"
726553,Montivideo-Chippewa County AP,MN,Minnesota,USA,TMYx,"Montivideo-Chippewa County AP, MN (WMO 726553)"
722129,Moorhead Muni AP,MN,Minnesota,USA,TMYx,"Moorhead Muni AP, MN (WMO 722129)"
727449,Moose Lake Carlton County AP,MN,Minnesota,USA,TMYx,"Moose Lake Carlton County AP, MN (WMO 727449)"
727475,Mora Muni AP,MN,Minnesota,USA,TMY3,"Mora Muni AP, MN (WMO 727475)"
726565,Morris Muni AP-Schmidt Field,MN,Minnesota,USA,TMY3,"Morris Muni AP-Schmidt Field, MN (WMO 726565)"
726567,New Ulm Muni AP,MN,Minnesota,USA,TMY3,"New Ulm Muni AP, MN (WMO 726567)"
722168,Olivia Rgnl AP,MN,Minnesota,USA,TMYx,"Olivia Rgnl AP, MN (WMO 722168)"
726544,Orr Rgnl AP,MN,Minnesota,USA,TMY3,"Orr Rgnl AP, MN (WMO 726544)"
727515,Orthonville Muni AP-Martinson Field,MN,Minnesota,USA,TMYx,"Orthonville Muni AP-Martinson Field, MN (WMO 727515)"
726568,Owatonna Degner Rgnl AP,MN,Minnesota,USA,TMY3,"Owatonna Degner Rgnl AP, MN (WMO 726568)"
727453,Park Rapids Muni AP-Konshok Field,MN,Minnesota,USA,TMY3,"Park Rapids Muni AP-Konshok Field, MN (WMO 727453)"
720367,Paynesville Muni AP,MN,Minnesota,USA,TMYx,"Paynesville Muni AP, MN (WMO 720367)"
727500,Pequot Lakes,MN,Minnesota,USA,TMYx,"Pequot Lakes, MN (WMO 727500)"
727508,Pine River Rgnl AP,MN,Minnesota,USA,TMYx,"Pine River Rgnl AP, MN (WMO 727508)"
726566,Pipestone Muni AP,MN,Minnesota,USA,TMY3,"Pipestone Muni AP, MN (WMO 726566)"
720283,Preston-Fillmore County AP,MN,Minnesota,USA,TMYx,"Preston-Fillmore County AP, MN (WMO 720283)"
726682,Princeton Muni AP,MN,Minnesota,USA,TMYx,"Princeton Muni AP, MN (WMO 726682)"
726564,Red Wing Rgnl AP,MN,Minnesota,USA,TMY3,"Red Wing Rgnl AP, MN (WMO 726564)"
726556,Redwood Falls Muni AP,MN,Minnesota,USA,TMY3,"Redwood Falls Muni AP, MN (WMO 726556)"
726440,Rochester Intl AP,MN,Minnesota,USA,TMY3,"Rochester Intl AP, MN (WMO 726440)"
720972,Rochester-St Marys Hospital Heli,MN,Minnesota,USA,TMYx,"Rochester-St Marys Hospital Heli, MN (WMO 720972)"
727477,Roseau Muni AP-Billberg Field,MN,Minnesota,USA,TMY3,"Roseau Muni AP-Billberg Field, MN (WMO 727477)"
726679,Rush City Rgnl AP,MN,Minnesota,USA,TMYx,"Rush City Rgnl AP, MN (WMO 726679)"
726460,Sandstone-Audubon Center of the North Woods,MN,Minnesota,USA,TMYx,"Sandstone-Audubon Center of the North Woods, MN (WMO 726460)"
997737,Silver Bay,MN,Minnesota,USA,TMYx,"Silver Bay, MN (WMO 997737)"
727556,Silver Bay Muni AP,MN,Minnesota,USA,TMY3,"Silver Bay Muni AP, MN (WMO 727556)"
720368,Slayton Muni AP,MN,Minnesota,USA,TMYx,"Slayton Muni AP, MN (WMO 720368)"
726603,South St Paul Muni AP-Fleming Field,MN,Minnesota,USA,TMY3,"South St Paul Muni AP-Fleming Field, MN (WMO 726603)"
726550,St Cloud Rgnl AP,MN,Minnesota,USA,TMY3,"St Cloud Rgnl AP, MN (WMO 726550)"
726554,St James Muni AP,MN,Minnesota,USA,TMYx,"St James Muni AP, MN (WMO 726554)"
726584,St Paul Downtown AP-Holman Field,MN,Minnesota,USA,TMY3,"St Paul Downtown AP-Holman Field, MN (WMO 726584)"
722003,Stanton AF,MN,Minnesota,USA,TMYx,"Stanton AF, MN (WMO 722003)"
727514,Staples Muni AP,MN,Minnesota,USA,TMYx,"Staples Muni AP, MN (WMO 727514)"
727555,Thief River Falls Rgnl AP,MN,Minnesota,USA,TMY3,"Thief River Falls Rgnl AP, MN (WMO 727555)"
722342,Tracy Muni AP,MN,Minnesota,USA,TMYx,"Tracy Muni AP, MN (WMO 722342)"
727444,Two Harbors Helgeson Muni AP,MN,Minnesota,USA,TMY3,"Two Harbors Helgeson Muni AP, MN (WMO 727444)"
726561,Wadena Muni AP,MN,Minnesota,USA,TMYx,"Wadena Muni AP, MN (WMO 726561)"
727560,Warroad Intl Meml AP-Carlson Field,MN,Minnesota,USA,TMYx,"Warroad Intl Meml AP-Carlson Field, MN (WMO 727560)"
722032,Waseca Muni AP,MN,Minnesota,USA,TMYx,"Waseca Muni AP, MN (WMO 722032)"
727486,Waskish Muni AP,MN,Minnesota,USA,TMYx,"Waskish Muni AP, MN (WMO 727486)"
727533,Wheaton Muni AP,MN,Minnesota,USA,TMY3,"Wheaton Muni AP, MN (WMO 727533)"
720386,Willmar Muni AP-Rice Field,MN,Minnesota,USA,TMYx,"Willmar Muni AP-Rice Field, MN (WMO 720386)"
726576,Willmar Muni AP-Rice Field,MN,Minnesota,USA,TMY3,"Willmar Muni AP-Rice Field, MN (WMO 726576)"
727506,Windom Muni AP,MN,Minnesota,USA,TMYx,"Windom Muni AP, MN (WMO 727506)"
726588,Winona Muni AP-Conrad Field,MN,Minnesota,USA,TMY3,"Winona Muni AP-Conrad Field, MN (WMO 726588)"
726587,Worthington Muni AP,MN,Minnesota,USA,TMY3,"Worthington Muni AP, MN (WMO 726587)"
720869,Boonville-Viertel Meml AP,MO,Missouri,USA,TMYx,"Boonville-Viertel Meml AP, MO (WMO 720869)"
720616,Branson AP,MO,Missouri,USA,TMYx,"Branson AP, MO (WMO 720616)"
720949,Camdenton Meml AP,MO,Missouri,USA,TMYx,"Camdenton Meml AP, MO (WMO 720949)"
723290,Cape Girardeau Rgnl AP,MO,Missouri,USA,TMY3,"Cape Girardeau Rgnl AP, MO (WMO 723290)"
724465,Chillicothe Muni AP,MO,Missouri,USA,TMYx,"Chillicothe Muni AP, MO (WMO 724465)"
725550,Chillicothe-Linneus-Univ Missouri Forage Systems Research Center,MO,Missouri,USA,TMYx,"Chillicothe-Linneus-Univ Missouri Forage Systems Research Center, MO (WMO 725550)"
724464,Chillicothe-Litton Agri Science Learning Center,MO,Missouri,USA,TMYx,"Chillicothe-Litton Agri Science Learning Center, MO (WMO 724464)"
720636,Clinton Meml AP,MO,Missouri,USA,TMYx,"Clinton Meml AP, MO (WMO 720636)"
724450,Columbia Rgnl AP,MO,Missouri,USA,TMY3,"Columbia Rgnl AP, MO (WMO 724450)"
724454,Farmington Rgnl AP,MO,Missouri,USA,TMY3,"Farmington Rgnl AP, MO (WMO 724454)"
724457,Fort Leonard Wood-Waynesville-St Robert Rgnl AP-Forney Field,MO,Missouri,USA,TMY3,"Fort Leonard Wood-Waynesville-St Robert Rgnl AP-Forney Field, MO (WMO 724457)"
724466,Grandview-Richards Gebaur Meml AP,MO,Missouri,USA,TMYx,"Grandview-Richards Gebaur Meml AP, MO (WMO 724466)"
720476,Hannibal Rgnl AP,MO,Missouri,USA,TMYx,"Hannibal Rgnl AP, MO (WMO 720476)"
724458,Jefferson City Meml AP,MO,Missouri,USA,TMY3,"Jefferson City Meml AP, MO (WMO 724458)"
723495,Joplin Rgnl AP,MO,Missouri,USA,TMY3,"Joplin Rgnl AP, MO (WMO 723495)"
724459,Kaiser-Osage Beach-Fine Meml AP,MO,Missouri,USA,TMY3,"Kaiser-Osage Beach-Fine Meml AP, MO (WMO 724459)"
724460,Kansas City Intl AP,MO,Missouri,USA,TMY3,"Kansas City Intl AP, MO (WMO 724460)"
724463,Kansas City-Wheeler Downtown AP,MO,Missouri,USA,TMY3,"Kansas City-Wheeler Downtown AP, MO (WMO 724463)"
721045,Kearney-Midwest Natl Air Center AP,MO,Missouri,USA,TMYx,"Kearney-Midwest Natl Air Center AP, MO (WMO 721045)"
720331,Kennett Meml AP,MO,Missouri,USA,TMYx,"Kennett Meml AP, MO (WMO 720331)"
724455,Kirksville Rgnl AP,MO,Missouri,USA,TMY3,"Kirksville Rgnl AP, MO (WMO 724455)"
720478,Lawrence Smith Meml AP,MO,Missouri,USA,TMYx,"Lawrence Smith Meml AP, MO (WMO 720478)"
720306,Lees Summit Muni AP,MO,Missouri,USA,TMYx,"Lees Summit Muni AP, MO (WMO 720306)"
725600,Lenox-White River Trace Conservation Area,MO,Missouri,USA,TMYx,"Lenox-White River Trace Conservation Area, MO (WMO 725600)"
720481,Malden Muni AP,MO,Missouri,USA,TMYx,"Malden Muni AP, MO (WMO 720481)"
720483,Marshall Meml Muni AP,MO,Missouri,USA,TMYx,"Marshall Meml Muni AP, MO (WMO 720483)"
720484,Mexico Meml AP,MO,Missouri,USA,TMYx,"Mexico Meml AP, MO (WMO 720484)"
725590,Mindenmines-Shawnee Trail Conservation Area,MO,Missouri,USA,TMYx,"Mindenmines-Shawnee Trail Conservation Area, MO (WMO 725590)"
720475,Northwest Missouri Rgnl AP,MO,Missouri,USA,TMYx,"Northwest Missouri Rgnl AP, MO (WMO 720475)"
723300,Poplar Bluff Muni AP,MO,Missouri,USA,TMY3,"Poplar Bluff Muni AP, MO (WMO 723300)"
724347,Portage des Sioux-St Charles County AP-Smartt Field,MO,Missouri,USA,TMYx,"Portage des Sioux-St Charles County AP-Smartt Field, MO (WMO 724347)"
724420,Rolla Natl AP,MO,Missouri,USA,TMY3,"Rolla Natl AP, MO (WMO 724420)"
724453,Sedalia Meml AP,MO,Missouri,USA,TMYx,"Sedalia Meml AP, MO (WMO 724453)"
720488,Sikeston Meml AP,MO,Missouri,USA,TMYx,"Sikeston Meml AP, MO (WMO 720488)"
725400,Spickard,MO,Missouri,USA,TMYx,"Spickard, MO (WMO 725400)"
724400,Springfield-Branson Natl AP,MO,Missouri,USA,TMY3,"Springfield-Branson Natl AP, MO (WMO 724400)"
724490,St Joseph-Rosecrans Meml AP,MO,Missouri,USA,TMY3,"St Joseph-Rosecrans Meml AP, MO (WMO 724490)"
724340,St Louis-Lambert Intl AP,MO,Missouri,USA,TMY3,"St Louis-Lambert Intl AP, MO (WMO 724340)"
724345,St Louis-Spirit of St Louis AP,MO,Missouri,USA,TMY3,"St Louis-Spirit of St Louis AP, MO (WMO 724345)"
720402,Warrensburg-Skyhaven AP,MO,Missouri,USA,TMYx,"Warrensburg-Skyhaven AP, MO (WMO 720402)"
720169,Washington Rgnl AP,MO,Missouri,USA,TMYx,"Washington Rgnl AP, MO (WMO 720169)"
723480,West Plains,MO,Missouri,USA,TMYx,"West Plains, MO (WMO 723480)"
723484,West Plains Rgnl AP,MO,Missouri,USA,TMYx,"West Plains Rgnl AP, MO (WMO 723484)"
724467,Whiteman AFB,MO,Missouri,USA,TMY3,"Whiteman AFB, MO (WMO 724467)"
723490,Yonkerville-Monette Muni AP,MO,Missouri,USA,TMYx,"Yonkerville-Monette Muni AP, MO (WMO 723490)"
722138,Bay St Louis-Stennis Intl AP,MS,Mississippi,USA,TMYx,"Bay St Louis-Stennis Intl AP, MS (WMO 722138)"
998219,Bay-Waveland Yacht Club,MS,Mississippi,USA,TMYx,"Bay-Waveland Yacht Club, MS (WMO 998219)"
747686,Biloxi-Keesler AFB,MS,Mississippi,USA,TMY3,"Biloxi-Keesler AFB, MS (WMO 747686)"
720787,Bolton-Williams AP,MS,Mississippi,USA,TMYx,"Bolton-Williams AP, MS (WMO 720787)"
720932,Brookhaven-Lincoln County AP,MS,Mississippi,USA,TMYx,"Brookhaven-Lincoln County AP, MS (WMO 720932)"
720927,Clarksdale-Fletcher Field AP,MS,Mississippi,USA,TMYx,"Clarksdale-Fletcher Field AP, MS (WMO 720927)"
725023,Cleveland Muni AP,MS,Mississippi,USA,TMYx,"Cleveland Muni AP, MS (WMO 725023)"
723306,Columbus AFB,MS,Mississippi,USA,TMY3,"Columbus AFB, MS (WMO 723306)"
723307,Columbus-Golden Triangle Rgnl AP,MS,Mississippi,USA,TMY3,"Columbus-Golden Triangle Rgnl AP, MS (WMO 723307)"
720924,Corinth-Turner AP,MS,Mississippi,USA,TMYx,"Corinth-Turner AP, MS (WMO 720924)"
998171,Grand Bay Natl Estuarine Research Reserve,MS,Mississippi,USA,TMYx,"Grand Bay Natl Estuarine Research Reserve, MS (WMO 998171)"
722356,Greenville Mid-Delta AP,MS,Mississippi,USA,TMY3,"Greenville Mid-Delta AP, MS (WMO 722356)"
747680,Greenville Mid-Delta Rgnl AP,MS,Mississippi,USA,TMYx,"Greenville Mid-Delta Rgnl AP, MS (WMO 747680)"
747580,Greenwood-Leflore AP,MS,Mississippi,USA,TMY3,"Greenwood-Leflore AP, MS (WMO 747580)"
747570,Gulfport-Biloxi Intl AP,MS,Mississippi,USA,TMY3,"Gulfport-Biloxi Intl AP, MS (WMO 747570)"
747590,Hattiesburg-Chain Muni AP,MS,Mississippi,USA,TMYx,"Hattiesburg-Chain Muni AP, MS (WMO 747590)"
722348,Hattiesburg-Laurel Rgnl AP,MS,Mississippi,USA,TMY3,"Hattiesburg-Laurel Rgnl AP, MS (WMO 722348)"
747710,Hickory-Coastal Plain Experimental Station,MS,Mississippi,USA,TMYx,"Hickory-Coastal Plain Experimental Station, MS (WMO 747710)"
747700,Holly Springs-Marshall County AP,MS,Mississippi,USA,TMYx,"Holly Springs-Marshall County AP, MS (WMO 747700)"
722350,Jackson-Evers Intl AP,MS,Mississippi,USA,TMY3,"Jackson-Evers Intl AP, MS (WMO 722350)"
722354,Jackson-Hawkins Field AP,MS,Mississippi,USA,TMYx,"Jackson-Hawkins Field AP, MS (WMO 722354)"
720776,Laurel-Noble Field AP,MS,Mississippi,USA,TMYx,"Laurel-Noble Field AP, MS (WMO 720776)"
722358,McComb-Pike County AP-Lewis Field,MS,Mississippi,USA,TMY3,"McComb-Pike County AP-Lewis Field, MS (WMO 722358)"
722340,Meridian Rgnl AP-Key Field,MS,Mississippi,USA,TMY3,"Meridian Rgnl AP-Key Field, MS (WMO 722340)"
746941,Monroe County AP,MS,Mississippi,USA,TMYx,"Monroe County AP, MS (WMO 746941)"
722345,NAS Meridian,MS,Mississippi,USA,TMY3,"NAS Meridian, MS (WMO 722345)"
998201,NOAA Pascagoula Dock,MS,Mississippi,USA,TMYx,"NOAA Pascagoula Dock, MS (WMO 998201)"
722357,Natchez-Adams County AP-Hardy-Anders Field,MS,Mississippi,USA,TMY3,"Natchez-Adams County AP-Hardy-Anders Field, MS (WMO 722357)"
722165,Olive Branch AP,MS,Mississippi,USA,TMYx,"Olive Branch AP, MS (WMO 722165)"
720588,Oxford Univ AP,MS,Mississippi,USA,TMYx,"Oxford Univ AP, MS (WMO 720588)"
747688,Pascagoula-Lott Intl AP,MS,Mississippi,USA,TMYx,"Pascagoula-Lott Intl AP, MS (WMO 747688)"
998239,Pascagoula-Range A Rear,MS,Mississippi,USA,TMYx,"Pascagoula-Range A Rear, MS (WMO 998239)"
998238,Petits Bois Island,MS,Mississippi,USA,TMYx,"Petits Bois Island, MS (WMO 998238)"
720769,Starkville-Bryan AP,MS,Mississippi,USA,TMYx,"Starkville-Bryan AP, MS (WMO 720769)"
722364,Tunica Muni AP,MS,Mississippi,USA,TMYx,"Tunica Muni AP, MS (WMO 722364)"
723320,Tupelo Rgnl AP,MS,Mississippi,USA,TMY3,"Tupelo Rgnl AP, MS (WMO 723320)"
722355,Vicksburg Muni AP,MS,Mississippi,USA,TMYx,"Vicksburg Muni AP, MS (WMO 722355)"
720994,Alpha Raynesford,MT,Montana,USA,TMYx,"Alpha Raynesford, MT (WMO 720994)"
726777,Baker Muni AP,MT,Montana,USA,TMYx,"Baker Muni AP, MT (WMO 726777)"
742270,Bannack State Park,MT,Montana,USA,TMYx,"Bannack State Park, MT (WMO 742270)"
726770,Billings Logan Intl AP,MT,Montana,USA,TMY3,"Billings Logan Intl AP, MT (WMO 726770)"
726797,Bozeman Yellowstone Intl AP,MT,Montana,USA,TMY3,"Bozeman Yellowstone Intl AP, MT (WMO 726797)"
720995,Bravo Geyser,MT,Montana,USA,TMYx,"Bravo Geyser, MT (WMO 720995)"
726673,Broadus AP,MT,Montana,USA,TMYx,"Broadus AP, MT (WMO 726673)"
727740,Butte-Mooney AP,MT,Montana,USA,TMY3,"Butte-Mooney AP, MT (WMO 727740)"
720996,Charlie Stanford,MT,Montana,USA,TMYx,"Charlie Stanford, MT (WMO 720996)"
727690,Cut Bank Intl AP,MT,Montana,USA,TMY3,"Cut Bank Intl AP, MT (WMO 727690)"
720997,Delta Denton,MT,Montana,USA,TMYx,"Delta Denton, MT (WMO 720997)"
727700,Dillon AP,MT,Montana,USA,TMYx,"Dillon AP, MT (WMO 727700)"
727735,Drummond,MT,Montana,USA,TMYx,"Drummond, MT (WMO 727735)"
720998,Echo Winifred,MT,Montana,USA,TMYx,"Echo Winifred, MT (WMO 720998)"
720999,Foxtrot Augusta,MT,Montana,USA,TMYx,"Foxtrot Augusta, MT (WMO 720999)"
742320,Ft Peck SURFRAD,MT,Montana,USA,TMYx,"Ft Peck SURFRAD, MT (WMO 742320)"
742290,Glacier Natl Park,MT,Montana,USA,TMYx,"Glacier Natl Park, MT (WMO 742290)"
727685,Glasgow Indl AP,MT,Montana,USA,TMYx,"Glasgow Indl AP, MT (WMO 727685)"
727680,Glasgow Intl AP,MT,Montana,USA,TMY3,"Glasgow Intl AP, MT (WMO 727680)"
726676,Glendive-Dawson Community AP,MT,Montana,USA,TMY3,"Glendive-Dawson Community AP, MT (WMO 726676)"
721001,Golf Simms,MT,Montana,USA,TMYx,"Golf Simms, MT (WMO 721001)"
727760,Great Falls,MT,Montana,USA,TMYx,"Great Falls, MT (WMO 727760)"
727750,Great Falls Intl AP,MT,Montana,USA,TMY3,"Great Falls Intl AP, MT (WMO 727750)"
726774,Hamilton-Ravalli County,MT,Montana,USA,TMYx,"Hamilton-Ravalli County, MT (WMO 726774)"
720759,Hamilton-Ravalli County AP,MT,Montana,USA,TMYx,"Hamilton-Ravalli County AP, MT (WMO 720759)"
726775,Harlowton,MT,Montana,USA,TMYx,"Harlowton, MT (WMO 726775)"
727770,Havre City-County AP,MT,Montana,USA,TMY3,"Havre City-County AP, MT (WMO 727770)"
727720,Helena Rgnl AP,MT,Montana,USA,TMY3,"Helena Rgnl AP, MT (WMO 727720)"
721002,Hotel Fairfield,MT,Montana,USA,TMYx,"Hotel Fairfield, MT (WMO 721002)"
721003,India Ulm,MT,Montana,USA,TMYx,"India Ulm, MT (WMO 721003)"
727684,Jordan AP,MT,Montana,USA,TMYx,"Jordan AP, MT (WMO 727684)"
721006,Judith Gap,MT,Montana,USA,TMYx,"Judith Gap, MT (WMO 721006)"
721004,Juliet Power,MT,Montana,USA,TMYx,"Juliet Power, MT (WMO 721004)"
727790,Kalispell-Glacier Park Intl AP,MT,Montana,USA,TMY3,"Kalispell-Glacier Park Intl AP, MT (WMO 727790)"
726776,Lewistown Muni AP,MT,Montana,USA,TMY3,"Lewistown Muni AP, MT (WMO 726776)"
742280,Lewistown-Judith River Wildlife Management,MT,Montana,USA,TMYx,"Lewistown-Judith River Wildlife Management, MT (WMO 742280)"
726798,Livingston-Mission Field AP,MT,Montana,USA,TMY3,"Livingston-Mission Field AP, MT (WMO 726798)"
727755,Malmstrom AFB,MT,Montana,USA,TMYx,"Malmstrom AFB, MT (WMO 727755)"
721007,Mike Moore,MT,Montana,USA,TMYx,"Mike Moore, MT (WMO 721007)"
742300,Miles City AP-Wiley Field,MT,Montana,USA,TMY3,"Miles City AP-Wiley Field, MT (WMO 742300)"
727730,Missoula Intl AP,MT,Montana,USA,TMY3,"Missoula Intl AP, MT (WMO 727730)"
726766,Monida,MT,Montana,USA,TMYx,"Monida, MT (WMO 726766)"
721008,November Grass Range,MT,Montana,USA,TMYx,"November Grass Range, MT (WMO 721008)"
721009,Oscar Roy,MT,Montana,USA,TMYx,"Oscar Roy, MT (WMO 721009)"
727687,Sidney-Richland Rgnl AP,MT,Montana,USA,TMY3,"Sidney-Richland Rgnl AP, MT (WMO 727687)"
727795,Thompson Falls,MT,Montana,USA,TMYx,"Thompson Falls, MT (WMO 727795)"
726764,West Yellowstone-Yellowstone AP,MT,Montana,USA,TMYx,"West Yellowstone-Yellowstone AP, MT (WMO 726764)"
726795,Whitehall,MT,Montana,USA,TMYx,"Whitehall, MT (WMO 726795)"
742310,Wolf Point 34 NE,MT,Montana,USA,TMYx,"Wolf Point 34 NE, MT (WMO 742310)"
727686,Wolf Point Intl AP-Fort Peck SURFRAD,MT,Montana,USA,TMY3,"Wolf Point Intl AP-Fort Peck SURFRAD, MT (WMO 727686)"
715980,Bas Caraquet,NB,New Brunswick,CAN,TMYx,"Bas Caraquet, NB (WMO 715980)"
715740,Bathurst Rgnl AP,NB,New Brunswick,CAN,TMYx,"Bathurst Rgnl AP, NB (WMO 715740)"
716660,Buctouche CDA CS,NB,New Brunswick,CAN,TMYx,"Buctouche CDA CS, NB (WMO 716660)"
717010,CFB Gagetown,NB,New Brunswick,CAN,TMYx,"CFB Gagetown, NB (WMO 717010)"
713150,Charlo AP,NB,New Brunswick,CAN,TMYx,"Charlo AP, NB (WMO 713150)"
715900,Edmunston,NB,New Brunswick,CAN,TMYx,"Edmunston, NB (WMO 715900)"
716445,Fredericton Aquatic Centre,NB,New Brunswick,CAN,TMYx,"Fredericton Aquatic Centre, NB (WMO 716445)"
716680,Fredericton CDA CS,NB,New Brunswick,CAN,TMYx,"Fredericton CDA CS, NB (WMO 716680)"
717000,Fredericton Intl AP,NB,New Brunswick,CAN,TMYx,"Fredericton Intl AP, NB (WMO 717000)"
711910,Fundy Natl Park CS,NB,New Brunswick,CAN,TMYx,"Fundy Natl Park CS, NB (WMO 711910)"
710300,Grand Manan AP,NB,New Brunswick,CAN,TMYx,"Grand Manan AP, NB (WMO 710300)"
716700,Kouchibouguac CS,NB,New Brunswick,CAN,TMYx,"Kouchibouguac CS, NB (WMO 716700)"
717870,Mechanic Settlement RCS,NB,New Brunswick,CAN,TMYx,"Mechanic Settlement RCS, NB (WMO 717870)"
717440,Miramichi AP RCS,NB,New Brunswick,CAN,TMYx,"Miramichi AP RCS, NB (WMO 717440)"
717190,Miscou Island Lighthouse,NB,New Brunswick,CAN,TMYx,"Miscou Island Lighthouse, NB (WMO 717190)"
717050,Moncton-Greater Moncton LeBlanc Intl AP,NB,New Brunswick,CAN,TMYx,"Moncton-Greater Moncton LeBlanc Intl AP, NB (WMO 717050)"
716990,Point Lepreau,NB,New Brunswick,CAN,TMYx,"Point Lepreau, NB (WMO 716990)"
716340,Red Pines,NB,New Brunswick,CAN,TMYx,"Red Pines, NB (WMO 716340)"
716090,Saint John AP,NB,New Brunswick,CAN,TMYx,"Saint John AP, NB (WMO 716090)"
710190,St Leonard AP,NB,New Brunswick,CAN,TMYx,"St Leonard AP, NB (WMO 710190)"
716070,St Stephen AP,NB,New Brunswick,CAN,TMYx,"St Stephen AP, NB (WMO 716070)"
722148,Albemarle-Stanly County AP,NC,North Carolina,USA,TMYx,"Albemarle-Stanly County AP, NC (WMO 722148)"
722177,Andrews-Western Carolina Rgnl AP,NC,North Carolina,USA,TMYx,"Andrews-Western Carolina Rgnl AP, NC (WMO 722177)"
746935,Asheboro Muni AP,NC,North Carolina,USA,TMYx,"Asheboro Muni AP, NC (WMO 746935)"
723150,Asheville Rgnl AP,NC,North Carolina,USA,TMY3,"Asheville Rgnl AP, NC (WMO 723150)"
723079,Aulander-Tri County AP,NC,North Carolina,USA,TMYx,"Aulander-Tri County AP, NC (WMO 723079)"
723037,Beaufort-Smith Field AP,NC,North Carolina,USA,TMYx,"Beaufort-Smith Field AP, NC (WMO 723037)"
994975,Beaufort-in Water,NC,North Carolina,USA,TMYx,"Beaufort-in Water, NC (WMO 994975)"
746960,Bent Creek-North Carolina Arboretum,NC,North Carolina,USA,TMYx,"Bent Creek-North Carolina Arboretum, NC (WMO 746960)"
722198,Boone AP,NC,North Carolina,USA,TMYx,"Boone AP, NC (WMO 722198)"
723174,Burlington Alamance Rgnl AP,NC,North Carolina,USA,TMYx,"Burlington Alamance Rgnl AP, NC (WMO 723174)"
723040,Cape Hatteras Natl Seashore-Mitchell AP,NC,North Carolina,USA,TMY3,"Cape Hatteras Natl Seashore-Mitchell AP, NC (WMO 723040)"
994160,Cape Lookout,NC,North Carolina,USA,TMYx,"Cape Lookout, NC (WMO 994160)"
746939,Chapel Hill-Williams AP,NC,North Carolina,USA,TMYx,"Chapel Hill-Williams AP, NC (WMO 746939)"
723140,Charlotte Douglas Intl AP,NC,North Carolina,USA,TMY3,"Charlotte Douglas Intl AP, NC (WMO 723140)"
723194,Charlotte-Monroe Exec AP,NC,North Carolina,USA,TMYx,"Charlotte-Monroe Exec AP, NC (WMO 723194)"
722073,Clinton-Sampson County AP,NC,North Carolina,USA,TMYx,"Clinton-Sampson County AP, NC (WMO 722073)"
722132,Concord Rgnl AP,NC,North Carolina,USA,TMYx,"Concord Rgnl AP, NC (WMO 722132)"
746950,Dare County Gunnery Range,NC,North Carolina,USA,TMYx,"Dare County Gunnery Range, NC (WMO 746950)"
997040,Diamond Shoals-Cape Hatteras Lighthouse,NC,North Carolina,USA,TMYx,"Diamond Shoals-Cape Hatteras Lighthouse, NC (WMO 997040)"
998209,Duck Pier,NC,North Carolina,USA,TMYx,"Duck Pier, NC (WMO 998209)"
756940,Durham 11 W,NC,North Carolina,USA,TMYx,"Durham 11 W, NC (WMO 756940)"
723074,Edenton-Northeastern Rgnl AP,NC,North Carolina,USA,TMYx,"Edenton-Northeastern Rgnl AP, NC (WMO 723074)"
723070,Elizabeth City Rgnl AP-CGAS Elizabeth City,NC,North Carolina,USA,TMY3,"Elizabeth City Rgnl AP-CGAS Elizabeth City, NC (WMO 723070)"
720279,Elizabethtown-Brown Field AP,NC,North Carolina,USA,TMYx,"Elizabethtown-Brown Field AP, NC (WMO 720279)"
746936,Erwin-Harnett Rgnl AP,NC,North Carolina,USA,TMYx,"Erwin-Harnett Rgnl AP, NC (WMO 746936)"
723035,Fayetteville Rgnl AP-Grannis Field,NC,North Carolina,USA,TMY3,"Fayetteville Rgnl AP-Grannis Field, NC (WMO 723035)"
723030,Fayetteville-Fort Bragg-Pope Field,NC,North Carolina,USA,TMY3,"Fayetteville-Fort Bragg-Pope Field, NC (WMO 723030)"
746930,Fayetteville-Fort Bragg-Simmons AAF,NC,North Carolina,USA,TMY3,"Fayetteville-Fort Bragg-Simmons AAF, NC (WMO 746930)"
720259,Franklin-Macon County AP,NC,North Carolina,USA,TMYx,"Franklin-Macon County AP, NC (WMO 720259)"
723147,Gastonia Muni AP,NC,North Carolina,USA,TMYx,"Gastonia Muni AP, NC (WMO 723147)"
723066,Goldsboro-Seymour Johnson AFB,NC,North Carolina,USA,TMY3,"Goldsboro-Seymour Johnson AFB, NC (WMO 723066)"
746940,Goldsboro-Wayne Exec AP,NC,North Carolina,USA,TMYx,"Goldsboro-Wayne Exec AP, NC (WMO 746940)"
723170,Greensboro-Piedmont Triad Intl AP,NC,North Carolina,USA,TMY3,"Greensboro-Piedmont Triad Intl AP, NC (WMO 723170)"
720649,Halifax Northampton Rgnl AP,NC,North Carolina,USA,TMYx,"Halifax Northampton Rgnl AP, NC (WMO 720649)"
998426,Hatteras,NC,North Carolina,USA,TMYx,"Hatteras, NC (WMO 998426)"
723090,Havelock-MCAS Cherry Point,NC,North Carolina,USA,TMY3,"Havelock-MCAS Cherry Point, NC (WMO 723090)"
720288,Henderson-Oxford AP,NC,North Carolina,USA,TMYx,"Henderson-Oxford AP, NC (WMO 720288)"
723010,Hickory Rgnl AP,NC,North Carolina,USA,TMY3,"Hickory Rgnl AP, NC (WMO 723010)"
723155,Hot Springs AWRS,NC,North Carolina,USA,TMYx,"Hot Springs AWRS, NC (WMO 723155)"
723069,Jacksonville-Ellis AP,NC,North Carolina,USA,TMY3,"Jacksonville-Ellis AP, NC (WMO 723069)"
723096,Jacksonville-MCAS New River-McCutcheon Field,NC,North Carolina,USA,TMY3,"Jacksonville-MCAS New River-McCutcheon Field, NC (WMO 723096)"
723146,Jefferson-Ashe County AP,NC,North Carolina,USA,TMYx,"Jefferson-Ashe County AP, NC (WMO 723146)"
746929,Kenansville-Duplin County AP,NC,North Carolina,USA,TMYx,"Kenansville-Duplin County AP, NC (WMO 746929)"
720282,Kill Devil Hills-First Flight AP,NC,North Carolina,USA,TMYx,"Kill Devil Hills-First Flight AP, NC (WMO 720282)"
723067,Kinston Rgnl Jetport-Stallings Field,NC,North Carolina,USA,TMY3,"Kinston Rgnl Jetport-Stallings Field, NC (WMO 723067)"
723109,Laurinburg-Maxton AP,NC,North Carolina,USA,TMYx,"Laurinburg-Maxton AP, NC (WMO 723109)"
722079,Lexington Muni AP-Davidson County AP,NC,North Carolina,USA,TMYx,"Lexington Muni AP-Davidson County AP, NC (WMO 722079)"
722128,Lincolnton-Lincoln County Rgnl AP,NC,North Carolina,USA,TMYx,"Lincolnton-Lincoln County Rgnl AP, NC (WMO 722128)"
722141,Louisburg-Triangle North Exec AP,NC,North Carolina,USA,TMYx,"Louisburg-Triangle North Exec AP, NC (WMO 722141)"
723108,Lumberton Muni AP,NC,North Carolina,USA,TMYx,"Lumberton Muni AP, NC (WMO 723108)"
723034,Mackall Aux AF,NC,North Carolina,USA,TMYx,"Mackall Aux AF, NC (WMO 723034)"
723046,Manteo-Dare County Rgnl AP,NC,North Carolina,USA,TMY3,"Manteo-Dare County Rgnl AP, NC (WMO 723046)"
722121,Maple-Currituck County Rgnl AP,NC,North Carolina,USA,TMYx,"Maple-Currituck County Rgnl AP, NC (WMO 722121)"
998006,Masonboro Island,NC,North Carolina,USA,TMYx,"Masonboro Island, NC (WMO 998006)"
746970,Mills River-Mountain Horticulture Crops Research and Extension Center,NC,North Carolina,USA,TMYx,"Mills River-Mountain Horticulture Crops Research and Extension Center, NC (WMO 746970)"
723148,Morganton-Foothills Rgnl AP,NC,North Carolina,USA,TMYx,"Morganton-Foothills Rgnl AP, NC (WMO 723148)"
723177,Mount Airy-Surry County AP,NC,North Carolina,USA,TMYx,"Mount Airy-Surry County AP, NC (WMO 723177)"
723095,New Bern-Coastal Carolina Rgnl AP,NC,North Carolina,USA,TMY3,"New Bern-Coastal Carolina Rgnl AP, NC (WMO 723095)"
723165,North Wilkesboro-Wilkes County AP,NC,North Carolina,USA,TMYx,"North Wilkesboro-Wilkes County AP, NC (WMO 723165)"
722191,Oak Island-Cape Fear Rgnl AP-Franklin Field,NC,North Carolina,USA,TMYx,"Oak Island-Cape Fear Rgnl AP-Franklin Field, NC (WMO 722191)"
723047,Oracoke Lighthouse,NC,North Carolina,USA,TMYx,"Oracoke Lighthouse, NC (WMO 723047)"
997307,Oregon Inlet Marina,NC,North Carolina,USA,TMYx,"Oregon Inlet Marina, NC (WMO 997307)"
723062,Piney Island,NC,North Carolina,USA,TMYx,"Piney Island, NC (WMO 723062)"
723065,Pitt-Greenville AP,NC,North Carolina,USA,TMY3,"Pitt-Greenville AP, NC (WMO 723065)"
723060,Raleigh-Durham Intl AP,NC,North Carolina,USA,TMY3,"Raleigh-Durham Intl AP, NC (WMO 723060)"
724008,Roanoke Rapids-Halifax County AP,NC,North Carolina,USA,TMYx,"Roanoke Rapids-Halifax County AP, NC (WMO 724008)"
722043,Rockingham-Richmond County AP,NC,North Carolina,USA,TMYx,"Rockingham-Richmond County AP, NC (WMO 722043)"
723068,Rocky Mount-Wilson Rgnl AP,NC,North Carolina,USA,TMY3,"Rocky Mount-Wilson Rgnl AP, NC (WMO 723068)"
723144,Rutherfordton-Rutherford County AP-Marchman Field,NC,North Carolina,USA,TMYx,"Rutherfordton-Rutherford County AP-Marchman Field, NC (WMO 723144)"
723156,Salisbury-Mid Carolina Rgnl AP,NC,North Carolina,USA,TMYx,"Salisbury-Mid Carolina Rgnl AP, NC (WMO 723156)"
722201,Sanford-Lee County Rgnl AP,NC,North Carolina,USA,TMYx,"Sanford-Lee County Rgnl AP, NC (WMO 722201)"
720277,Shelby-Cleveland County Rgnl AP,NC,North Carolina,USA,TMYx,"Shelby-Cleveland County Rgnl AP, NC (WMO 720277)"
742077,Shiloh AP,NC,North Carolina,USA,TMYx,"Shiloh AP, NC (WMO 742077)"
720968,Siler City Muni AP,NC,North Carolina,USA,TMYx,"Siler City Muni AP, NC (WMO 720968)"
722131,Smithfield-Johnston County AP,NC,North Carolina,USA,TMYx,"Smithfield-Johnston County AP, NC (WMO 722131)"
723015,South Port-Oak Island Lighthouse,NC,North Carolina,USA,TMYx,"South Port-Oak Island Lighthouse, NC (WMO 723015)"
723143,Southern Pines-Moore County AP,NC,North Carolina,USA,TMY3,"Southern Pines-Moore County AP, NC (WMO 723143)"
723055,Statesville Rgnl AP,NC,North Carolina,USA,TMYx,"Statesville Rgnl AP, NC (WMO 723055)"
997310,Sunset Beach,NC,North Carolina,USA,TMYx,"Sunset Beach, NC (WMO 997310)"
723094,Swansboro-Bogue,NC,North Carolina,USA,TMYx,"Swansboro-Bogue, NC (WMO 723094)"
723097,Swansboro-MCAF Bogue Field,NC,North Carolina,USA,TMYx,"Swansboro-MCAF Bogue Field, NC (WMO 723097)"
720864,Tarboro-Edgecombe AP,NC,North Carolina,USA,TMYx,"Tarboro-Edgecombe AP, NC (WMO 720864)"
722193,Timberlake-Person County AP,NC,North Carolina,USA,TMYx,"Timberlake-Person County AP, NC (WMO 722193)"
725294,Wadesboro-Anson County AP-Cloud Field,NC,North Carolina,USA,TMYx,"Wadesboro-Anson County AP-Cloud Field, NC (WMO 725294)"
746925,Washington-Warren Field AP,NC,North Carolina,USA,TMYx,"Washington-Warren Field AP, NC (WMO 746925)"
720274,Whiteville-Columbus County Muni AP,NC,North Carolina,USA,TMYx,"Whiteville-Columbus County Muni AP, NC (WMO 720274)"
723013,Wilmington Intl AP,NC,North Carolina,USA,TMY3,"Wilmington Intl AP, NC (WMO 723013)"
723020,Wilmington Intl AP,NC,North Carolina,USA,TMYx,"Wilmington Intl AP, NC (WMO 723020)"
723193,Winston-Salem-Reynolds AP,NC,North Carolina,USA,TMY3,"Winston-Salem-Reynolds AP, NC (WMO 723193)"
723016,Wrightsville Beach,NC,North Carolina,USA,TMYx,"Wrightsville Beach, NC (WMO 723016)"
997695,Wrightsville Beach-Mercer Fishing Pier,NC,North Carolina,USA,TMYx,"Wrightsville Beach-Mercer Fishing Pier, NC (WMO 997695)"
721011,Alpha Balfour,ND,North Dakota,USA,TMYx,"Alpha Balfour, ND (WMO 721011)"
720911,Barnes County Muni AP,ND,North Dakota,USA,TMYx,"Barnes County Muni AP, ND (WMO 720911)"
720854,Beach AP,ND,North Dakota,USA,TMYx,"Beach AP, ND (WMO 720854)"
727640,Bismarck Muni AP,ND,North Dakota,USA,TMY3,"Bismarck Muni AP, ND (WMO 727640)"
721012,Bravo Velva,ND,North Dakota,USA,TMYx,"Bravo Velva, ND (WMO 721012)"
720858,Cando Muni AP,ND,North Dakota,USA,TMYx,"Cando Muni AP, ND (WMO 720858)"
720737,Carrington Muni AP,ND,North Dakota,USA,TMYx,"Carrington Muni AP, ND (WMO 720737)"
720855,Cavalier Muni AP,ND,North Dakota,USA,TMYx,"Cavalier Muni AP, ND (WMO 720855)"
721013,Charlie Ruso,ND,North Dakota,USA,TMYx,"Charlie Ruso, ND (WMO 721013)"
720861,Crosby Muni AP,ND,North Dakota,USA,TMYx,"Crosby Muni AP, ND (WMO 720861)"
721014,Delta Max,ND,North Dakota,USA,TMYx,"Delta Max, ND (WMO 721014)"
727540,Des Lacs Natl Wildlife Refuge,ND,North Dakota,USA,TMYx,"Des Lacs Natl Wildlife Refuge, ND (WMO 727540)"
727573,Devils Lake Rgnl AP,ND,North Dakota,USA,TMY3,"Devils Lake Rgnl AP, ND (WMO 727573)"
727630,Dickinson Roosevelt Rgnl AP,ND,North Dakota,USA,TMY3,"Dickinson Roosevelt Rgnl AP, ND (WMO 727630)"
721015,Echo Ryder,ND,North Dakota,USA,TMYx,"Echo Ryder, ND (WMO 721015)"
727530,Fargo-Hector Intl AP,ND,North Dakota,USA,TMY3,"Fargo-Hector Intl AP, ND (WMO 727530)"
721016,Foxtrot Ryder 2,ND,North Dakota,USA,TMYx,"Foxtrot Ryder 2, ND (WMO 721016)"
727677,Garrison Muni AP,ND,North Dakota,USA,TMYx,"Garrison Muni AP, ND (WMO 727677)"
720895,Glen Ullin Rgnl AP,ND,North Dakota,USA,TMYx,"Glen Ullin Rgnl AP, ND (WMO 720895)"
721017,Golf Plaza,ND,North Dakota,USA,TMYx,"Golf Plaza, ND (WMO 721017)"
720865,Grafton-Hutson Field AP,ND,North Dakota,USA,TMYx,"Grafton-Hutson Field AP, ND (WMO 720865)"
727575,Grand Forks AFB,ND,North Dakota,USA,TMY3,"Grand Forks AFB, ND (WMO 727575)"
727570,Grand Forks Intl AP,ND,North Dakota,USA,TMY3,"Grand Forks Intl AP, ND (WMO 727570)"
720491,Gwinner Muni AF,ND,North Dakota,USA,TMYx,"Gwinner Muni AF, ND (WMO 720491)"
727584,Hettinger Muni AP,ND,North Dakota,USA,TMYx,"Hettinger Muni AP, ND (WMO 727584)"
721018,Hotel Parshall,ND,North Dakota,USA,TMYx,"Hotel Parshall, ND (WMO 721018)"
721019,India Palermo,ND,North Dakota,USA,TMYx,"India Palermo, ND (WMO 721019)"
727535,Jamestown Rgnl AP,ND,North Dakota,USA,TMY3,"Jamestown Rgnl AP, ND (WMO 727535)"
727510,Jamestown-Lake George,ND,North Dakota,USA,TMYx,"Jamestown-Lake George, ND (WMO 727510)"
721021,Juliet Donnybrook,ND,North Dakota,USA,TMYx,"Juliet Donnybrook, ND (WMO 721021)"
721022,Kilo Donnybrook 2,ND,North Dakota,USA,TMYx,"Kilo Donnybrook 2, ND (WMO 721022)"
727534,Lidgerwood AMOS,ND,North Dakota,USA,TMYx,"Lidgerwood AMOS, ND (WMO 727534)"
721023,Lima Bowbells,ND,North Dakota,USA,TMYx,"Lima Bowbells, ND (WMO 721023)"
720933,Linton Muni AP,ND,North Dakota,USA,TMYx,"Linton Muni AP, ND (WMO 720933)"
720871,Mandan Muni AP,ND,North Dakota,USA,TMYx,"Mandan Muni AP, ND (WMO 720871)"
727520,Medora-Roosevelt Natl Park-Painted Canyon,ND,North Dakota,USA,TMYx,"Medora-Roosevelt Natl Park-Painted Canyon, ND (WMO 727520)"
720866,Mercer County Rgnl AP,ND,North Dakota,USA,TMYx,"Mercer County Rgnl AP, ND (WMO 720866)"
721024,Mike Kenmare,ND,North Dakota,USA,TMYx,"Mike Kenmare, ND (WMO 721024)"
727675,Minot AFB,ND,North Dakota,USA,TMY3,"Minot AFB, ND (WMO 727675)"
727676,Minot Intl AP,ND,North Dakota,USA,TMY3,"Minot Intl AP, ND (WMO 727676)"
721025,November Mohall,ND,North Dakota,USA,TMYx,"November Mohall, ND (WMO 721025)"
721026,Oscar Antler,ND,North Dakota,USA,TMYx,"Oscar Antler, ND (WMO 721026)"
720853,Rolla Muni AP,ND,North Dakota,USA,TMYx,"Rolla Muni AP, ND (WMO 720853)"
727650,Roseglen,ND,North Dakota,USA,TMYx,"Roseglen, ND (WMO 727650)"
720867,Rugby Muni AP,ND,North Dakota,USA,TMYx,"Rugby Muni AP, ND (WMO 720867)"
720909,Stanley Muni AP,ND,North Dakota,USA,TMYx,"Stanley Muni AP, ND (WMO 720909)"
720863,Tioga Muni AP,ND,North Dakota,USA,TMYx,"Tioga Muni AP, ND (WMO 720863)"
722004,Wahpeton-Stern AP,ND,North Dakota,USA,TMYx,"Wahpeton-Stern AP, ND (WMO 722004)"
722857,Walhalla Muni AP,ND,North Dakota,USA,TMYx,"Walhalla Muni AP, ND (WMO 722857)"
720868,Watford City Muni AP,ND,North Dakota,USA,TMYx,"Watford City Muni AP, ND (WMO 720868)"
727670,Williston-Sloulin Field Intl AP,ND,North Dakota,USA,TMY3,"Williston-Sloulin Field Intl AP, ND (WMO 727670)"
725556,Ainsworth Rgnl AP,NE,Nebraska,USA,TMY3,"Ainsworth Rgnl AP, NE (WMO 725556)"
723441,Albion Muni AP,NE,Nebraska,USA,TMYx,"Albion Muni AP, NE (WMO 723441)"
725635,Alliance Muni AP,NE,Nebraska,USA,TMY3,"Alliance Muni AP, NE (WMO 725635)"
725513,Aurora Muni AP-Potter Field,NE,Nebraska,USA,TMYx,"Aurora Muni AP-Potter Field, NE (WMO 725513)"
725515,Beatrice Muni AP,NE,Nebraska,USA,TMY3,"Beatrice Muni AP, NE (WMO 725515)"
725540,Bellevue-Offutt AFB,NE,Nebraska,USA,TMY3,"Bellevue-Offutt AFB, NE (WMO 725540)"
720405,Blair Muni AP,NE,Nebraska,USA,TMYx,"Blair Muni AP, NE (WMO 720405)"
720978,Bravo Pine Bluffs,NE,Nebraska,USA,TMYx,"Bravo Pine Bluffs, NE (WMO 720978)"
725555,Broken Bow Muni AP,NE,Nebraska,USA,TMY3,"Broken Bow Muni AP, NE (WMO 725555)"
725528,Burwell-Cram Field,NE,Nebraska,USA,TMYx,"Burwell-Cram Field, NE (WMO 725528)"
725636,Chadron Muni AP,NE,Nebraska,USA,TMY3,"Chadron Muni AP, NE (WMO 725636)"
720979,Charlie Gering,NE,Nebraska,USA,TMYx,"Charlie Gering, NE (WMO 720979)"
725565,Columbus Muni AP,NE,Nebraska,USA,TMY3,"Columbus Muni AP, NE (WMO 725565)"
720981,Delta Kimball,NE,Nebraska,USA,TMYx,"Delta Kimball, NE (WMO 720981)"
744410,Denton-Spring Creek Prairie Audubon Center,NE,Nebraska,USA,TMYx,"Denton-Spring Creek Prairie Audubon Center, NE (WMO 744410)"
720982,Echo Pine Bluffs,NE,Nebraska,USA,TMYx,"Echo Pine Bluffs, NE (WMO 720982)"
725533,Falls City-Brenner Field AP,NE,Nebraska,USA,TMY3,"Falls City-Brenner Field AP, NE (WMO 725533)"
720983,Foxtrot Dix,NE,Nebraska,USA,TMYx,"Foxtrot Dix, NE (WMO 720983)"
725564,Fremont Muni AP,NE,Nebraska,USA,TMY3,"Fremont Muni AP, NE (WMO 725564)"
725520,Grand Island-Central Nebraska Rgnl AP,NE,Nebraska,USA,TMY3,"Grand Island-Central Nebraska Rgnl AP, NE (WMO 725520)"
744360,Gudmundsen Sandhills Laboratory-East Site,NE,Nebraska,USA,TMYx,"Gudmundsen Sandhills Laboratory-East Site, NE (WMO 744360)"
744380,Harrison-Agate Fossil Beds Natl Monument,NE,Nebraska,USA,TMYx,"Harrison-Agate Fossil Beds Natl Monument, NE (WMO 744380)"
725525,Hastings Muni AP,NE,Nebraska,USA,TMY3,"Hastings Muni AP, NE (WMO 725525)"
722124,Hebron Muni AP,NE,Nebraska,USA,TMYx,"Hebron Muni AP, NE (WMO 722124)"
725628,Holdrege-Brewster Field AP,NE,Nebraska,USA,TMY3,"Holdrege-Brewster Field AP, NE (WMO 725628)"
720985,Hotel Gurley,NE,Nebraska,USA,TMYx,"Hotel Gurley, NE (WMO 720985)"
725626,Imperial Muni AP,NE,Nebraska,USA,TMY3,"Imperial Muni AP, NE (WMO 725626)"
720986,India Sidney,NE,Nebraska,USA,TMYx,"India Sidney, NE (WMO 720986)"
725526,Kearney Rgnl AP,NE,Nebraska,USA,TMY3,"Kearney Rgnl AP, NE (WMO 725526)"
720988,Kilo Dix,NE,Nebraska,USA,TMYx,"Kilo Dix, NE (WMO 720988)"
725665,Kimball Muni AP-Arraj Field,NE,Nebraska,USA,TMYx,"Kimball Muni AP-Arraj Field, NE (WMO 725665)"
725624,Lexington-Kelly Field AP,NE,Nebraska,USA,TMYx,"Lexington-Kelly Field AP, NE (WMO 725624)"
725510,Lincoln AP,NE,Nebraska,USA,TMY3,"Lincoln AP, NE (WMO 725510)"
744420,Lincoln-Lancaster County,NE,Nebraska,USA,TMYx,"Lincoln-Lancaster County, NE (WMO 744420)"
725625,McCook Nelson Rgnl AP,NE,Nebraska,USA,TMY3,"McCook Nelson Rgnl AP, NE (WMO 725625)"
725627,Mullen-Hooker County AP,NE,Nebraska,USA,TMYx,"Mullen-Hooker County AP, NE (WMO 725627)"
725541,Nebraska City Muni AP,NE,Nebraska,USA,TMYx,"Nebraska City Muni AP, NE (WMO 725541)"
725560,Norfolk Rgnl AP-Stefan Meml Field,NE,Nebraska,USA,TMY3,"Norfolk Rgnl AP-Stefan Meml Field, NE (WMO 725560)"
725620,North Platte Rgnl AP-Bird Field,NE,Nebraska,USA,TMY3,"North Platte Rgnl AP-Bird Field, NE (WMO 725620)"
725566,ONeill Muni AP-Baker Field,NE,Nebraska,USA,TMY3,"ONeill Muni AP-Baker Field, NE (WMO 725566)"
725621,Ogallala-Searle Field AP,NE,Nebraska,USA,TMYx,"Ogallala-Searle Field AP, NE (WMO 725621)"
725530,Omaha North WSFO AP,NE,Nebraska,USA,TMY3,"Omaha North WSFO AP, NE (WMO 725530)"
725500,Omaha-Eppley Airfield-Millard AP,NE,Nebraska,USA,TMY3,"Omaha-Eppley Airfield-Millard AP, NE (WMO 725500)"
720308,Omaha-Millard AP,NE,Nebraska,USA,TMYx,"Omaha-Millard AP, NE (WMO 720308)"
725524,Ord-Sharp Field AP,NE,Nebraska,USA,TMY3,"Ord-Sharp Field AP, NE (WMO 725524)"
722291,Plattsmouth Muni AP,NE,Nebraska,USA,TMYx,"Plattsmouth Muni AP, NE (WMO 722291)"
725660,Scottsbluff-Western Nebraska Rgnl AP-Heilig Field,NE,Nebraska,USA,TMY3,"Scottsbluff-Western Nebraska Rgnl AP-Heilig Field, NE (WMO 725660)"
725610,Sidney Muni AP-Carr Field,NE,Nebraska,USA,TMY3,"Sidney Muni AP-Carr Field, NE (WMO 725610)"
725527,Tekamah Muni AP,NE,Nebraska,USA,TMY3,"Tekamah Muni AP, NE (WMO 725527)"
722211,Thedford-Thomas County AP,NE,Nebraska,USA,TMYx,"Thedford-Thomas County AP, NE (WMO 722211)"
725670,Valentine-Miller Field AP,NE,Nebraska,USA,TMY3,"Valentine-Miller Field AP, NE (WMO 725670)"
720942,Wahoo Muni AP,NE,Nebraska,USA,TMYx,"Wahoo Muni AP, NE (WMO 720942)"
722241,Wayne Muni AP,NE,Nebraska,USA,TMYx,"Wayne Muni AP, NE (WMO 722241)"
725512,York Muni AP,NE,Nebraska,USA,TMYx,"York Muni AP, NE (WMO 725512)"
726160,Berlin Rgnl AP,NH,New Hampshire,USA,TMY3,"Berlin Rgnl AP, NH (WMO 726160)"
725096,CGS Isle of Shoals Lighthouse,NH,New Hampshire,USA,TMYx,"CGS Isle of Shoals Lighthouse, NH (WMO 725096)"
726050,Concord Muni AP,NH,New Hampshire,USA,TMY3,"Concord Muni AP, NH (WMO 726050)"
726100,Durham-Doe Farm,NH,New Hampshire,USA,TMYx,"Durham-Doe Farm, NH (WMO 726100)"
726040,Franconia,NH,New Hampshire,USA,TMYx,"Franconia, NH (WMO 726040)"
997993,Great Bay Reserve,NH,New Hampshire,USA,TMYx,"Great Bay Reserve, NH (WMO 997993)"
726163,Jaffrey AP-Silver Ranch,NH,New Hampshire,USA,TMYx,"Jaffrey AP-Silver Ranch, NH (WMO 726163)"
726165,Keene-Dillant-Hopkins AP,NH,New Hampshire,USA,TMY3,"Keene-Dillant-Hopkins AP, NH (WMO 726165)"
726155,Laconia Muni AP,NH,New Hampshire,USA,TMY3,"Laconia Muni AP, NH (WMO 726155)"
726116,Lebanon Muni AP,NH,New Hampshire,USA,TMY3,"Lebanon Muni AP, NH (WMO 726116)"
726090,Madbury,NH,New Hampshire,USA,TMYx,"Madbury, NH (WMO 726090)"
743945,Manchester-Boston Rgnl AP,NH,New Hampshire,USA,TMY3,"Manchester-Boston Rgnl AP, NH (WMO 743945)"
726130,Mount Washington Observatory,NH,New Hampshire,USA,TMY3,"Mount Washington Observatory, NH (WMO 726130)"
726164,Mt Washington Rgnl AP,NH,New Hampshire,USA,TMYx,"Mt Washington Rgnl AP, NH (WMO 726164)"
743946,Nashua AP-Boire Field,NH,New Hampshire,USA,TMYx,"Nashua AP-Boire Field, NH (WMO 743946)"
742078,Plymouth Muni AP,NH,New Hampshire,USA,TMYx,"Plymouth Muni AP, NH (WMO 742078)"
726059,Portsmouth Harbor,NH,New Hampshire,USA,TMYx,"Portsmouth Harbor, NH (WMO 726059)"
726055,Portsmouth Intl AP,NH,New Hampshire,USA,TMY3,"Portsmouth Intl AP, NH (WMO 726055)"
726056,Rochester-Skyhaven AP,NH,New Hampshire,USA,TMYx,"Rochester-Skyhaven AP, NH (WMO 726056)"
724077,Aeroflex Andover AP,NJ,New Jersey,USA,TMYx,"Aeroflex Andover AP, NJ (WMO 724077)"
997270,Atlantic City Boardwalk,NJ,New Jersey,USA,TMYx,"Atlantic City Boardwalk, NJ (WMO 997270)"
724070,Atlantic City Intl AP,NJ,New Jersey,USA,TMY3,"Atlantic City Intl AP, NJ (WMO 724070)"
722247,Bedminster-Somerset AP,NJ,New Jersey,USA,TMYx,"Bedminster-Somerset AP, NJ (WMO 722247)"
724084,Belmar-Monmouth Exec AP,NJ,New Jersey,USA,TMY3,"Belmar-Monmouth Exec AP, NJ (WMO 724084)"
997687,Burlington Generating Stn Heli,NJ,New Jersey,USA,TMYx,"Burlington Generating Stn Heli, NJ (WMO 997687)"
724076,CGS Atlantic City,NJ,New Jersey,USA,TMYx,"CGS Atlantic City, NJ (WMO 724076)"
745965,CGS Cape May,NJ,New Jersey,USA,TMYx,"CGS Cape May, NJ (WMO 745965)"
724087,CGS Manasquan Inlet,NJ,New Jersey,USA,TMYx,"CGS Manasquan Inlet, NJ (WMO 724087)"
724094,Caldwell-Essex County AP,NJ,New Jersey,USA,TMY3,"Caldwell-Essex County AP, NJ (WMO 724094)"
745966,Cape May AP,NJ,New Jersey,USA,TMY3,"Cape May AP, NJ (WMO 745966)"
724090,JB McGuire-Dix-Lakehurst-Maxfield Field,NJ,New Jersey,USA,TMYx,"JB McGuire-Dix-Lakehurst-Maxfield Field, NJ (WMO 724090)"
724096,JB McGuire-Dix-Lakehurst-McGuire AFB,NJ,New Jersey,USA,TMY3,"JB McGuire-Dix-Lakehurst-McGuire AFB, NJ (WMO 724096)"
998002,Jacques Cousteau Reserve-Nacote Creek,NJ,New Jersey,USA,TMYx,"Jacques Cousteau Reserve-Nacote Creek, NJ (WMO 998002)"
720581,Linden AP,NJ,New Jersey,USA,TMYx,"Linden AP, NJ (WMO 720581)"
724074,Lumberton-South Jersey Rgnl AP,NJ,New Jersey,USA,TMYx,"Lumberton-South Jersey Rgnl AP, NJ (WMO 724074)"
724075,Millville Muni AP,NJ,New Jersey,USA,TMY3,"Millville Muni AP, NJ (WMO 724075)"
724097,Morristown Muni AP,NJ,New Jersey,USA,TMYx,"Morristown Muni AP, NJ (WMO 724097)"
725020,Newark Liberty Intl AP,NJ,New Jersey,USA,TMY3,"Newark Liberty Intl AP, NJ (WMO 725020)"
997743,Robbins Reef Lighthouse,NJ,New Jersey,USA,TMYx,"Robbins Reef Lighthouse, NJ (WMO 997743)"
997289,Sandy Hook Lighthouse,NJ,New Jersey,USA,TMYx,"Sandy Hook Lighthouse, NJ (WMO 997289)"
740001,Sussex AP,NJ,New Jersey,USA,TMYx,"Sussex AP, NJ (WMO 740001)"
725025,Teterboro AP,NJ,New Jersey,USA,TMY3,"Teterboro AP, NJ (WMO 725025)"
720407,Toms River-Ocean County AP-Miller AP,NJ,New Jersey,USA,TMYx,"Toms River-Ocean County AP-Miller AP, NJ (WMO 720407)"
724095,Trenton-Mercer AP,NJ,New Jersey,USA,TMY3,"Trenton-Mercer AP, NJ (WMO 724095)"
718070,Argentia,NL,Newfoundland and Labrador,CAN,TMYx,"Argentia, NL (WMO 718070)"
714000,Badger,NL,Newfoundland and Labrador,CAN,TMYx,"Badger, NL (WMO 714000)"
718171,Battle Harbour,NL,Newfoundland and Labrador,CAN,TMYx,"Battle Harbour, NL (WMO 718171)"
711780,Bonavista,NL,Newfoundland and Labrador,CAN,TMYx,"Bonavista, NL (WMO 711780)"
711520,Burgeo,NL,Newfoundland and Labrador,CAN,TMYx,"Burgeo, NL (WMO 711520)"
711760,Cape Kakkiviak,NL,Newfoundland and Labrador,CAN,TMYx,"Cape Kakkiviak, NL (WMO 711760)"
711770,Cape Kiglapait,NL,Newfoundland and Labrador,CAN,TMYx,"Cape Kiglapait, NL (WMO 711770)"
718000,Cape Race,NL,Newfoundland and Labrador,CAN,TMYx,"Cape Race, NL (WMO 718000)"
718180,Cartwright AP,NL,Newfoundland and Labrador,CAN,TMYx,"Cartwright AP, NL (WMO 718180)"
711970,Channel-Port aux Basques,NL,Newfoundland and Labrador,CAN,TMYx,"Channel-Port aux Basques, NL (WMO 711970)"
710020,Churchill Falls AP,NL,Newfoundland and Labrador,CAN,TMYx,"Churchill Falls AP, NL (WMO 710020)"
719730,Corner Brook,NL,Newfoundland and Labrador,CAN,TMYx,"Corner Brook, NL (WMO 719730)"
711850,Daniels Harbour,NL,Newfoundland and Labrador,CAN,TMYx,"Daniels Harbour, NL (WMO 711850)"
718090,Deer Lake Rgnl AP,NL,Newfoundland and Labrador,CAN,TMYx,"Deer Lake Rgnl AP, NL (WMO 718090)"
714170,Englee,NL,Newfoundland and Labrador,CAN,TMYx,"Englee, NL (WMO 714170)"
714060,Ferolle Point,NL,Newfoundland and Labrador,CAN,TMYx,"Ferolle Point, NL (WMO 714060)"
718030,Gander Intl AP-CFB Gander,NL,Newfoundland and Labrador,CAN,TMYx,"Gander Intl AP-CFB Gander, NL (WMO 718030)"
718160,Goose Bay AP-CFB Goose Bay,NL,Newfoundland and Labrador,CAN,TMYx,"Goose Bay AP-CFB Goose Bay, NL (WMO 718160)"
713360,Grates Cove,NL,Newfoundland and Labrador,CAN,TMYx,"Grates Cove, NL (WMO 713360)"
719000,Hopedale AP,NL,Newfoundland and Labrador,CAN,TMYx,"Hopedale AP, NL (WMO 719000)"
713370,La Scie,NL,Newfoundland and Labrador,CAN,TMYx,"La Scie, NL (WMO 713370)"
719455,Long Pond Heliport,NL,Newfoundland and Labrador,CAN,TMYx,"Long Pond Heliport, NL (WMO 719455)"
710349,Makkovik AP,NL,Newfoundland and Labrador,CAN,TMYx,"Makkovik AP, NL (WMO 710349)"
716920,Marticot Island,NL,Newfoundland and Labrador,CAN,TMYx,"Marticot Island, NL (WMO 716920)"
713390,Marys Harbour AP,NL,Newfoundland and Labrador,CAN,TMYx,"Marys Harbour AP, NL (WMO 713390)"
719020,Nain AP,NL,Newfoundland and Labrador,CAN,TMYx,"Nain AP, NL (WMO 719020)"
719310,Pools Island,NL,Newfoundland and Labrador,CAN,TMYx,"Pools Island, NL (WMO 719310)"
715880,Rocky Harbour,NL,Newfoundland and Labrador,CAN,TMYx,"Rocky Harbour, NL (WMO 715880)"
713350,Saglek AP,NL,Newfoundland and Labrador,CAN,TMYx,"Saglek AP, NL (WMO 713350)"
714080,Sagona Island,NL,Newfoundland and Labrador,CAN,TMYx,"Sagona Island, NL (WMO 714080)"
711950,Saint Albans,NL,Newfoundland and Labrador,CAN,TMYx,"Saint Albans, NL (WMO 711950)"
718190,St Anthony AP,NL,Newfoundland and Labrador,CAN,TMYx,"St Anthony AP, NL (WMO 718190)"
715580,St Anthony AP AWOS,NL,Newfoundland and Labrador,CAN,TMYx,"St Anthony AP AWOS, NL (WMO 715580)"
718010,St Johns Intl AP,NL,Newfoundland and Labrador,CAN,TMYx,"St Johns Intl AP, NL (WMO 718010)"
712500,St Johns West Climate,NL,Newfoundland and Labrador,CAN,TMYx,"St Johns West Climate, NL (WMO 712500)"
711100,St Lawrence,NL,Newfoundland and Labrador,CAN,TMYx,"St Lawrence, NL (WMO 711100)"
718150,Stephenville Intl AP,NL,Newfoundland and Labrador,CAN,TMYx,"Stephenville Intl AP, NL (WMO 718150)"
711590,Stephenville RCS,NL,Newfoundland and Labrador,CAN,TMYx,"Stephenville RCS, NL (WMO 711590)"
715890,Terra Nova Natl Park,NL,Newfoundland and Labrador,CAN,TMYx,"Terra Nova Natl Park, NL (WMO 715890)"
711790,Tukialik Bay,NL,Newfoundland and Labrador,CAN,TMYx,"Tukialik Bay, NL (WMO 711790)"
714020,Twillingate,NL,Newfoundland and Labrador,CAN,TMYx,"Twillingate, NL (WMO 714020)"
718250,Wabush AP,NL,Newfoundland and Labrador,CAN,TMYx,"Wabush AP, NL (WMO 718250)"
711810,Winterland AP,NL,Newfoundland and Labrador,CAN,TMYx,"Winterland AP, NL (WMO 711810)"
711800,Wreckhouse,NL,Newfoundland and Labrador,CAN,TMYx,"Wreckhouse, NL (WMO 711800)"
747320,Alamogordo-Holloman AFB,NM,New Mexico,USA,TMY3,"Alamogordo-Holloman AFB, NM (WMO 747320)"
722693,Alamogordo-White Sands Rgnl AP,NM,New Mexico,USA,TMYx,"Alamogordo-White Sands Rgnl AP, NM (WMO 722693)"
723650,Albuquerque Intl Sunport,NM,New Mexico,USA,TMY3,"Albuquerque Intl Sunport, NM (WMO 723650)"
723647,Albuquerque-Double Eagle II AP,NM,New Mexico,USA,TMYx,"Albuquerque-Double Eagle II AP, NM (WMO 723647)"
720411,Angel Fire AP,NM,New Mexico,USA,TMYx,"Angel Fire AP, NM (WMO 720411)"
722676,Artesia Muni AP,NM,New Mexico,USA,TMYx,"Artesia Muni AP, NM (WMO 722676)"
722687,Carlsbad-Cavern City Air Terminal,NM,New Mexico,USA,TMY3,"Carlsbad-Cavern City Air Terminal, NM (WMO 722687)"
723675,Chama AWRS,NM,New Mexico,USA,TMYx,"Chama AWRS, NM (WMO 723675)"
723600,Clayton Muni Airpark,NM,New Mexico,USA,TMY3,"Clayton Muni Airpark, NM (WMO 723600)"
722677,Clines Corners,NM,New Mexico,USA,TMYx,"Clines Corners, NM (WMO 722677)"
722689,Clovis Muni AP,NM,New Mexico,USA,TMY3,"Clovis Muni AP, NM (WMO 722689)"
722686,Clovis-Cannon AFB,NM,New Mexico,USA,TMY3,"Clovis-Cannon AFB, NM (WMO 722686)"
722685,Corona-Lincoln Station AP,NM,New Mexico,USA,TMYx,"Corona-Lincoln Station AP, NM (WMO 722685)"
722725,Deming Muni AP,NM,New Mexico,USA,TMY3,"Deming Muni AP, NM (WMO 722725)"
723658,Farmington-Four Corners Rgnl AP,NM,New Mexico,USA,TMY3,"Farmington-Four Corners Rgnl AP, NM (WMO 723658)"
723627,Gallup Muni AP,NM,New Mexico,USA,TMY3,"Gallup Muni AP, NM (WMO 723627)"
723625,Grants-Milan Muni AP,NM,New Mexico,USA,TMYx,"Grants-Milan Muni AP, NM (WMO 723625)"
746320,Las Cruces 20 N,NM,New Mexico,USA,TMYx,"Las Cruces 20 N, NM (WMO 746320)"
722695,Las Cruces Intl AP,NM,New Mexico,USA,TMY3,"Las Cruces Intl AP, NM (WMO 722695)"
723677,Las Vegas Muni AP,NM,New Mexico,USA,TMY3,"Las Vegas Muni AP, NM (WMO 723677)"
722688,Lea County Rgnl AP,NM,New Mexico,USA,TMYx,"Lea County Rgnl AP, NM (WMO 722688)"
720976,Lordsburg Muni AP,NM,New Mexico,USA,TMYx,"Lordsburg Muni AP, NM (WMO 720976)"
723654,Los Alamos AP,NM,New Mexico,USA,TMYx,"Los Alamos AP, NM (WMO 723654)"
720963,McGregor Range Base Camp,NM,New Mexico,USA,TMYx,"McGregor Range Base Camp, NM (WMO 720963)"
746380,Melrose Gunnery Range,NM,New Mexico,USA,TMYx,"Melrose Gunnery Range, NM (WMO 746380)"
720772,Moriarty Muni AP,NM,New Mexico,USA,TMYx,"Moriarty Muni AP, NM (WMO 720772)"
747330,Northrup Landing Strip,NM,New Mexico,USA,TMYx,"Northrup Landing Strip, NM (WMO 747330)"
722678,Raton Muni AP-Crews Field,NM,New Mexico,USA,TMYx,"Raton Muni AP-Crews Field, NM (WMO 722678)"
722680,Roswell Industrial Air Center,NM,New Mexico,USA,TMY3,"Roswell Industrial Air Center, NM (WMO 722680)"
722683,Ruidoso-Sierra Blanca Rgnl AP,NM,New Mexico,USA,TMY3,"Ruidoso-Sierra Blanca Rgnl AP, NM (WMO 722683)"
723656,Santa Fe AP,NM,New Mexico,USA,TMY3,"Santa Fe AP, NM (WMO 723656)"
746340,Sevilleta Natl Wildlife Refuge,NM,New Mexico,USA,TMYx,"Sevilleta Natl Wildlife Refuge, NM (WMO 746340)"
722721,Silver City-Grant County AP,NM,New Mexico,USA,TMYx,"Silver City-Grant County AP, NM (WMO 722721)"
723620,Socorro AP,NM,New Mexico,USA,TMYx,"Socorro AP, NM (WMO 723620)"
746300,Stallion AAF,NM,New Mexico,USA,TMYx,"Stallion AAF, NM (WMO 746300)"
723659,Taos,NM,New Mexico,USA,TMYx,"Taos, NM (WMO 723659)"
723663,Taos Rgnl AP,NM,New Mexico,USA,TMY3,"Taos Rgnl AP, NM (WMO 723663)"
723657,Torreon,NM,New Mexico,USA,TMYx,"Torreon, NM (WMO 723657)"
722710,Truth or Consequences Muni AP,NM,New Mexico,USA,TMY3,"Truth or Consequences Muni AP, NM (WMO 722710)"
723676,Tucumcari Muni AP,NM,New Mexico,USA,TMY3,"Tucumcari Muni AP, NM (WMO 723676)"
746330,Valles Caldera Natl Preserve,NM,New Mexico,USA,TMYx,"Valles Caldera Natl Preserve, NM (WMO 746330)"
722690,White Sands,NM,New Mexico,USA,TMYx,"White Sands, NM (WMO 722690)"
747340,White Sands Missile Range Site No 39,NM,New Mexico,USA,TMYx,"White Sands Missile Range Site No 39, NM (WMO 747340)"
749825,Zuni,NM,New Mexico,USA,TMYx,"Zuni, NM (WMO 749825)"
719200,Baccaro Point,NS,Nova Scotia,CAN,TMYx,"Baccaro Point, NS (WMO 719200)"
714030,Beaver Island Lighthouse,NS,Nova Scotia,CAN,TMYx,"Beaver Island Lighthouse, NS (WMO 714030)"
713290,Bedford Basin,NS,Nova Scotia,CAN,TMYx,"Bedford Basin, NS (WMO 713290)"
713250,Bedford Range,NS,Nova Scotia,CAN,TMYx,"Bedford Range, NS (WMO 713250)"
719880,Brier Island,NS,Nova Scotia,CAN,TMYx,"Brier Island, NS (WMO 719880)"
713970,CFB Greenwood,NS,Nova Scotia,CAN,TMYx,"CFB Greenwood, NS (WMO 713970)"
713270,CFB Halifax-Windsor Park,NS,Nova Scotia,CAN,TMYx,"CFB Halifax-Windsor Park, NS (WMO 713270)"
716010,CFB Shearwater,NS,Nova Scotia,CAN,TMYx,"CFB Shearwater, NS (WMO 716010)"
714150,Caribou Point Lighthouse,NS,Nova Scotia,CAN,TMYx,"Caribou Point Lighthouse, NS (WMO 714150)"
719590,Cheticamp CS,NS,Nova Scotia,CAN,TMYx,"Cheticamp CS, NS (WMO 719590)"
713170,Debert AP,NS,Nova Scotia,CAN,TMYx,"Debert AP, NS (WMO 713170)"
714160,Fourchu Head,NS,Nova Scotia,CAN,TMYx,"Fourchu Head, NS (WMO 714160)"
715971,Grand Etang,NS,Nova Scotia,CAN,TMYx,"Grand Etang, NS (WMO 715971)"
713950,Halifax-Stanfield Intl AP,NS,Nova Scotia,CAN,TMYx,"Halifax-Stanfield Intl AP, NS (WMO 713950)"
714190,Hart Island,NS,Nova Scotia,CAN,TMYx,"Hart Island, NS (WMO 714190)"
710270,Ingonish Beach,NS,Nova Scotia,CAN,TMYx,"Ingonish Beach, NS (WMO 710270)"
717075,Inverness,NS,Nova Scotia,CAN,TMYx,"Inverness, NS (WMO 717075)"
715990,Kejimkujik Natl Park,NS,Nova Scotia,CAN,TMYx,"Kejimkujik Natl Park, NS (WMO 715990)"
716710,Kentville CDA CS,NS,Nova Scotia,CAN,TMYx,"Kentville CDA CS, NS (WMO 716710)"
710415,Lunenburg,NS,Nova Scotia,CAN,TMYx,"Lunenburg, NS (WMO 710415)"
715901,Malay Falls,NS,Nova Scotia,CAN,TMYx,"Malay Falls, NS (WMO 715901)"
715910,McNabs Island,NS,Nova Scotia,CAN,TMYx,"McNabs Island, NS (WMO 715910)"
713110,Nappan,NS,Nova Scotia,CAN,TMYx,"Nappan, NS (WMO 713110)"
716040,North Mountain,NS,Nova Scotia,CAN,TMYx,"North Mountain, NS (WMO 716040)"
717367,Northeast Margaree,NS,Nova Scotia,CAN,TMYx,"Northeast Margaree, NS (WMO 717367)"
713240,Osborne Head DND,NS,Nova Scotia,CAN,TMYx,"Osborne Head DND, NS (WMO 713240)"
714930,Parrsboro,NS,Nova Scotia,CAN,TMYx,"Parrsboro, NS (WMO 714930)"
710410,Port Hawkesbury AP,NS,Nova Scotia,CAN,TMYx,"Port Hawkesbury AP, NS (WMO 710410)"
716000,Sable Island Natl Park,NS,Nova Scotia,CAN,TMYx,"Sable Island Natl Park, NS (WMO 716000)"
712640,Shearwater RCS,NS,Nova Scotia,CAN,TMYx,"Shearwater RCS, NS (WMO 712640)"
714180,St Paul Island,NS,Nova Scotia,CAN,TMYx,"St Paul Island, NS (WMO 714180)"
717070,Sydney-McCurdy AP,NS,Nova Scotia,CAN,TMYx,"Sydney-McCurdy AP, NS (WMO 717070)"
713080,Tracadie,NS,Nova Scotia,CAN,TMYx,"Tracadie, NS (WMO 713080)"
717530,Upper Stewiacke RCS,NS,Nova Scotia,CAN,TMYx,"Upper Stewiacke RCS, NS (WMO 717530)"
714110,Western Head,NS,Nova Scotia,CAN,TMYx,"Western Head, NS (WMO 714110)"
716030,Yarmouth Intl AP,NS,Nova Scotia,CAN,TMYx,"Yarmouth Intl AP, NS (WMO 716030)"
719575,Aklavik AP,NT,Northwest Territories,CAN,TMYx,"Aklavik AP, NT (WMO 719575)"
719740,Aulvik Natl Park,NT,Northwest Territories,CAN,TMYx,"Aulvik Natl Park, NT (WMO 719740)"
719480,Cape Parry AP,NT,Northwest Territories,CAN,TMYx,"Cape Parry AP, NT (WMO 719480)"
710561,Clut Lake,NT,Northwest Territories,CAN,TMYx,"Clut Lake, NT (WMO 710561)"
710550,Colville Lake AP,NT,Northwest Territories,CAN,TMYx,"Colville Lake AP, NT (WMO 710550)"
710210,Deadmen Valley,NT,Northwest Territories,CAN,TMYx,"Deadmen Valley, NT (WMO 710210)"
715030,Deline AP,NT,Northwest Territories,CAN,TMYx,"Deline AP, NT (WMO 715030)"
710356,Ekati AP,NT,Northwest Territories,CAN,TMYx,"Ekati AP, NT (WMO 710356)"
714910,Fort Good Hope AP,NT,Northwest Territories,CAN,TMYx,"Fort Good Hope AP, NT (WMO 714910)"
714970,Fort Liard AP,NT,Northwest Territories,CAN,TMYx,"Fort Liard AP, NT (WMO 714970)"
719574,Fort McPherson AP,NT,Northwest Territories,CAN,TMYx,"Fort McPherson AP, NT (WMO 719574)"
710870,Fort Providence AP,NT,Northwest Territories,CAN,TMYx,"Fort Providence AP, NT (WMO 710870)"
711600,Fort Reliance,NT,Northwest Territories,CAN,TMYx,"Fort Reliance, NT (WMO 711600)"
710633,Fort Resolution AP,NT,Northwest Territories,CAN,TMYx,"Fort Resolution AP, NT (WMO 710633)"
719460,Fort Simpson AP,NT,Northwest Territories,CAN,TMYx,"Fort Simpson AP, NT (WMO 719460)"
713650,Fort Simpson CS,NT,Northwest Territories,CAN,TMYx,"Fort Simpson CS, NT (WMO 713650)"
719340,Fort Smith AP,NT,Northwest Territories,CAN,TMYx,"Fort Smith AP, NT (WMO 719340)"
713620,Fort Smith CS,NT,Northwest Territories,CAN,TMYx,"Fort Smith CS, NT (WMO 713620)"
719630,Hanbury River,NT,Northwest Territories,CAN,TMYx,"Hanbury River, NT (WMO 719630)"
713610,Hay River CS,NT,Northwest Territories,CAN,TMYx,"Hay River CS, NT (WMO 713610)"
719350,Hay River-Carter AP,NT,Northwest Territories,CAN,TMYx,"Hay River-Carter AP, NT (WMO 719350)"
710290,Holman CS,NT,Northwest Territories,CAN,TMYx,"Holman CS, NT (WMO 710290)"
711620,Inner Whalebacks-Great Slave Lake,NT,Northwest Territories,CAN,TMYx,"Inner Whalebacks-Great Slave Lake, NT (WMO 711620)"
713640,Inuvik CS,NT,Northwest Territories,CAN,TMYx,"Inuvik CS, NT (WMO 713640)"
719570,Inuvik-Zubko AP,NT,Northwest Territories,CAN,TMYx,"Inuvik-Zubko AP, NT (WMO 719570)"
710580,Keats Point,NT,Northwest Territories,CAN,TMYx,"Keats Point, NT (WMO 710580)"
719094,Kimmirut AP,NT,Northwest Territories,CAN,TMYx,"Kimmirut AP, NT (WMO 719094)"
711630,Lac la Martre-Whati AP,NT,Northwest Territories,CAN,TMYx,"Lac la Martre-Whati AP, NT (WMO 711630)"
716820,Lindburg Landing,NT,Northwest Territories,CAN,TMYx,"Lindburg Landing, NT (WMO 716820)"
711640,Little Chicago,NT,Northwest Territories,CAN,TMYx,"Little Chicago, NT (WMO 711640)"
719600,Liverpool Bay,NT,Northwest Territories,CAN,TMYx,"Liverpool Bay, NT (WMO 719600)"
716800,Lower Carp Lake,NT,Northwest Territories,CAN,TMYx,"Lower Carp Lake, NT (WMO 716800)"
715290,Lutselke AP,NT,Northwest Territories,CAN,TMYx,"Lutselke AP, NT (WMO 715290)"
719890,Mould Bay AP,NT,Northwest Territories,CAN,TMYx,"Mould Bay AP, NT (WMO 719890)"
710430,Norman Wells AP,NT,Northwest Territories,CAN,TMYx,"Norman Wells AP, NT (WMO 710430)"
714800,Norman Wells CS,NT,Northwest Territories,CAN,TMYx,"Norman Wells CS, NT (WMO 714800)"
719840,Paulatuk-Ruben AP,NT,Northwest Territories,CAN,TMYx,"Paulatuk-Ruben AP, NT (WMO 719840)"
715020,Pelly Island,NT,Northwest Territories,CAN,TMYx,"Pelly Island, NT (WMO 715020)"
715830,Qavvik Lake,NT,Northwest Territories,CAN,TMYx,"Qavvik Lake, NT (WMO 715830)"
719800,Rabbit Kettle,NT,Northwest Territories,CAN,TMYx,"Rabbit Kettle, NT (WMO 719800)"
711650,Rae Lakes AP,NT,Northwest Territories,CAN,TMYx,"Rae Lakes AP, NT (WMO 711650)"
714670,Sachs Harbour AP,NT,Northwest Territories,CAN,TMYx,"Sachs Harbour AP, NT (WMO 714670)"
710520,Storm Hills,NT,Northwest Territories,CAN,TMYx,"Storm Hills, NT (WMO 710520)"
719160,Thomsen River,NT,Northwest Territories,CAN,TMYx,"Thomsen River, NT (WMO 719160)"
716830,Trail Valley Res Stn,NT,Northwest Territories,CAN,TMYx,"Trail Valley Res Stn, NT (WMO 716830)"
711660,Trout Lake AP,NT,Northwest Territories,CAN,TMYx,"Trout Lake AP, NT (WMO 711660)"
719850,Tuktoyaktuk-Gruben AP,NT,Northwest Territories,CAN,TMYx,"Tuktoyaktuk-Gruben AP, NT (WMO 719850)"
714920,Tuktut Nogait,NT,Northwest Territories,CAN,TMYx,"Tuktut Nogait, NT (WMO 714920)"
719576,Tulita AP,NT,Northwest Territories,CAN,TMYx,"Tulita AP, NT (WMO 719576)"
710205,Wekweeti AP,NT,Northwest Territories,CAN,TMYx,"Wekweeti AP, NT (WMO 710205)"
719465,Wrigley AP,NT,Northwest Territories,CAN,TMYx,"Wrigley AP, NT (WMO 719465)"
719360,Yellowknife AP,NT,Northwest Territories,CAN,TMYx,"Yellowknife AP, NT (WMO 719360)"
710200,Yohin,NT,Northwest Territories,CAN,TMYx,"Yohin, NT (WMO 710200)"
718432,Akulivik AP,NU,Nunavut,CAN,TMYx,"Akulivik AP, NU (WMO 718432)"
710823,Alert AP,NU,Nunavut,CAN,TMYx,"Alert AP, NU (WMO 710823)"
715920,Arctic Bay CS,NU,Nunavut,CAN,TMYx,"Arctic Bay CS, NU (WMO 715920)"
711740,Arviat AP,NU,Nunavut,CAN,TMYx,"Arviat AP, NU (WMO 711740)"
713220,Arviat CS,NU,Nunavut,CAN,TMYx,"Arviat CS, NU (WMO 713220)"
719260,Baker Lake AP,NU,Nunavut,CAN,TMYx,"Baker Lake AP, NU (WMO 719260)"
713560,Baker Lake CS,NU,Nunavut,CAN,TMYx,"Baker Lake CS, NU (WMO 713560)"
718740,Bathurst Inlet,NU,Nunavut,CAN,TMYx,"Bathurst Inlet, NU (WMO 718740)"
710970,Brevoort Island,NU,Nunavut,CAN,TMYx,"Brevoort Island, NU (WMO 710970)"
710960,Broughton Island,NU,Nunavut,CAN,TMYx,"Broughton Island, NU (WMO 710960)"
719290,Byron Bay AP,NU,Nunavut,CAN,TMYx,"Byron Bay AP, NU (WMO 719290)"
713550,CFB Alert,NU,Nunavut,CAN,TMYx,"CFB Alert, NU (WMO 713550)"
719180,Cam Four,NU,Nunavut,CAN,TMYx,"Cam Four, NU (WMO 719180)"
719250,Cambridge Bay AP,NU,Nunavut,CAN,TMYx,"Cambridge Bay AP, NU (WMO 719250)"
719100,Cape Dorset AP,NU,Nunavut,CAN,TMYx,"Cape Dorset AP, NU (WMO 719100)"
715750,Cape Dorset CS,NU,Nunavut,CAN,TMYx,"Cape Dorset CS, NU (WMO 715750)"
710940,Cape Dyer,NU,Nunavut,CAN,TMYx,"Cape Dyer, NU (WMO 710940)"
710930,Cape Hooper,NU,Nunavut,CAN,TMYx,"Cape Hooper, NU (WMO 710930)"
719750,Cape Mercy,NU,Nunavut,CAN,TMYx,"Cape Mercy, NU (WMO 719750)"
710640,Cape Peel West,NU,Nunavut,CAN,TMYx,"Cape Peel West, NU (WMO 710640)"
719390,Cape Young AP,NU,Nunavut,CAN,TMYx,"Cape Young AP, NU (WMO 719390)"
718429,Chesterfield Inlet AP,NU,Nunavut,CAN,TMYx,"Chesterfield Inlet AP, NU (WMO 718429)"
710530,Clinton Point AP,NU,Nunavut,CAN,TMYx,"Clinton Point AP, NU (WMO 710530)"
710900,Clyde River AP,NU,Nunavut,CAN,TMYx,"Clyde River AP, NU (WMO 710900)"
713580,Clyde River CS,NU,Nunavut,CAN,TMYx,"Clyde River CS, NU (WMO 713580)"
719150,Coral Harbour AP,NU,Nunavut,CAN,TMYx,"Coral Harbour AP, NU (WMO 719150)"
710590,Croker River,NU,Nunavut,CAN,TMYx,"Croker River, NU (WMO 710590)"
710920,Dewar Lakes Stn,NU,Nunavut,CAN,TMYx,"Dewar Lakes Stn, NU (WMO 710920)"
714999,Dubawnt Lake,NU,Nunavut,CAN,TMYx,"Dubawnt Lake, NU (WMO 714999)"
719230,Ennadai Lake,NU,Nunavut,CAN,TMYx,"Ennadai Lake, NU (WMO 719230)"
719170,Eureka,NU,Nunavut,CAN,TMYx,"Eureka, NU (WMO 719170)"
716290,Fort Ross,NU,Nunavut,CAN,TMYx,"Fort Ross, NU (WMO 716290)"
711410,Gateshead Island,NU,Nunavut,CAN,TMYx,"Gateshead Island, NU (WMO 711410)"
715970,Gjoa Haven AP,NU,Nunavut,CAN,TMYx,"Gjoa Haven AP, NU (WMO 715970)"
713630,Gjoa Haven CS,NU,Nunavut,CAN,TMYx,"Gjoa Haven CS, NU (WMO 713630)"
719710,Grise Fiord CS,NU,Nunavut,CAN,TMYx,"Grise Fiord CS, NU (WMO 719710)"
713200,Hall Beach AP,NU,Nunavut,CAN,TMYx,"Hall Beach AP, NU (WMO 713200)"
710840,Hat Island,NU,Nunavut,CAN,TMYx,"Hat Island, NU (WMO 710840)"
710814,Igloolik AP,NU,Nunavut,CAN,TMYx,"Igloolik AP, NU (WMO 710814)"
719090,Iqaluit AP,NU,Nunavut,CAN,TMYx,"Iqaluit AP, NU (WMO 719090)"
713210,Iqaluit CS,NU,Nunavut,CAN,TMYx,"Iqaluit CS, NU (WMO 713210)"
710740,Isachsen,NU,Nunavut,CAN,TMYx,"Isachsen, NU (WMO 710740)"
710710,Jenny Lind Island AP,NU,Nunavut,CAN,TMYx,"Jenny Lind Island AP, NU (WMO 710710)"
714070,Kugaaruk AP,NU,Nunavut,CAN,TMYx,"Kugaaruk AP, NU (WMO 714070)"
719380,Kugluktuk AP,NU,Nunavut,CAN,TMYx,"Kugluktuk AP, NU (WMO 719380)"
713320,Kugluktuk CS,NU,Nunavut,CAN,TMYx,"Kugluktuk CS, NU (WMO 713320)"
719370,Lady Franklin Point AP,NU,Nunavut,CAN,TMYx,"Lady Franklin Point AP, NU (WMO 719370)"
710910,Longstaff Bluff AP,NU,Nunavut,CAN,TMYx,"Longstaff Bluff AP, NU (WMO 710910)"
714700,Lupin AP CS,NU,Nunavut,CAN,TMYx,"Lupin AP CS, NU (WMO 714700)"
710800,Mackar Inlet,NU,Nunavut,CAN,TMYx,"Mackar Inlet, NU (WMO 710800)"
719143,Nanisivik AP,NU,Nunavut,CAN,TMYx,"Nanisivik AP, NU (WMO 719143)"
710944,Naujaat-Repulse Bay AP,NU,Nunavut,CAN,TMYx,"Naujaat-Repulse Bay AP, NU (WMO 710944)"
719081,Nottingham Island,NU,Nunavut,CAN,TMYx,"Nottingham Island, NU (WMO 719081)"
749142,Padloping Island,NU,Nunavut,CAN,TMYx,"Padloping Island, NU (WMO 749142)"
718260,Pangnirtung AP,NU,Nunavut,CAN,TMYx,"Pangnirtung AP, NU (WMO 718260)"
710950,Pond Inlet AP,NU,Nunavut,CAN,TMYx,"Pond Inlet AP, NU (WMO 710950)"
715760,Pond Inlet CS,NU,Nunavut,CAN,TMYx,"Pond Inlet CS, NU (WMO 715760)"
713570,Qikiqtarjuaq AP,NU,Nunavut,CAN,TMYx,"Qikiqtarjuaq AP, NU (WMO 713570)"
710830,Rankin Inlet AP,NU,Nunavut,CAN,TMYx,"Rankin Inlet AP, NU (WMO 710830)"
719830,Rea Point AP,NU,Nunavut,CAN,TMYx,"Rea Point AP, NU (WMO 719830)"
719240,Resolute Bay AP,NU,Nunavut,CAN,TMYx,"Resolute Bay AP, NU (WMO 719240)"
719720,Resolution Island,NU,Nunavut,CAN,TMYx,"Resolution Island, NU (WMO 719720)"
714900,Robertson Lake,NU,Nunavut,CAN,TMYx,"Robertson Lake, NU (WMO 714900)"
710880,Rowley Island AP,NU,Nunavut,CAN,TMYx,"Rowley Island AP, NU (WMO 710880)"
719104,Sanikiluaq AP,NU,Nunavut,CAN,TMYx,"Sanikiluaq AP, NU (WMO 719104)"
719110,Shepherd Bay AP,NU,Nunavut,CAN,TMYx,"Shepherd Bay AP, NU (WMO 719110)"
710170,Stefansson Island,NU,Nunavut,CAN,TMYx,"Stefansson Island, NU (WMO 710170)"
718720,Svartevaeg,NU,Nunavut,CAN,TMYx,"Svartevaeg, NU (WMO 718720)"
719141,Taloyak AP,NU,Nunavut,CAN,TMYx,"Taloyak AP, NU (WMO 719141)"
715800,Taloyoak AP,NU,Nunavut,CAN,TMYx,"Taloyoak AP, NU (WMO 715800)"
710490,Wager Bay,NU,Nunavut,CAN,TMYx,"Wager Bay, NU (WMO 710490)"
710735,Whale Cove AP,NU,Nunavut,CAN,TMYx,"Whale Cove AP, NU (WMO 710735)"
725826,Austin,NV,Nevada,USA,TMYx,"Austin, NV (WMO 725826)"
723880,Baker-Great Basin Lehman Caves Natl Park,NV,Nevada,USA,TMYx,"Baker-Great Basin Lehman Caves Natl Park, NV (WMO 723880)"
725835,Battle Mountain AP,NV,Nevada,USA,TMYx,"Battle Mountain AP, NV (WMO 725835)"
720741,Boulder City Muni AP,NV,Nevada,USA,TMYx,"Boulder City Muni AP, NV (WMO 720741)"
724870,Caliente AMOS,NV,Nevada,USA,TMYx,"Caliente AMOS, NV (WMO 724870)"
720549,Carson City AP,NV,Nevada,USA,TMYx,"Carson City AP, NV (WMO 720549)"
746141,Creech AFB-Indian Springs Gunnery Range,NV,Nevada,USA,TMYx,"Creech AFB-Indian Springs Gunnery Range, NV (WMO 746141)"
723920,Desert Rock SURFRAD,NV,Nevada,USA,TMYx,"Desert Rock SURFRAD, NV (WMO 723920)"
725820,Elko,NV,Nevada,USA,TMYx,"Elko, NV (WMO 725820)"
725825,Elko Rgnl AP-Harris Field,NV,Nevada,USA,TMY3,"Elko Rgnl AP-Harris Field, NV (WMO 725825)"
724860,Ely AP-Yelland Field,NV,Nevada,USA,TMY3,"Ely AP-Yelland Field, NV (WMO 724860)"
724770,Eureka AP-Bailey Field,NV,Nevada,USA,TMYx,"Eureka AP-Bailey Field, NV (WMO 724770)"
724856,Hawthorne Indl AP,NV,Nevada,USA,TMYx,"Hawthorne Indl AP, NV (WMO 724856)"
722096,Henderson Exec AP,NV,Nevada,USA,TMYx,"Henderson Exec AP, NV (WMO 722096)"
690170,Indian Springs Range 63,NV,Nevada,USA,TMYx,"Indian Springs Range 63, NV (WMO 690170)"
723860,Las Vegas-McCarran Intl AP,NV,Nevada,USA,TMY3,"Las Vegas-McCarran Intl AP, NV (WMO 723860)"
723865,Las Vegas-Nellis AFB,NV,Nevada,USA,TMY3,"Las Vegas-Nellis AFB, NV (WMO 723865)"
746140,Las Vegas-Nellis AFB,NV,Nevada,USA,TMYx,"Las Vegas-Nellis AFB, NV (WMO 746140)"
725805,Lovelock-Derby Field,NV,Nevada,USA,TMY3,"Lovelock-Derby Field, NV (WMO 725805)"
723870,Mercury-Desert Rock AP-SURFRAD,NV,Nevada,USA,TMY3,"Mercury-Desert Rock AP-SURFRAD, NV (WMO 723870)"
720551,Minden Tahoe AP,NV,Nevada,USA,TMYx,"Minden Tahoe AP, NV (WMO 720551)"
724885,NAS Fallon-Van Voorhis Field,NV,Nevada,USA,TMY3,"NAS Fallon-Van Voorhis Field, NV (WMO 724885)"
723851,Nevada Test Site-Yucca AF,NV,Nevada,USA,TMYx,"Nevada Test Site-Yucca AF, NV (WMO 723851)"
724846,North Las Vegas AP,NV,Nevada,USA,TMYx,"North Las Vegas AP, NV (WMO 724846)"
720839,Reno Stead AP,NV,Nevada,USA,TMYx,"Reno Stead AP, NV (WMO 720839)"
724880,Reno-Tahoe Intl AP,NV,Nevada,USA,TMY3,"Reno-Tahoe Intl AP, NV (WMO 724880)"
723850,Sheldon Natl Antelope Refuge,NV,Nevada,USA,TMYx,"Sheldon Natl Antelope Refuge, NV (WMO 723850)"
724855,Tonopah AP,NV,Nevada,USA,TMY3,"Tonopah AP, NV (WMO 724855)"
725827,Wild Horse Reservoir,NV,Nevada,USA,TMYx,"Wild Horse Reservoir, NV (WMO 725827)"
725830,Winnemucca Muni AP,NV,Nevada,USA,TMY3,"Winnemucca Muni AP, NV (WMO 725830)"
725180,Albany Intl AP,NY,New York,USA,TMY3,"Albany Intl AP, NY (WMO 725180)"
998223,Alexandria Bay,NY,New York,USA,TMYx,"Alexandria Bay, NY (WMO 998223)"
724098,Ambrose Lightstation,NY,New York,USA,TMYx,"Ambrose Lightstation, NY (WMO 724098)"
997272,Bergen Point,NY,New York,USA,TMYx,"Bergen Point, NY (WMO 997272)"
725150,Binghamton-Greater Binghamton AP-Link Field,NY,New York,USA,TMY3,"Binghamton-Greater Binghamton AP-Link Field, NY (WMO 725150)"
725016,Brookhaven Calabro AP,NY,New York,USA,TMYx,"Brookhaven Calabro AP, NY (WMO 725016)"
744976,Brooklyn-Bennett Field,NY,New York,USA,TMYx,"Brooklyn-Bennett Field, NY (WMO 744976)"
725280,Buffalo Niagara Intl AP,NY,New York,USA,TMY3,"Buffalo Niagara Intl AP, NY (WMO 725280)"
725285,CGS Buffalo,NY,New York,USA,TMYx,"CGS Buffalo, NY (WMO 725285)"
725039,CGS Eatons Neck,NY,New York,USA,TMYx,"CGS Eatons Neck, NY (WMO 725039)"
725288,CGS Niagara,NY,New York,USA,TMYx,"CGS Niagara, NY (WMO 725288)"
725195,CGS Oswego,NY,New York,USA,TMYx,"CGS Oswego, NY (WMO 725195)"
725295,CGS Rochester,NY,New York,USA,TMYx,"CGS Rochester, NY (WMO 725295)"
744975,CGS Short Beach,NY,New York,USA,TMYx,"CGS Short Beach, NY (WMO 744975)"
725028,Captree Island-Fire Island Lighthouse,NY,New York,USA,TMYx,"Captree Island-Fire Island Lighthouse, NY (WMO 725028)"
725283,Cattaraugus County Olean AP,NY,New York,USA,TMYx,"Cattaraugus County Olean AP, NY (WMO 725283)"
725235,Chautauqua County-Jamestown AP-Jackson Field,NY,New York,USA,TMY3,"Chautauqua County-Jamestown AP-Jackson Field, NY (WMO 725235)"
994590,Collins Landing-Thousand Island Bridge,NY,New York,USA,TMYx,"Collins Landing-Thousand Island Bridge, NY (WMO 994590)"
743690,Cornell Univ Cooperative Extension Dutchess County-Institute Ecosystems Studies,NY,New York,USA,TMYx,"Cornell Univ Cooperative Extension Dutchess County-Institute Ecosystems Studies, NY (WMO 743690)"
725270,Cornell Univ Teaching Dairy Barn,NY,New York,USA,TMYx,"Cornell Univ Teaching Dairy Barn, NY (WMO 725270)"
725230,Dansville Muni AP,NY,New York,USA,TMYx,"Dansville Muni AP, NY (WMO 725230)"
744989,Dunkirk AP,NY,New York,USA,TMYx,"Dunkirk AP, NY (WMO 744989)"
994250,Dunkirk Lighthouse,NY,New York,USA,TMYx,"Dunkirk Lighthouse, NY (WMO 994250)"
722098,East Hampton AP,NY,New York,USA,TMYx,"East Hampton AP, NY (WMO 722098)"
725156,Elmira-Corning Rgnl AP,NY,New York,USA,TMY3,"Elmira-Corning Rgnl AP, NY (WMO 725156)"
744864,Farmingdale-Republic AP,NY,New York,USA,TMY3,"Farmingdale-Republic AP, NY (WMO 744864)"
725146,Fulton-Oswego County AP,NY,New York,USA,TMYx,"Fulton-Oswego County AP, NY (WMO 725146)"
994320,Galloo Island,NY,New York,USA,TMYx,"Galloo Island, NY (WMO 994320)"
725220,Glens Falls-Bennett Meml AP,NY,New York,USA,TMY3,"Glens Falls-Bennett Meml AP, NY (WMO 725220)"
997991,Hudson River Reserve,NY,New York,USA,TMYx,"Hudson River Reserve, NY (WMO 997991)"
725050,Islip-Long Island MacArthur AP,NY,New York,USA,TMY3,"Islip-Long Island MacArthur AP, NY (WMO 725050)"
725155,Ithaca Tompkins Rgnl AP,NY,New York,USA,TMYx,"Ithaca Tompkins Rgnl AP, NY (WMO 725155)"
997280,Kings Point Park,NY,New York,USA,TMYx,"Kings Point Park, NY (WMO 997280)"
726223,Massena Intl AP-Richards Field,NY,New York,USA,TMY3,"Massena Intl AP-Richards Field, NY (WMO 726223)"
725014,Montauk AP,NY,New York,USA,TMYx,"Montauk AP, NY (WMO 725014)"
725015,Montgomery-Orange County AP,NY,New York,USA,TMYx,"Montgomery-Orange County AP, NY (WMO 725015)"
725145,Monticello-Sullivan County Intl AP,NY,New York,USA,TMY3,"Monticello-Sullivan County Intl AP, NY (WMO 725145)"
725053,New York-Central Park Observatory-Belvedere Castle,NY,New York,USA,TMY3,"New York-Central Park Observatory-Belvedere Castle, NY (WMO 725053)"
720553,New York-Downtown Manhattan Heli,NY,New York,USA,TMYx,"New York-Downtown Manhattan Heli, NY (WMO 720553)"
744860,New York-Kennedy Intl AP,NY,New York,USA,TMY3,"New York-Kennedy Intl AP, NY (WMO 744860)"
725030,New York-LaGuardia AP,NY,New York,USA,TMY3,"New York-LaGuardia AP, NY (WMO 725030)"
725038,Newburgh-Stewart Intl AP,NY,New York,USA,TMY3,"Newburgh-Stewart Intl AP, NY (WMO 725038)"
725287,Niagara Falls Intl AP,NY,New York,USA,TMY3,"Niagara Falls Intl AP, NY (WMO 725287)"
998235,Niagara Intake,NY,New York,USA,TMYx,"Niagara Intake, NY (WMO 998235)"
998435,Ogdensburg,NY,New York,USA,TMYx,"Ogdensburg, NY (WMO 998435)"
725186,Ogdensburg Intl AP,NY,New York,USA,TMYx,"Ogdensburg Intl AP, NY (WMO 725186)"
997989,Olcott Harbor,NY,New York,USA,TMYx,"Olcott Harbor, NY (WMO 997989)"
725194,Penn Yan AP,NY,New York,USA,TMYx,"Penn Yan AP, NY (WMO 725194)"
726225,Plattsburgh Intl AP,NY,New York,USA,TMYx,"Plattsburgh Intl AP, NY (WMO 726225)"
725187,Plattsburgh-Clinton County AP,NY,New York,USA,TMYx,"Plattsburgh-Clinton County AP, NY (WMO 725187)"
725036,Poughkeepsie-Dutchess County AP,NY,New York,USA,TMY3,"Poughkeepsie-Dutchess County AP, NY (WMO 725036)"
725290,Rochester-Greater Rochester Intl AP,NY,New York,USA,TMY3,"Rochester-Greater Rochester Intl AP, NY (WMO 725290)"
725196,Rome-Griffiss Intl AP,NY,New York,USA,TMYx,"Rome-Griffiss Intl AP, NY (WMO 725196)"
726228,Saranac Lake-Adirondack Rgnl AP,NY,New York,USA,TMY3,"Saranac Lake-Adirondack Rgnl AP, NY (WMO 726228)"
744994,Schenectady County AP,NY,New York,USA,TMYx,"Schenectady County AP, NY (WMO 744994)"
998266,Sturgeon Point Marina,NY,New York,USA,TMYx,"Sturgeon Point Marina, NY (WMO 998266)"
994580,Superior Shoals,NY,New York,USA,TMYx,"Superior Shoals, NY (WMO 994580)"
725190,Syracuse Hancock Intl AP,NY,New York,USA,TMY3,"Syracuse Hancock Intl AP, NY (WMO 725190)"
749105,Uniondale-Mitchel AFB,NY,New York,USA,TMYx,"Uniondale-Mitchel AFB, NY (WMO 749105)"
725197,Utica-Oneida County AP,NY,New York,USA,TMY3,"Utica-Oneida County AP, NY (WMO 725197)"
726227,Watertown Intl AP,NY,New York,USA,TMY3,"Watertown Intl AP, NY (WMO 726227)"
743700,Watertown-Fort Drum-Wheeler-Sack AAF,NY,New York,USA,TMY3,"Watertown-Fort Drum-Wheeler-Sack AAF, NY (WMO 743700)"
725157,Wellsville Muni AP-Tarantine Field,NY,New York,USA,TMYx,"Wellsville Muni AP-Tarantine Field, NY (WMO 725157)"
744865,Westhampton-Gabreski AP,NY,New York,USA,TMY3,"Westhampton-Gabreski AP, NY (WMO 744865)"
725037,White Plains-Westchester County AP,NY,New York,USA,TMY3,"White Plains-Westchester County AP, NY (WMO 725037)"
724303,Akron Fulton Intl AP,OH,Ohio,USA,TMYx,"Akron Fulton Intl AP, OH (WMO 724303)"
725210,Akron-Canton AP,OH,Ohio,USA,TMY3,"Akron-Canton AP, OH (WMO 725210)"
720397,Albany-Ohio Univ AP-Bush AP-Snyder Field,OH,Ohio,USA,TMYx,"Albany-Ohio Univ AP-Bush AP-Snyder Field, OH (WMO 720397)"
725255,Ashtabula Harbor Light,OH,Ohio,USA,TMYx,"Ashtabula Harbor Light, OH (WMO 725255)"
720944,Bellefontaine Rgnl AP,OH,Ohio,USA,TMYx,"Bellefontaine Rgnl AP, OH (WMO 720944)"
997295,CGS Toledo,OH,Ohio,USA,TMYx,"CGS Toledo, OH (WMO 997295)"
724297,Cincinnati Muni AP-Lunken Field,OH,Ohio,USA,TMY3,"Cincinnati Muni AP-Lunken Field, OH (WMO 724297)"
724299,Clermont County AP,OH,Ohio,USA,TMYx,"Clermont County AP, OH (WMO 724299)"
725245,Cleveland Burke Lakefront AP,OH,Ohio,USA,TMY3,"Cleveland Burke Lakefront AP, OH (WMO 725245)"
997692,Cleveland Harbor,OH,Ohio,USA,TMYx,"Cleveland Harbor, OH (WMO 997692)"
725240,Cleveland Hopkins Intl AP,OH,Ohio,USA,TMY3,"Cleveland Hopkins Intl AP, OH (WMO 725240)"
724284,Columbus-Bolton Field AP,OH,Ohio,USA,TMYx,"Columbus-Bolton Field AP, OH (WMO 724284)"
724288,Columbus-Ohio State Univ AP,OH,Ohio,USA,TMY3,"Columbus-Ohio State Univ AP, OH (WMO 724288)"
724280,Columbus-Port Columbus Intl AP,OH,Ohio,USA,TMY3,"Columbus-Port Columbus Intl AP, OH (WMO 724280)"
724285,Columbus-Rickenbacker ANGB,OH,Ohio,USA,TMYx,"Columbus-Rickenbacker ANGB, OH (WMO 724285)"
998166,Conneaut Breakwater,OH,Ohio,USA,TMYx,"Conneaut Breakwater, OH (WMO 998166)"
725247,Cuyahoga County AP,OH,Ohio,USA,TMYx,"Cuyahoga County AP, OH (WMO 725247)"
724290,Dayton Intl AP,OH,Ohio,USA,TMY3,"Dayton Intl AP, OH (WMO 724290)"
724276,Dayton-Wright Brothers AP,OH,Ohio,USA,TMYx,"Dayton-Wright Brothers AP, OH (WMO 724276)"
745700,Dayton-Wright-Patterson AFB,OH,Ohio,USA,TMY3,"Dayton-Wright-Patterson AFB, OH (WMO 745700)"
725254,Defiance Meml AP,OH,Ohio,USA,TMYx,"Defiance Meml AP, OH (WMO 725254)"
720928,Delaware Muni AP-Moore Field,OH,Ohio,USA,TMYx,"Delaware Muni AP-Moore Field, OH (WMO 720928)"
998281,Fairport Harbor-Headlands Beach State Park,OH,Ohio,USA,TMYx,"Fairport Harbor-Headlands Beach State Park, OH (WMO 998281)"
725366,Findlay AP,OH,Ohio,USA,TMY3,"Findlay AP, OH (WMO 725366)"
997999,Geneva on the Lake,OH,Ohio,USA,TMYx,"Geneva on the Lake, OH (WMO 997999)"
725217,Hamilton-Butler County Rgnl AP,OH,Ohio,USA,TMYx,"Hamilton-Butler County Rgnl AP, OH (WMO 725217)"
998001,Huron Lighthouse and Pier,OH,Ohio,USA,TMYx,"Huron Lighthouse and Pier, OH (WMO 998001)"
998179,Huron-Old Women Creek Reserve,OH,Ohio,USA,TMYx,"Huron-Old Women Creek Reserve, OH (WMO 998179)"
725256,Jefferson-Northeast Ohio Rgnl AP,OH,Ohio,USA,TMYx,"Jefferson-Northeast Ohio Rgnl AP, OH (WMO 725256)"
724294,Lancaster-Fairfield County AP,OH,Ohio,USA,TMYx,"Lancaster-Fairfield County AP, OH (WMO 724294)"
724298,Lima Allen County AP,OH,Ohio,USA,TMYx,"Lima Allen County AP, OH (WMO 724298)"
725214,Lorain County Rgnl AP,OH,Ohio,USA,TMYx,"Lorain County Rgnl AP, OH (WMO 725214)"
725215,Lorain Harbor Lighthouse,OH,Ohio,USA,TMYx,"Lorain Harbor Lighthouse, OH (WMO 725215)"
724200,Mansfield Lahm Rgnl AP,OH,Ohio,USA,TMY3,"Mansfield Lahm Rgnl AP, OH (WMO 724200)"
997293,Marblehead,OH,Ohio,USA,TMYx,"Marblehead, OH (WMO 997293)"
725249,Marblehead Lighthouse State Park,OH,Ohio,USA,TMYx,"Marblehead Lighthouse State Park, OH (WMO 725249)"
725208,Marion Muni AP,OH,Ohio,USA,TMYx,"Marion Muni AP, OH (WMO 725208)"
720651,Marysville-Union County AP,OH,Ohio,USA,TMYx,"Marysville-Union County AP, OH (WMO 720651)"
722249,Middletown Rgnl AP-Hook Field,OH,Ohio,USA,TMYx,"Middletown Rgnl AP-Hook Field, OH (WMO 722249)"
720414,Mt Vernon-Knox County AP,OH,Ohio,USA,TMYx,"Mt Vernon-Knox County AP, OH (WMO 720414)"
725224,New Philadelphia-Clever Field AP,OH,Ohio,USA,TMYx,"New Philadelphia-Clever Field AP, OH (WMO 725224)"
725229,Newark-Heath AP,OH,Ohio,USA,TMYx,"Newark-Heath AP, OH (WMO 725229)"
720709,Putnam County AP,OH,Ohio,USA,TMYx,"Putnam County AP, OH (WMO 720709)"
725253,Ravenna-Portage County AP,OH,Ohio,USA,TMYx,"Ravenna-Portage County AP, OH (WMO 725253)"
725216,Smithville-Wayne County AP,OH,Ohio,USA,TMYx,"Smithville-Wayne County AP, OH (WMO 725216)"
994340,South Bass Island,OH,Ohio,USA,TMYx,"South Bass Island, OH (WMO 994340)"
724295,Springfield-Beckley Muni AP,OH,Ohio,USA,TMYx,"Springfield-Beckley Muni AP, OH (WMO 724295)"
724287,Toledo Exec AP-Metcalf Field,OH,Ohio,USA,TMYx,"Toledo Exec AP-Metcalf Field, OH (WMO 724287)"
725360,Toledo Express AP,OH,Ohio,USA,TMY3,"Toledo Express AP, OH (WMO 725360)"
997344,Toledo Light 2-Toledo Harbor Lighthouse,OH,Ohio,USA,TMYx,"Toledo Light 2-Toledo Harbor Lighthouse, OH (WMO 997344)"
720713,Versailles-Darke County AP,OH,Ohio,USA,TMYx,"Versailles-Darke County AP, OH (WMO 720713)"
725244,Willoughby-Lost Nation AP,OH,Ohio,USA,TMYx,"Willoughby-Lost Nation AP, OH (WMO 725244)"
724296,Wilmington WSFO,OH,Ohio,USA,TMYx,"Wilmington WSFO, OH (WMO 724296)"
725250,Youngstown-Warren Rgnl AP,OH,Ohio,USA,TMY3,"Youngstown-Warren Rgnl AP, OH (WMO 725250)"
724286,Zanesville Muni AP,OH,Ohio,USA,TMY3,"Zanesville Muni AP, OH (WMO 724286)"
722044,Ada Muni AP,OK,Oklahoma,USA,TMYx,"Ada Muni AP, OK (WMO 722044)"
723520,Altus AFB,OK,Oklahoma,USA,TMY3,"Altus AFB, OK (WMO 723520)"
720354,Altus-Quartz Mountain Rgnl AP,OK,Oklahoma,USA,TMYx,"Altus-Quartz Mountain Rgnl AP, OK (WMO 720354)"
722052,Alva Rgnl AP,OK,Oklahoma,USA,TMYx,"Alva Rgnl AP, OK (WMO 722052)"
723529,Ardmore Downtown Exec AP,OK,Oklahoma,USA,TMYx,"Ardmore Downtown Exec AP, OK (WMO 723529)"
723555,Ardmore Muni AP,OK,Oklahoma,USA,TMYx,"Ardmore Muni AP, OK (WMO 723555)"
722051,Atoka Muni AP,OK,Oklahoma,USA,TMYx,"Atoka Muni AP, OK (WMO 722051)"
723565,Bartlesville Muni AP-Phillips Field,OK,Oklahoma,USA,TMY3,"Bartlesville Muni AP-Phillips Field, OK (WMO 723565)"
720625,Blackwell-Tonkawa Muni AP,OK,Oklahoma,USA,TMYx,"Blackwell-Tonkawa Muni AP, OK (WMO 720625)"
722099,Chandler Muni AP,OK,Oklahoma,USA,TMYx,"Chandler Muni AP, OK (WMO 722099)"
722071,Chickasha Muni AP,OK,Oklahoma,USA,TMYx,"Chickasha Muni AP, OK (WMO 722071)"
722091,Claremore Rgnl AP,OK,Oklahoma,USA,TMYx,"Claremore Rgnl AP, OK (WMO 722091)"
720356,Clinton Rgnl AP,OK,Oklahoma,USA,TMYx,"Clinton Rgnl AP, OK (WMO 720356)"
723526,Clinton-Sherman Industrial Airpark,OK,Oklahoma,USA,TMY3,"Clinton-Sherman Industrial Airpark, OK (WMO 723526)"
720357,Cushing Muni AP,OK,Oklahoma,USA,TMYx,"Cushing Muni AP, OK (WMO 720357)"
722078,Duncan-Halliburton Field,OK,Oklahoma,USA,TMYx,"Duncan-Halliburton Field, OK (WMO 722078)"
742513,Durant Rgnl AP-Baker Field,OK,Oklahoma,USA,TMYx,"Durant Rgnl AP-Baker Field, OK (WMO 742513)"
720558,Elk City Muni AP,OK,Oklahoma,USA,TMYx,"Elk City Muni AP, OK (WMO 720558)"
723535,Enid-Vance AFB,OK,Oklahoma,USA,TMY3,"Enid-Vance AFB, OK (WMO 723535)"
723536,Enid-Woodring Rgnl AP,OK,Oklahoma,USA,TMYx,"Enid-Woodring Rgnl AP, OK (WMO 723536)"
723528,Frederick Rgnl AP,OK,Oklahoma,USA,TMYx,"Frederick Rgnl AP, OK (WMO 723528)"
746410,Gage-Shattuck AP,OK,Oklahoma,USA,TMY3,"Gage-Shattuck AP, OK (WMO 746410)"
723580,Goodwell,OK,Oklahoma,USA,TMYx,"Goodwell, OK (WMO 723580)"
722092,Grove Muni AP,OK,Oklahoma,USA,TMYx,"Grove Muni AP, OK (WMO 722092)"
723537,Guthrie-Edmond Rgnl AP,OK,Oklahoma,USA,TMYx,"Guthrie-Edmond Rgnl AP, OK (WMO 723537)"
722095,Guymon Muni AP,OK,Oklahoma,USA,TMYx,"Guymon Muni AP, OK (WMO 722095)"
723525,Hobart Rgnl AP,OK,Oklahoma,USA,TMY3,"Hobart Rgnl AP, OK (WMO 723525)"
720559,Hugo-Stamper Muni AP,OK,Oklahoma,USA,TMYx,"Hugo-Stamper Muni AP, OK (WMO 720559)"
723759,Idabel-McCurtain County Rgnl AP,OK,Oklahoma,USA,TMYx,"Idabel-McCurtain County Rgnl AP, OK (WMO 723759)"
723575,Lawton-Fort Sill Rgnl AP,OK,Oklahoma,USA,TMY3,"Lawton-Fort Sill Rgnl AP, OK (WMO 723575)"
723550,Lawton-Fort Sill-Post AAF,OK,Oklahoma,USA,TMY3,"Lawton-Fort Sill-Post AAF, OK (WMO 723550)"
723566,McAlester Rgnl AP,OK,Oklahoma,USA,TMY3,"McAlester Rgnl AP, OK (WMO 723566)"
723556,Muskogee-Davis Rgnl AP,OK,Oklahoma,USA,TMYx,"Muskogee-Davis Rgnl AP, OK (WMO 723556)"
723570,Norman NWS-Univ Oklahoma-Westheimer AP,OK,Oklahoma,USA,TMYx,"Norman NWS-Univ Oklahoma-Westheimer AP, OK (WMO 723570)"
720628,Oklahoma City-Page Muni AP,OK,Oklahoma,USA,TMYx,"Oklahoma City-Page Muni AP, OK (WMO 720628)"
723544,Oklahoma City-Post AP,OK,Oklahoma,USA,TMY3,"Oklahoma City-Post AP, OK (WMO 723544)"
723530,Oklahoma City-Rogers World AP,OK,Oklahoma,USA,TMY3,"Oklahoma City-Rogers World AP, OK (WMO 723530)"
723540,Oklahoma City-Tinker AFB,OK,Oklahoma,USA,TMY3,"Oklahoma City-Tinker AFB, OK (WMO 723540)"
746420,Oklahoma State Univ Site A,OK,Oklahoma,USA,TMYx,"Oklahoma State Univ Site A, OK (WMO 746420)"
746430,Oklahoma State Univ Site B,OK,Oklahoma,USA,TMYx,"Oklahoma State Univ Site B, OK (WMO 746430)"
722164,Okmulgee Rgnl AP,OK,Oklahoma,USA,TMYx,"Okmulgee Rgnl AP, OK (WMO 722164)"
723410,Page-Ouachita Natl Forest,OK,Oklahoma,USA,TMYx,"Page-Ouachita Natl Forest, OK (WMO 723410)"
722173,Pauls Valley Muni AP,OK,Oklahoma,USA,TMYx,"Pauls Valley Muni AP, OK (WMO 722173)"
724530,Ponca City Rgnl AP,OK,Oklahoma,USA,TMY3,"Ponca City Rgnl AP, OK (WMO 724530)"
722178,Poteau-Kerr AP,OK,Oklahoma,USA,TMYx,"Poteau-Kerr AP, OK (WMO 722178)"
722133,Sallisaw Muni AP,OK,Oklahoma,USA,TMYx,"Sallisaw Muni AP, OK (WMO 722133)"
720561,Sand Springs-Pogue Muni AP,OK,Oklahoma,USA,TMYx,"Sand Springs-Pogue Muni AP, OK (WMO 720561)"
722187,Shawnee Rgnl AP,OK,Oklahoma,USA,TMYx,"Shawnee Rgnl AP, OK (WMO 722187)"
720627,Stigler Rgnl AP,OK,Oklahoma,USA,TMYx,"Stigler Rgnl AP, OK (WMO 720627)"
723545,Stillwater Rgnl AP-Searcy Field,OK,Oklahoma,USA,TMY3,"Stillwater Rgnl AP-Searcy Field, OK (WMO 723545)"
722199,Tahlequah Muni AP,OK,Oklahoma,USA,TMYx,"Tahlequah Muni AP, OK (WMO 722199)"
723560,Tulsa Intl AP,OK,Oklahoma,USA,TMY3,"Tulsa Intl AP, OK (WMO 723560)"
723564,Tulsa-Jones AP,OK,Oklahoma,USA,TMYx,"Tulsa-Jones AP, OK (WMO 723564)"
720342,Watonga Rgnl AP,OK,Oklahoma,USA,TMYx,"Watonga Rgnl AP, OK (WMO 720342)"
722368,Weatherford-Stafford AP,OK,Oklahoma,USA,TMYx,"Weatherford-Stafford AP, OK (WMO 722368)"
722152,West Woodward AP,OK,Oklahoma,USA,TMYx,"West Woodward AP, OK (WMO 722152)"
715810,Algonquin Park East Gate,ON,Ontario,CAN,TMYx,"Algonquin Park East Gate, ON (WMO 715810)"
718410,Armstrong AP,ON,Ontario,CAN,TMYx,"Armstrong AP, ON (WMO 718410)"
717470,Atikokan,ON,Ontario,CAN,TMYx,"Atikokan, ON (WMO 717470)"
712940,Bancroft AP,ON,Ontario,CAN,TMYx,"Bancroft AP, ON (WMO 712940)"
713140,Barrie-Lake Simcoe Rgnl AP,ON,Ontario,CAN,TMYx,"Barrie-Lake Simcoe Rgnl AP, ON (WMO 713140)"
716940,Beatrice CS,ON,Ontario,CAN,TMYx,"Beatrice CS, ON (WMO 716940)"
712080,Big Trout Lake AP,ON,Ontario,CAN,TMYx,"Big Trout Lake AP, ON (WMO 712080)"
716750,Big Trout Lake AP,ON,Ontario,CAN,TMYx,"Big Trout Lake AP, ON (WMO 716750)"
712650,Bishop-Toronto City AP,ON,Ontario,CAN,TMYx,"Bishop-Toronto City AP, ON (WMO 712650)"
711610,Brockville-Tackaberry Thousand Islands Rgnl AP,ON,Ontario,CAN,TMYx,"Brockville-Tackaberry Thousand Islands Rgnl AP, ON (WMO 711610)"
714370,Burlington Piers,ON,Ontario,CAN,TMYx,"Burlington Piers, ON (WMO 714370)"
715340,CFB Borden,ON,Ontario,CAN,TMYx,"CFB Borden, ON (WMO 715340)"
716210,CFB Trenton,ON,Ontario,CAN,TMYx,"CFB Trenton, ON (WMO 716210)"
712910,Cameron Falls,ON,Ontario,CAN,TMYx,"Cameron Falls, ON (WMO 712910)"
714330,Caribou Island Lighthouse,ON,Ontario,CAN,TMYx,"Caribou Island Lighthouse, ON (WMO 714330)"
716420,Chapleau AP,ON,Ontario,CAN,TMYx,"Chapleau AP, ON (WMO 716420)"
714310,Cobourg,ON,Ontario,CAN,TMYx,"Cobourg, ON (WMO 714310)"
712700,Collingwood,ON,Ontario,CAN,TMYx,"Collingwood, ON (WMO 712700)"
714390,Cove Island Lighthouse,ON,Ontario,CAN,TMYx,"Cove Island Lighthouse, ON (WMO 714390)"
715730,Delhi CS,ON,Ontario,CAN,TMYx,"Delhi CS, ON (WMO 715730)"
715270,Dryden Rgnl AP,ON,Ontario,CAN,TMYx,"Dryden Rgnl AP, ON (WMO 715270)"
712950,Ear Falls,ON,Ontario,CAN,TMYx,"Ear Falls, ON (WMO 712950)"
712130,Earlton CS,ON,Ontario,CAN,TMYx,"Earlton CS, ON (WMO 712130)"
716840,Earlton-Timiskaming Rgnl AP,ON,Ontario,CAN,TMYx,"Earlton-Timiskaming Rgnl AP, ON (WMO 716840)"
712960,Egbert CS,ON,Ontario,CAN,TMYx,"Egbert CS, ON (WMO 712960)"
712961,Egbert CS CRN,ON,Ontario,CAN,TMYx,"Egbert CS CRN, ON (WMO 712961)"
717334,Elliot Lake AP,ON,Ontario,CAN,TMYx,"Elliot Lake AP, ON (WMO 717334)"
713520,Elora RCS,ON,Ontario,CAN,TMYx,"Elora RCS, ON (WMO 713520)"
714650,Erieau,ON,Ontario,CAN,TMYx,"Erieau, ON (WMO 714650)"
719620,Fort Frances Muni AP RCS,ON,Ontario,CAN,TMYx,"Fort Frances Muni AP RCS, ON (WMO 719620)"
710990,Fort Severn AP,ON,Ontario,CAN,TMYx,"Fort Severn AP, ON (WMO 710990)"
718340,Geraldton-Greenstone Rgnl AP,ON,Ontario,CAN,TMYx,"Geraldton-Greenstone Rgnl AP, ON (WMO 718340)"
712610,Goderich Muni AP,ON,Ontario,CAN,TMYx,"Goderich Muni AP, ON (WMO 712610)"
719560,Gore Bay-Manitoulin AP,ON,Ontario,CAN,TMYx,"Gore Bay-Manitoulin AP, ON (WMO 719560)"
714620,Great Duck Island,ON,Ontario,CAN,TMYx,"Great Duck Island, ON (WMO 714620)"
712810,Grenadier Island,ON,Ontario,CAN,TMYx,"Grenadier Island, ON (WMO 712810)"
718330,Guelph Turfgrass Inst,ON,Ontario,CAN,TMYx,"Guelph Turfgrass Inst, ON (WMO 718330)"
712630,Hamilton Intl AP,ON,Ontario,CAN,TMYx,"Hamilton Intl AP, ON (WMO 712630)"
712970,Hamilton-Royal Botanic Gardens,ON,Ontario,CAN,TMYx,"Hamilton-Royal Botanic Gardens, ON (WMO 712970)"
712980,Harrow CDA,ON,Ontario,CAN,TMYx,"Harrow CDA, ON (WMO 712980)"
718310,Kapuskasing AP,ON,Ontario,CAN,TMYx,"Kapuskasing AP, ON (WMO 718310)"
714680,Katatota Island MS-Flatland Island,ON,Ontario,CAN,TMYx,"Katatota Island MS-Flatland Island, ON (WMO 714680)"
713000,Kemptville CS,ON,Ontario,CAN,TMYx,"Kemptville CS, ON (WMO 713000)"
718500,Kenora AP,ON,Ontario,CAN,TMYx,"Kenora AP, ON (WMO 718500)"
711510,Kenora RCS,ON,Ontario,CAN,TMYx,"Kenora RCS, ON (WMO 711510)"
714600,Killarney AP,ON,Ontario,CAN,TMYx,"Killarney AP, ON (WMO 714600)"
718200,Kingston AP,ON,Ontario,CAN,TMYx,"Kingston AP, ON (WMO 718200)"
713010,Kirkland Lake CS,ON,Ontario,CAN,TMYx,"Kirkland Lake CS, ON (WMO 713010)"
712820,Lagoon City,ON,Ontario,CAN,TMYx,"Lagoon City, ON (WMO 712820)"
716400,Lake Superior Prov Park,ON,Ontario,CAN,TMYx,"Lake Superior Prov Park, ON (WMO 716400)"
718460,Lansdowne House AP,ON,Ontario,CAN,TMYx,"Lansdowne House AP, ON (WMO 718460)"
716230,London Intl AP CS,ON,Ontario,CAN,TMYx,"London Intl AP CS, ON (WMO 716230)"
714640,Long Point Lighthouse,ON,Ontario,CAN,TMYx,"Long Point Lighthouse, ON (WMO 714640)"
710514,Marathon AP,ON,Ontario,CAN,TMYx,"Marathon AP, ON (WMO 710514)"
713980,Moosonee AP,ON,Ontario,CAN,TMYx,"Moosonee AP, ON (WMO 713980)"
718360,Moosonee AP AWRS,ON,Ontario,CAN,TMYx,"Moosonee AP AWRS, ON (WMO 718360)"
713090,Moosonee RCS,ON,Ontario,CAN,TMYx,"Moosonee RCS, ON (WMO 713090)"
716310,Mount Forest,ON,Ontario,CAN,TMYx,"Mount Forest, ON (WMO 716310)"
715320,Muskoka AP,ON,Ontario,CAN,TMYx,"Muskoka AP, ON (WMO 715320)"
716780,Muskrat Dam AP,ON,Ontario,CAN,TMYx,"Muskrat Dam AP, ON (WMO 716780)"
718320,Nagagami,ON,Ontario,CAN,TMYx,"Nagagami, ON (WMO 718320)"
712625,Niagara District AP,ON,Ontario,CAN,TMYx,"Niagara District AP, ON (WMO 712625)"
717310,North Bay-Garland AP,ON,Ontario,CAN,TMYx,"North Bay-Garland AP, ON (WMO 717310)"
716970,Oshawa Muni AP,ON,Ontario,CAN,TMYx,"Oshawa Muni AP, ON (WMO 716970)"
710630,Ottawa CDA RCS,ON,Ontario,CAN,TMYx,"Ottawa CDA RCS, ON (WMO 710630)"
716280,Ottawa-Macdonald-Cartier Intl AP,ON,Ontario,CAN,TMYx,"Ottawa-Macdonald-Cartier Intl AP, ON (WMO 716280)"
711720,Parry Sound CCG,ON,Ontario,CAN,TMYx,"Parry Sound CCG, ON (WMO 711720)"
714340,Peawanuck AP,ON,Ontario,CAN,TMYx,"Peawanuck AP, ON (WMO 714340)"
711960,Pembroke AP,ON,Ontario,CAN,TMYx,"Pembroke AP, ON (WMO 711960)"
716250,Petawawa AP,ON,Ontario,CAN,TMYx,"Petawawa AP, ON (WMO 716250)"
714360,Peterborough Muni AP,ON,Ontario,CAN,TMYx,"Peterborough Muni AP, ON (WMO 714360)"
716720,Peterborough-Trent Univ,ON,Ontario,CAN,TMYx,"Peterborough-Trent Univ, ON (WMO 716720)"
718450,Pickle Lake AP,ON,Ontario,CAN,TMYx,"Pickle Lake AP, ON (WMO 718450)"
713030,Point Pelee Natl Park,ON,Ontario,CAN,TMYx,"Point Pelee Natl Park, ON (WMO 713030)"
714300,Point Petre Lighthouse,ON,Ontario,CAN,TMYx,"Point Petre Lighthouse, ON (WMO 714300)"
714630,Port Colborne,ON,Ontario,CAN,TMYx,"Port Colborne, ON (WMO 714630)"
714320,Port Weller,ON,Ontario,CAN,TMYx,"Port Weller, ON (WMO 714320)"
717500,Pukaskwa Natl Park,ON,Ontario,CAN,TMYx,"Pukaskwa Natl Park, ON (WMO 717500)"
718550,Rawson Lake-ELA Field Stn,ON,Ontario,CAN,TMYx,"Rawson Lake-ELA Field Stn, ON (WMO 718550)"
718540,Red Lake AP,ON,Ontario,CAN,TMYx,"Red Lake AP, ON (WMO 718540)"
713680,Region of Waterloo Intl AP,ON,Ontario,CAN,TMYx,"Region of Waterloo Intl AP, ON (WMO 713680)"
713070,Ridgetown RCS,ON,Ontario,CAN,TMYx,"Ridgetown RCS, ON (WMO 713070)"
717366,Royal Island,ON,Ontario,CAN,TMYx,"Royal Island, ON (WMO 717366)"
715870,Sandy Lake AP,ON,Ontario,CAN,TMYx,"Sandy Lake AP, ON (WMO 715870)"
717460,Sarnia CS,ON,Ontario,CAN,TMYx,"Sarnia CS, ON (WMO 717460)"
717040,Sarnia-Hadfield AP,ON,Ontario,CAN,TMYx,"Sarnia-Hadfield AP, ON (WMO 717040)"
712600,Sault Ste Marie AP,ON,Ontario,CAN,TMYx,"Sault Ste Marie AP, ON (WMO 712600)"
715274,Simcoe,ON,Ontario,CAN,TMYx,"Simcoe, ON (WMO 715274)"
718420,Sioux Lookout Muni AP,ON,Ontario,CAN,TMYx,"Sioux Lookout Muni AP, ON (WMO 718420)"
714660,Southeast Shoal,ON,Ontario,CAN,TMYx,"Southeast Shoal, ON (WMO 714660)"
717300,Sudbury AP,ON,Ontario,CAN,TMYx,"Sudbury AP, ON (WMO 717300)"
717493,Terrace Bay AP,ON,Ontario,CAN,TMYx,"Terrace Bay AP, ON (WMO 717493)"
716670,Thunder Bay Intl AP,ON,Ontario,CAN,TMYx,"Thunder Bay Intl AP, ON (WMO 716670)"
711930,Timmins CS,ON,Ontario,CAN,TMYx,"Timmins CS, ON (WMO 711930)"
717390,Timmins-Power AP,ON,Ontario,CAN,TMYx,"Timmins-Power AP, ON (WMO 717390)"
717670,Tobermory RCS,ON,Ontario,CAN,TMYx,"Tobermory RCS, ON (WMO 717670)"
715080,Toronto City-Univ of Toronto,ON,Ontario,CAN,TMYx,"Toronto City-Univ of Toronto, ON (WMO 715080)"
716390,Toronto-Buttonville Muni AP,ON,Ontario,CAN,TMYx,"Toronto-Buttonville Muni AP, ON (WMO 716390)"
716240,Toronto-Pearson Intl AP,ON,Ontario,CAN,TMYx,"Toronto-Pearson Intl AP, ON (WMO 716240)"
716251,Trent Hills,ON,Ontario,CAN,TMYx,"Trent Hills, ON (WMO 716251)"
714350,Upsala,ON,Ontario,CAN,TMYx,"Upsala, ON (WMO 714350)"
711710,Vineland Stn RCS,ON,Ontario,CAN,TMYx,"Vineland Stn RCS, ON (WMO 711710)"
717380,Wawa Muni AP,ON,Ontario,CAN,TMYx,"Wawa Muni AP, ON (WMO 717380)"
717510,Welcome Island Lighthouse,ON,Ontario,CAN,TMYx,"Welcome Island Lighthouse, ON (WMO 717510)"
717520,Welland-Niagara Central-Rungeling AP,ON,Ontario,CAN,TMYx,"Welland-Niagara Central-Rungeling AP, ON (WMO 717520)"
714380,Western Islands Lighthouse,ON,Ontario,CAN,TMYx,"Western Islands Lighthouse, ON (WMO 714380)"
716330,Wiarton Keppel Intl AP,ON,Ontario,CAN,TMYx,"Wiarton Keppel Intl AP, ON (WMO 716330)"
715380,Windsor Intl AP,ON,Ontario,CAN,TMYx,"Windsor Intl AP, ON (WMO 715380)"
994011,Astoria,OR,Oregon,USA,TMYx,"Astoria, OR (WMO 994011)"
727910,Astoria Rgnl AP,OR,Oregon,USA,TMY3,"Astoria Rgnl AP, OR (WMO 727910)"
726959,Aurora State AP-Lematta Field,OR,Oregon,USA,TMY3,"Aurora State AP-Lematta Field, OR (WMO 726959)"
726886,Baker City Muni AP,OR,Oregon,USA,TMY3,"Baker City Muni AP, OR (WMO 726886)"
720638,Bend Muni AP,OR,Oregon,USA,TMYx,"Bend Muni AP, OR (WMO 720638)"
725985,Brookings AP,OR,Oregon,USA,TMYx,"Brookings AP, OR (WMO 725985)"
726831,Burns Federal Bldg,OR,Oregon,USA,TMYx,"Burns Federal Bldg, OR (WMO 726831)"
726830,Burns Muni AP,OR,Oregon,USA,TMY3,"Burns Muni AP, OR (WMO 726830)"
726989,CGS Tillamook Bay,OR,Oregon,USA,TMYx,"CGS Tillamook Bay, OR (WMO 726989)"
994240,Cape Arago Lighthouse,OR,Oregon,USA,TMYx,"Cape Arago Lighthouse, OR (WMO 994240)"
726987,Cascade Locks-Stevens AP,OR,Oregon,USA,TMYx,"Cascade Locks-Stevens AP, OR (WMO 726987)"
994032,Charleston-CGS Coos Bay,OR,Oregon,USA,TMYx,"Charleston-CGS Coos Bay, OR (WMO 994032)"
726951,Coos Bay-South Slough,OR,Oregon,USA,TMYx,"Coos Bay-South Slough, OR (WMO 726951)"
726945,Corvallis Muni AP,OR,Oregon,USA,TMY3,"Corvallis Muni AP, OR (WMO 726945)"
725895,Crater Lake-Klamath Rgnl AP,OR,Oregon,USA,TMY3,"Crater Lake-Klamath Rgnl AP, OR (WMO 725895)"
726930,Eugene AP-Sweet Field,OR,Oregon,USA,TMY3,"Eugene AP-Sweet Field, OR (WMO 726930)"
726960,Finley Natl Wildlife Refuge,OR,Oregon,USA,TMYx,"Finley Natl Wildlife Refuge, OR (WMO 726960)"
726955,Florence-CGS Siuslaw River,OR,Oregon,USA,TMYx,"Florence-CGS Siuslaw River, OR (WMO 726955)"
726876,Grant County Rgnl AP-Ogilvie Field,OR,Oregon,USA,TMYx,"Grant County Rgnl AP-Ogilvie Field, OR (WMO 726876)"
725975,Grants Pass-Sexton Summit,OR,Oregon,USA,TMY3,"Grants Pass-Sexton Summit, OR (WMO 725975)"
726883,Hermiston Muni AP,OR,Oregon,USA,TMYx,"Hermiston Muni AP, OR (WMO 726883)"
690330,Hood Canal Bridge,OR,Oregon,USA,TMYx,"Hood Canal Bridge, OR (WMO 690330)"
726970,John Day Fossil Beds Natl Monument,OR,Oregon,USA,TMYx,"John Day Fossil Beds Natl Monument, OR (WMO 726970)"
726884,La Grande-Union County AP,OR,Oregon,USA,TMY3,"La Grande-Union County AP, OR (WMO 726884)"
725896,Lakeview,OR,Oregon,USA,TMYx,"Lakeview, OR (WMO 725896)"
725976,Lakeview-Lake County AP,OR,Oregon,USA,TMY3,"Lakeview-Lake County AP, OR (WMO 725976)"
726881,McMinnville Muni AP,OR,Oregon,USA,TMYx,"McMinnville Muni AP, OR (WMO 726881)"
726885,Meacham,OR,Oregon,USA,TMYx,"Meacham, OR (WMO 726885)"
725970,Medford-Rogue Valley Intl-Medford AP,OR,Oregon,USA,TMY3,"Medford-Rogue Valley Intl-Medford AP, OR (WMO 725970)"
726950,Newport Muni AP,OR,Oregon,USA,TMYx,"Newport Muni AP, OR (WMO 726950)"
994280,Newport South Beach Jetty,OR,Oregon,USA,TMYx,"Newport South Beach Jetty, OR (WMO 994280)"
994026,Newport-South Beach Harbor,OR,Oregon,USA,TMYx,"Newport-South Beach Harbor, OR (WMO 994026)"
726917,North Bend-Southwest Oregon Rgnl AP,OR,Oregon,USA,TMY3,"North Bend-Southwest Oregon Rgnl AP, OR (WMO 726917)"
726837,Ontario Muni AP,OR,Oregon,USA,TMYx,"Ontario Muni AP, OR (WMO 726837)"
726880,Pendleton-Eastern Oregon Rgnl AP,OR,Oregon,USA,TMY3,"Pendleton-Eastern Oregon Rgnl AP, OR (WMO 726880)"
994031,Port Orford,OR,Oregon,USA,TMYx,"Port Orford, OR (WMO 994031)"
726980,Portland Intl AP,OR,Oregon,USA,TMY3,"Portland Intl AP, OR (WMO 726980)"
726986,Portland-Hillsboro AP,OR,Oregon,USA,TMY3,"Portland-Hillsboro AP, OR (WMO 726986)"
726985,Portland-Troutdale AP,OR,Oregon,USA,TMY3,"Portland-Troutdale AP, OR (WMO 726985)"
726920,Redmond Muni AP-Roberts Field,OR,Oregon,USA,TMY3,"Redmond Muni AP-Roberts Field, OR (WMO 726920)"
727010,Riley-Natl Great Basin Experimental Range,OR,Oregon,USA,TMYx,"Riley-Natl Great Basin Experimental Range, OR (WMO 727010)"
726874,Rome MS,OR,Oregon,USA,TMYx,"Rome MS, OR (WMO 726874)"
726875,Rome State AP,OR,Oregon,USA,TMYx,"Rome State AP, OR (WMO 726875)"
726904,Roseburg Rgnl AP-Carl Meml Field,OR,Oregon,USA,TMY3,"Roseburg Rgnl AP-Carl Meml Field, OR (WMO 726904)"
726940,Salem Muni AP-McNary Field,OR,Oregon,USA,TMY3,"Salem Muni AP-McNary Field, OR (WMO 726940)"
726836,Scappoose Indl AF,OR,Oregon,USA,TMYx,"Scappoose Indl AF, OR (WMO 726836)"
720202,Tillamook AP,OR,Oregon,USA,TMYx,"Tillamook AP, OR (WMO 720202)"
726916,Umpqua River Lighthouse,OR,Oregon,USA,TMYx,"Umpqua River Lighthouse, OR (WMO 726916)"
725170,Allentown-Lehigh Valley Intl AP,PA,Pennsylvania,USA,TMY3,"Allentown-Lehigh Valley Intl AP, PA (WMO 725170)"
725126,Altoona-Blair County AP,PA,Pennsylvania,USA,TMY3,"Altoona-Blair County AP, PA (WMO 725126)"
725204,Beaver Falls-Beaver County AP,PA,Pennsylvania,USA,TMYx,"Beaver Falls-Beaver County AP, PA (WMO 725204)"
720304,Blue Bell-Wings Field AP,PA,Pennsylvania,USA,TMYx,"Blue Bell-Wings Field AP, PA (WMO 720304)"
725266,Bradford Rgnl AP,PA,Pennsylvania,USA,TMY3,"Bradford Rgnl AP, PA (WMO 725266)"
725124,Butler County AP-Scholter Field,PA,Pennsylvania,USA,TMY3,"Butler County AP-Scholter Field, PA (WMO 725124)"
725265,CGS Erie,PA,Pennsylvania,USA,TMYx,"CGS Erie, PA (WMO 725265)"
725119,Clearfield-Lawrence Township AP,PA,Pennsylvania,USA,TMYx,"Clearfield-Lawrence Township AP, PA (WMO 725119)"
720408,Coatesville-Chester County AP-Carlson AP,PA,Pennsylvania,USA,TMYx,"Coatesville-Chester County AP-Carlson AP, PA (WMO 720408)"
725113,Doylestown AP,PA,Pennsylvania,USA,TMYx,"Doylestown AP, PA (WMO 725113)"
725125,DuBois Rgnl AP,PA,Pennsylvania,USA,TMY3,"DuBois Rgnl AP, PA (WMO 725125)"
725260,Erie Intl AP-Ridge Field,PA,Pennsylvania,USA,TMY3,"Erie Intl AP-Ridge Field, PA (WMO 725260)"
722826,Fort Ritchie-Site R,PA,Pennsylvania,USA,TMYx,"Fort Ritchie-Site R, PA (WMO 722826)"
725267,Franklin-Venango AP-Lemberton Field,PA,Pennsylvania,USA,TMY3,"Franklin-Venango AP-Lemberton Field, PA (WMO 725267)"
725144,Ft Indiantown Gap-Muir AAF,PA,Pennsylvania,USA,TMYx,"Ft Indiantown Gap-Muir AAF, PA (WMO 725144)"
723990,Harrisburg Intl AP,PA,Pennsylvania,USA,TMY3,"Harrisburg Intl AP, PA (WMO 723990)"
725118,Harrisburg-Capital City AP,PA,Pennsylvania,USA,TMY3,"Harrisburg-Capital City AP, PA (WMO 725118)"
725175,Indiana County AP-Stewart Field,PA,Pennsylvania,USA,TMYx,"Indiana County AP-Stewart Field, PA (WMO 725175)"
725127,Johnstown-Cambria County AP,PA,Pennsylvania,USA,TMY3,"Johnstown-Cambria County AP, PA (WMO 725127)"
725116,Lancaster AP,PA,Pennsylvania,USA,TMY3,"Lancaster AP, PA (WMO 725116)"
725207,Latrobe-Palmer Rgnl AP,PA,Pennsylvania,USA,TMYx,"Latrobe-Palmer Rgnl AP, PA (WMO 725207)"
998265,Marcus Hook,PA,Pennsylvania,USA,TMYx,"Marcus Hook, PA (WMO 998265)"
724086,NAS JRB Willow Grove,PA,Pennsylvania,USA,TMY3,"NAS JRB Willow Grove, PA (WMO 724086)"
720378,New Castle Muni AP,PA,Pennsylvania,USA,TMYx,"New Castle Muni AP, PA (WMO 720378)"
997698,Newbold,PA,Pennsylvania,USA,TMYx,"Newbold, PA (WMO 997698)"
997286,Philadelphia Harbor,PA,Pennsylvania,USA,TMYx,"Philadelphia Harbor, PA (WMO 997286)"
724080,Philadelphia Intl AP,PA,Pennsylvania,USA,TMY3,"Philadelphia Intl AP, PA (WMO 724080)"
724085,Philadelphia-Northeast Philadelphia AP,PA,Pennsylvania,USA,TMY3,"Philadelphia-Northeast Philadelphia AP, PA (WMO 724085)"
725200,Pittsburgh Intl AP,PA,Pennsylvania,USA,TMY3,"Pittsburgh Intl AP, PA (WMO 725200)"
725205,Pittsburgh-Allegheny County AP,PA,Pennsylvania,USA,TMY3,"Pittsburgh-Allegheny County AP, PA (WMO 725205)"
725434,Pocono Mountains Muni AP,PA,Pennsylvania,USA,TMYx,"Pocono Mountains Muni AP, PA (WMO 725434)"
725104,Port Meadville AP,PA,Pennsylvania,USA,TMYx,"Port Meadville AP, PA (WMO 725104)"
725109,Pottstown-Heritage Field AP,PA,Pennsylvania,USA,TMYx,"Pottstown-Heritage Field AP, PA (WMO 725109)"
720324,Quakertown AP,PA,Pennsylvania,USA,TMYx,"Quakertown AP, PA (WMO 720324)"
725103,Reading Rgnl AP-Spaatz Field,PA,Pennsylvania,USA,TMY3,"Reading Rgnl AP-Spaatz Field, PA (WMO 725103)"
725105,Selinsgrove-Penn Valley AP,PA,Pennsylvania,USA,TMYx,"Selinsgrove-Penn Valley AP, PA (WMO 725105)"
725128,State College-Penn State Univ SURFRAD,PA,Pennsylvania,USA,TMY3,"State College-Penn State Univ SURFRAD, PA (WMO 725128)"
725160,Stroud Water Research Center,PA,Pennsylvania,USA,TMYx,"Stroud Water Research Center, PA (WMO 725160)"
725135,Tobyhanna Army Depot,PA,Pennsylvania,USA,TMYx,"Tobyhanna Army Depot, PA (WMO 725135)"
725117,Washington County AP,PA,Pennsylvania,USA,TMY3,"Washington County AP, PA (WMO 725117)"
725130,Wilkes-Barre-Scranton Intl AP,PA,Pennsylvania,USA,TMY3,"Wilkes-Barre-Scranton Intl AP, PA (WMO 725130)"
725140,Williamsport Rgnl AP,PA,Pennsylvania,USA,TMY3,"Williamsport Rgnl AP, PA (WMO 725140)"
725114,York AP,PA,Pennsylvania,USA,TMYx,"York AP, PA (WMO 725114)"
717060,Charlottetown AP,PE,Prince Edward Island,CAN,TMYx,"Charlottetown AP, PE (WMO 717060)"
714120,East Point,PE,Prince Edward Island,CAN,TMYx,"East Point, PE (WMO 714120)"
713500,Harrington CDA CS,PE,Prince Edward Island,CAN,TMYx,"Harrington CDA CS, PE (WMO 713500)"
710267,Maple Plains,PE,Prince Edward Island,CAN,TMYx,"Maple Plains, PE (WMO 710267)"
719870,North Cape,PE,Prince Edward Island,CAN,TMYx,"North Cape, PE (WMO 719870)"
713100,St Peters Bay,PE,Prince Edward Island,CAN,TMYx,"St Peters Bay, PE (WMO 713100)"
717020,Summerside AP,PE,Prince Edward Island,CAN,TMYx,"Summerside AP, PE (WMO 717020)"
713860,Amqui,QC,Quebec,CAN,TMYx,"Amqui, QC (WMO 713860)"
718433,Aupaluka,QC,Quebec,CAN,TMYx,"Aupaluka, QC (WMO 718433)"
718290,Baie-Comeau,QC,Quebec,CAN,TMYx,"Baie-Comeau, QC (WMO 718290)"
716910,Baie-Comeau AP,QC,Quebec,CAN,TMYx,"Baie-Comeau AP, QC (WMO 716910)"
717320,Barrage-Temiscamingue,QC,Quebec,CAN,TMYx,"Barrage-Temiscamingue, QC (WMO 717320)"
713230,Beauceville,QC,Quebec,CAN,TMYx,"Beauceville, QC (WMO 713230)"
713830,Bonnard,QC,Quebec,CAN,TMYx,"Bonnard, QC (WMO 713830)"
719010,Border,QC,Quebec,CAN,TMYx,"Border, QC (WMO 719010)"
714280,Cap Chat,QC,Quebec,CAN,TMYx,"Cap Chat, QC (WMO 714280)"
711860,Cap Rouge,QC,Quebec,CAN,TMYx,"Cap Rouge, QC (WMO 711860)"
713840,Cap Tourmente,QC,Quebec,CAN,TMYx,"Cap Tourmente, QC (WMO 713840)"
713740,Cap Whittle,QC,Quebec,CAN,TMYx,"Cap Whittle, QC (WMO 713740)"
714290,Cap d-Espoir,QC,Quebec,CAN,TMYx,"Cap d-Espoir, QC (WMO 714290)"
714250,Cap de la Madeleine Lighthouse,QC,Quebec,CAN,TMYx,"Cap de la Madeleine Lighthouse, QC (WMO 714250)"
715230,Chamouchouane,QC,Quebec,CAN,TMYx,"Chamouchouane, QC (WMO 715230)"
718240,Chapais,QC,Quebec,CAN,TMYx,"Chapais, QC (WMO 718240)"
717134,Charlevoix AP,QC,Quebec,CAN,TMYx,"Charlevoix AP, QC (WMO 717134)"
713985,Chatham Brownsburg,QC,Quebec,CAN,TMYx,"Chatham Brownsburg, QC (WMO 713985)"
718140,Chevery AP,QC,Quebec,CAN,TMYx,"Chevery AP, QC (WMO 718140)"
718220,Chibougamau-Chapais AP,QC,Quebec,CAN,TMYx,"Chibougamau-Chapais AP, QC (WMO 718220)"
715220,Chutes-des-Passes,QC,Quebec,CAN,TMYx,"Chutes-des-Passes, QC (WMO 715220)"
713890,Deschambault,QC,Quebec,CAN,TMYx,"Deschambault, QC (WMO 713890)"
718443,Eastmain River AP,QC,Quebec,CAN,TMYx,"Eastmain River AP, QC (WMO 718443)"
712120,Foret Montmorency RCS,QC,Quebec,CAN,TMYx,"Foret Montmorency RCS, QC (WMO 712120)"
718964,Fort Rupert-Waskaganish AP,QC,Quebec,CAN,TMYx,"Fort Rupert-Waskaganish AP, QC (WMO 718964)"
713730,Frelighsburg,QC,Quebec,CAN,TMYx,"Frelighsburg, QC (WMO 713730)"
718241,Gagnon AP,QC,Quebec,CAN,TMYx,"Gagnon AP, QC (WMO 718241)"
711880,Gaspe AP,QC,Quebec,CAN,TMYx,"Gaspe AP, QC (WMO 711880)"
716279,Gatineau-Ottawa Exec AP,QC,Quebec,CAN,TMYx,"Gatineau-Ottawa Exec AP, QC (WMO 716279)"
710367,Granby,QC,Quebec,CAN,TMYx,"Granby, QC (WMO 710367)"
718105,Havre-St Pierre,QC,Quebec,CAN,TMYx,"Havre-St Pierre, QC (WMO 718105)"
715840,Havre-St Pierre AP,QC,Quebec,CAN,TMYx,"Havre-St Pierre AP, QC (WMO 715840)"
714230,Heath Point,QC,Quebec,CAN,TMYx,"Heath Point, QC (WMO 714230)"
713850,Ile Bicquette,QC,Quebec,CAN,TMYx,"Ile Bicquette, QC (WMO 713850)"
714260,Ile Rouge Lighthouse,QC,Quebec,CAN,TMYx,"Ile Rouge Lighthouse, QC (WMO 714260)"
713335,Ile aux Grues AP,QC,Quebec,CAN,TMYx,"Ile aux Grues AP, QC (WMO 713335)"
713750,Ile aux Perroquets,QC,Quebec,CAN,TMYx,"Ile aux Perroquets, QC (WMO 713750)"
714240,Ile d-Orleans,QC,Quebec,CAN,TMYx,"Ile d-Orleans, QC (WMO 714240)"
717100,Iles de la Madeleine AP,QC,Quebec,CAN,TMYx,"Iles de la Madeleine AP, QC (WMO 717100)"
719070,Inukjuak AP,QC,Quebec,CAN,TMYx,"Inukjuak AP, QC (WMO 719070)"
719074,Ivujivik AP,QC,Quebec,CAN,TMYx,"Ivujivik AP, QC (WMO 719074)"
716170,Jonquiere,QC,Quebec,CAN,TMYx,"Jonquiere, QC (WMO 716170)"
718431,Kangiqsujuaq AP,QC,Quebec,CAN,TMYx,"Kangiqsujuaq AP, QC (WMO 718431)"
719043,Kangirsuk AP,QC,Quebec,CAN,TMYx,"Kangirsuk AP, QC (WMO 719043)"
719060,Kuujjuaq AP,QC,Quebec,CAN,TMYx,"Kuujjuaq AP, QC (WMO 719060)"
713720,L-Acadie,QC,Quebec,CAN,TMYx,"L-Acadie, QC (WMO 713720)"
715240,L-Assomption,QC,Quebec,CAN,TMYx,"L-Assomption, QC (WMO 715240)"
713820,L-Etape,QC,Quebec,CAN,TMYx,"L-Etape, QC (WMO 713820)"
713880,La Baie,QC,Quebec,CAN,TMYx,"La Baie, QC (WMO 713880)"
718275,La Grande 3 AP,QC,Quebec,CAN,TMYx,"La Grande 3 AP, QC (WMO 718275)"
710030,La Grande 4 AP,QC,Quebec,CAN,TMYx,"La Grande 4 AP, QC (WMO 710030)"
718270,La Grande Riviere AP,QC,Quebec,CAN,TMYx,"La Grande Riviere AP, QC (WMO 718270)"
717130,La Pocatiere,QC,Quebec,CAN,TMYx,"La Pocatiere, QC (WMO 717130)"
713780,La Tuque AP,QC,Quebec,CAN,TMYx,"La Tuque AP, QC (WMO 713780)"
715200,Lac Benoit,QC,Quebec,CAN,TMYx,"Lac Benoit, QC (WMO 715200)"
714210,Lac Eon,QC,Quebec,CAN,TMYx,"Lac Eon, QC (WMO 714210)"
710359,Lac Memphremagog,QC,Quebec,CAN,TMYx,"Lac Memphremagog, QC (WMO 710359)"
711980,Lac Saint-Pierre,QC,Quebec,CAN,TMYx,"Lac Saint-Pierre, QC (WMO 711980)"
710400,Laterriere,QC,Quebec,CAN,TMYx,"Laterriere, QC (WMO 710400)"
713190,Le Massif de Charlevoix Ski Resort,QC,Quebec,CAN,TMYx,"Le Massif de Charlevoix Ski Resort, QC (WMO 713190)"
716160,Lemieux,QC,Quebec,CAN,TMYx,"Lemieux, QC (WMO 716160)"
716110,Lennoxville,QC,Quebec,CAN,TMYx,"Lennoxville, QC (WMO 716110)"
713910,Les Grandes Chutes-High Falls,QC,Quebec,CAN,TMYx,"Les Grandes Chutes-High Falls, QC (WMO 713910)"
715120,Longue-Pointe-de-Mingan,QC,Quebec,CAN,TMYx,"Longue-Pointe-de-Mingan, QC (WMO 715120)"
718080,Lourdes-de-Blanc-Sablon AP,QC,Quebec,CAN,TMYx,"Lourdes-de-Blanc-Sablon AP, QC (WMO 718080)"
717210,Maniwaki AP,QC,Quebec,CAN,TMYx,"Maniwaki AP, QC (WMO 717210)"
715210,Manouane Est,QC,Quebec,CAN,TMYx,"Manouane Est, QC (WMO 715210)"
718210,Matagami AP,QC,Quebec,CAN,TMYx,"Matagami AP, QC (WMO 718210)"
713810,Mistook,QC,Quebec,CAN,TMYx,"Mistook, QC (WMO 713810)"
717180,Mont Joli AP,QC,Quebec,CAN,TMYx,"Mont Joli AP, QC (WMO 717180)"
710351,Mont Tremblant Intl AP,QC,Quebec,CAN,TMYx,"Mont Tremblant Intl AP, QC (WMO 710351)"
716120,Montreal Center-Jean Brebeuf-McGill Univ-McTavish,QC,Quebec,CAN,TMYx,"Montreal Center-Jean Brebeuf-McGill Univ-McTavish, QC (WMO 716120)"
713710,Montreal-St Hubert-Longueuil AP,QC,Quebec,CAN,TMYx,"Montreal-St Hubert-Longueuil AP, QC (WMO 713710)"
716270,Montreal-Trudeau Intl AP,QC,Quebec,CAN,TMYx,"Montreal-Trudeau Intl AP, QC (WMO 716270)"
715130,Natashquan AP,QC,Quebec,CAN,TMYx,"Natashquan AP, QC (WMO 715130)"
718113,Nemiscau AP,QC,Quebec,CAN,TMYx,"Nemiscau AP, QC (WMO 718113)"
716190,New Carlisle,QC,Quebec,CAN,TMYx,"New Carlisle, QC (WMO 716190)"
717230,Nicolet,QC,Quebec,CAN,TMYx,"Nicolet, QC (WMO 717230)"
713790,Normandin,QC,Quebec,CAN,TMYx,"Normandin, QC (WMO 713790)"
713870,Onatchiway,QC,Quebec,CAN,TMYx,"Onatchiway, QC (WMO 713870)"
719760,Parc Natl des Pingualuit,QC,Quebec,CAN,TMYx,"Parc Natl des Pingualuit, QC (WMO 719760)"
717260,Parent,QC,Quebec,CAN,TMYx,"Parent, QC (WMO 717260)"
711890,Pointe Claveau,QC,Quebec,CAN,TMYx,"Pointe Claveau, QC (WMO 711890)"
713900,Pointe Noire CS,QC,Quebec,CAN,TMYx,"Pointe Noire CS, QC (WMO 713900)"
715540,Pointe au Pere,QC,Quebec,CAN,TMYx,"Pointe au Pere, QC (WMO 715540)"
711900,Pointe de l-Islet,QC,Quebec,CAN,TMYx,"Pointe de l-Islet, QC (WMO 711900)"
714270,Pointe des Monts,QC,Quebec,CAN,TMYx,"Pointe des Monts, QC (WMO 714270)"
718100,Port-Menier AP,QC,Quebec,CAN,TMYx,"Port-Menier AP, QC (WMO 718100)"
719077,Puvirnituq AP,QC,Quebec,CAN,TMYx,"Puvirnituq AP, QC (WMO 719077)"
719035,Quaqtaq AP,QC,Quebec,CAN,TMYx,"Quaqtaq AP, QC (WMO 719035)"
715780,Quebec City-Beauport,QC,Quebec,CAN,TMYx,"Quebec City-Beauport, QC (WMO 715780)"
713920,Quebec City-Ste Foy-Univ Laval,QC,Quebec,CAN,TMYx,"Quebec City-Ste Foy-Univ Laval, QC (WMO 713920)"
717140,Quebec-Lesage Intl AP,QC,Quebec,CAN,TMYx,"Quebec-Lesage Intl AP, QC (WMO 717140)"
712635,Rawdon,QC,Quebec,CAN,TMYx,"Rawdon, QC (WMO 712635)"
717430,Riviere Aux Feuilles,QC,Quebec,CAN,TMYx,"Riviere Aux Feuilles, QC (WMO 717430)"
717150,Riviere-du-Loup,QC,Quebec,CAN,TMYx,"Riviere-du-Loup, QC (WMO 717150)"
717280,Roberval AP,QC,Quebec,CAN,TMYx,"Roberval AP, QC (WMO 717280)"
717361,Roquemaure,QC,Quebec,CAN,TMYx,"Roquemaure, QC (WMO 717361)"
717340,Rouyn-Noranda,QC,Quebec,CAN,TMYx,"Rouyn-Noranda, QC (WMO 717340)"
717255,Rouyn-Noranda AP,QC,Quebec,CAN,TMYx,"Rouyn-Noranda AP, QC (WMO 717255)"
717270,Saguenay-Bagotville AP-CFB Bagotville,QC,Quebec,CAN,TMYx,"Saguenay-Bagotville AP-CFB Bagotville, QC (WMO 717270)"
719670,Saint Germain de Grantham,QC,Quebec,CAN,TMYx,"Saint Germain de Grantham, QC (WMO 719670)"
717370,Saint Michel des Saints,QC,Quebec,CAN,TMYx,"Saint Michel des Saints, QC (WMO 717370)"
718442,Salluit AP,QC,Quebec,CAN,TMYx,"Salluit AP, QC (WMO 718442)"
718280,Schefferville AP,QC,Quebec,CAN,TMYx,"Schefferville AP, QC (WMO 718280)"
718110,Sept-Iles AP,QC,Quebec,CAN,TMYx,"Sept-Iles AP, QC (WMO 718110)"
712790,Sept-Iles CS,QC,Quebec,CAN,TMYx,"Sept-Iles CS, QC (WMO 712790)"
713700,Shawinigan,QC,Quebec,CAN,TMYx,"Shawinigan, QC (WMO 713700)"
716100,Sherbrooke AP,QC,Quebec,CAN,TMYx,"Sherbrooke AP, QC (WMO 716100)"
717120,St Anicet,QC,Quebec,CAN,TMYx,"St Anicet, QC (WMO 717120)"
713760,St Jovite,QC,Quebec,CAN,TMYx,"St Jovite, QC (WMO 713760)"
713770,Ste Anne de Bellevue,QC,Quebec,CAN,TMYx,"Ste Anne de Bellevue, QC (WMO 713770)"
716140,Ste Clothilde des Chateauguay,QC,Quebec,CAN,TMYx,"Ste Clothilde des Chateauguay, QC (WMO 716140)"
714220,Sutton Junction,QC,Quebec,CAN,TMYx,"Sutton Junction, QC (WMO 714220)"
719064,Tasiujaq AP,QC,Quebec,CAN,TMYx,"Tasiujaq AP, QC (WMO 719064)"
714940,Thetford Mines AP RCS,QC,Quebec,CAN,TMYx,"Thetford Mines AP RCS, QC (WMO 714940)"
717240,Trois Rivieres,QC,Quebec,CAN,TMYx,"Trois Rivieres, QC (WMO 717240)"
719053,Umiujaq AP,QC,Quebec,CAN,TMYx,"Umiujaq AP, QC (WMO 719053)"
717250,Val-d-Or Rgnl AP,QC,Quebec,CAN,TMYx,"Val-d-Or Rgnl AP, QC (WMO 717250)"
717160,Valcartier AP,QC,Quebec,CAN,TMYx,"Valcartier AP, QC (WMO 717160)"
711840,Varennes,QC,Quebec,CAN,TMYx,"Varennes, QC (WMO 711840)"
718436,Wemindji AP,QC,Quebec,CAN,TMYx,"Wemindji AP, QC (WMO 718436)"
725058,Block Island State AP,RI,Rhode Island,USA,TMY3,"Block Island State AP, RI (WMO 725058)"
997277,Conimucut Lighthouse,RI,Rhode Island,USA,TMYx,"Conimucut Lighthouse, RI (WMO 997277)"
725110,Kingston-Univ Rhode Island,RI,Rhode Island,USA,TMYx,"Kingston-Univ Rhode Island, RI (WMO 725110)"
725074,Kingstown-Quonset State AP,RI,Rhode Island,USA,TMYx,"Kingstown-Quonset State AP, RI (WMO 725074)"
997285,Newport Harbor,RI,Rhode Island,USA,TMYx,"Newport Harbor, RI (WMO 997285)"
725079,Newport State AP,RI,Rhode Island,USA,TMYx,"Newport State AP, RI (WMO 725079)"
725054,Pawtucket-North Central State AP,RI,Rhode Island,USA,TMY3,"Pawtucket-North Central State AP, RI (WMO 725054)"
725056,Point Judith Lighthouse,RI,Rhode Island,USA,TMYx,"Point Judith Lighthouse, RI (WMO 725056)"
997294,Potter Cove-Prudence Island,RI,Rhode Island,USA,TMYx,"Potter Cove-Prudence Island, RI (WMO 997294)"
997278,Providence Harbor,RI,Rhode Island,USA,TMYx,"Providence Harbor, RI (WMO 997278)"
725070,Providence-Green Meml State AP,RI,Rhode Island,USA,TMY3,"Providence-Green Meml State AP, RI (WMO 725070)"
725120,Univ Rhode Island-Kingston 1 W,RI,Rhode Island,USA,TMYx,"Univ Rhode Island-Kingston 1 W, RI (WMO 725120)"
722151,Westerly State AP,RI,Rhode Island,USA,TMYx,"Westerly State AP, RI (WMO 722151)"
997990,Ace Basin Reserve,SC,South Carolina,USA,TMYx,"Ace Basin Reserve, SC (WMO 997990)"
720601,Aiken Muni AP,SC,South Carolina,USA,TMYx,"Aiken Muni AP, SC (WMO 720601)"
723190,Anderson Rgnl AP,SC,South Carolina,USA,TMY3,"Anderson Rgnl AP, SC (WMO 723190)"
720602,Barnwell Rgnl AP,SC,South Carolina,USA,TMYx,"Barnwell Rgnl AP, SC (WMO 720602)"
720612,Beaufort County AP,SC,South Carolina,USA,TMYx,"Beaufort County AP, SC (WMO 720612)"
720631,Bennettsville-Marlboro County Jetport-Avent Field,SC,South Carolina,USA,TMYx,"Bennettsville-Marlboro County Jetport-Avent Field, SC (WMO 720631)"
998208,Camden-Lake Wateree Dam,SC,South Carolina,USA,TMYx,"Camden-Lake Wateree Dam, SC (WMO 998208)"
720603,Camden-Woodward Field AP,SC,South Carolina,USA,TMYx,"Camden-Woodward Field AP, SC (WMO 720603)"
997174,Charleston,SC,South Carolina,USA,TMYx,"Charleston, SC (WMO 997174)"
720606,Charleston Exec AP,SC,South Carolina,USA,TMYx,"Charleston Exec AP, SC (WMO 720606)"
722080,Charleston Intl AP,SC,South Carolina,USA,TMY3,"Charleston Intl AP, SC (WMO 722080)"
720605,Cheraw Muni AP-Bellinger Field,SC,South Carolina,USA,TMYx,"Cheraw Muni AP-Bellinger Field, SC (WMO 720605)"
720599,Chester-Catawba AP,SC,South Carolina,USA,TMYx,"Chester-Catawba AP, SC (WMO 720599)"
998205,Clarks Hill-Thurmond Lake Dam,SC,South Carolina,USA,TMYx,"Clarks Hill-Thurmond Lake Dam, SC (WMO 998205)"
747840,Clemson Univ Edisto Research Center,SC,South Carolina,USA,TMYx,"Clemson Univ Edisto Research Center, SC (WMO 747840)"
723100,Columbia Metro AP,SC,South Carolina,USA,TMY3,"Columbia Metro AP, SC (WMO 723100)"
723104,Columbia-Hamilton-Owens AP,SC,South Carolina,USA,TMYx,"Columbia-Hamilton-Owens AP, SC (WMO 723104)"
720613,Conway-Horry County AP,SC,South Carolina,USA,TMYx,"Conway-Horry County AP, SC (WMO 720613)"
723116,Darlington County AP,SC,South Carolina,USA,TMYx,"Darlington County AP, SC (WMO 723116)"
723106,Florence Rgnl AP,SC,South Carolina,USA,TMY3,"Florence Rgnl AP, SC (WMO 723106)"
722088,Folly Island,SC,South Carolina,USA,TMYx,"Folly Island, SC (WMO 722088)"
747918,Georgetown AP,SC,South Carolina,USA,TMYx,"Georgetown AP, SC (WMO 747918)"
747916,Georgetown Lighthouse,SC,South Carolina,USA,TMYx,"Georgetown Lighthouse, SC (WMO 747916)"
723119,Greenville Downtown AP,SC,South Carolina,USA,TMY3,"Greenville Downtown AP, SC (WMO 723119)"
723122,Greenville-Donaldson Center AP,SC,South Carolina,USA,TMYx,"Greenville-Donaldson Center AP, SC (WMO 723122)"
723120,Greenville-Spartanburg Intl AP,SC,South Carolina,USA,TMY3,"Greenville-Spartanburg Intl AP, SC (WMO 723120)"
723124,Greenwood County AP,SC,South Carolina,USA,TMYx,"Greenwood County AP, SC (WMO 723124)"
720633,Hartsville Rgnl AP,SC,South Carolina,USA,TMYx,"Hartsville Rgnl AP, SC (WMO 720633)"
720120,Hilton Head AP,SC,South Carolina,USA,TMYx,"Hilton Head AP, SC (WMO 720120)"
998177,Irmo-Lake Murray,SC,South Carolina,USA,TMYx,"Irmo-Lake Murray, SC (WMO 998177)"
723105,JNGB McEntire-Gwinn Field,SC,South Carolina,USA,TMYx,"JNGB McEntire-Gwinn Field, SC (WMO 723105)"
720604,Kingstree-Williamsburg Rgnl AP,SC,South Carolina,USA,TMYx,"Kingstree-Williamsburg Rgnl AP, SC (WMO 720604)"
998187,Lake Marion,SC,South Carolina,USA,TMYx,"Lake Marion, SC (WMO 998187)"
720607,Lancaster County AP-McWhirter Field,SC,South Carolina,USA,TMYx,"Lancaster County AP-McWhirter Field, SC (WMO 720607)"
720597,Laurens County AP,SC,South Carolina,USA,TMYx,"Laurens County AP, SC (WMO 720597)"
720744,Liberty-Pickens County AP,SC,South Carolina,USA,TMYx,"Liberty-Pickens County AP, SC (WMO 720744)"
722085,MCAS Beaufort,SC,South Carolina,USA,TMY3,"MCAS Beaufort, SC (WMO 722085)"
720608,Marion County AP,SC,South Carolina,USA,TMYx,"Marion County AP, SC (WMO 720608)"
747850,McClellanville-Santee Coastal Reserve,SC,South Carolina,USA,TMYx,"McClellanville-Santee Coastal Reserve, SC (WMO 747850)"
720598,Moncks Corner-Berkeley County AP,SC,South Carolina,USA,TMYx,"Moncks Corner-Berkeley County AP, SC (WMO 720598)"
747917,Mount Pleasant Rgnl AP-Faison Field,SC,South Carolina,USA,TMYx,"Mount Pleasant Rgnl AP-Faison Field, SC (WMO 747917)"
747910,Myrtle Beach Intl AP,SC,South Carolina,USA,TMY3,"Myrtle Beach Intl AP, SC (WMO 747910)"
997306,Myrtle Beach-Springmaid Pier,SC,South Carolina,USA,TMYx,"Myrtle Beach-Springmaid Pier, SC (WMO 997306)"
722086,NAS Charleston,SC,South Carolina,USA,TMYx,"NAS Charleston, SC (WMO 722086)"
720596,Newberry Muni AP,SC,South Carolina,USA,TMYx,"Newberry Muni AP, SC (WMO 720596)"
998005,North Inlet Winyah Bay-Oyster Landing,SC,South Carolina,USA,TMYx,"North Inlet Winyah Bay-Oyster Landing, SC (WMO 998005)"
747915,North Myrtle Beach-Grand Strand AP,SC,South Carolina,USA,TMY3,"North Myrtle Beach-Grand Strand AP, SC (WMO 747915)"
722216,North-AF Aux Field,SC,South Carolina,USA,TMYx,"North-AF Aux Field, SC (WMO 722216)"
723115,Orangeburg Muni AP,SC,South Carolina,USA,TMYx,"Orangeburg Muni AP, SC (WMO 723115)"
723117,Rock Hill-York County AP-Bryant Field,SC,South Carolina,USA,TMYx,"Rock Hill-York County AP-Bryant Field, SC (WMO 723117)"
723107,Santee Cooper Rgnl AP,SC,South Carolina,USA,TMYx,"Santee Cooper Rgnl AP, SC (WMO 723107)"
723118,Seneca-Oconee County Rgnl AP,SC,South Carolina,USA,TMYx,"Seneca-Oconee County Rgnl AP, SC (WMO 723118)"
723126,Spartanburg Downtown Meml AP,SC,South Carolina,USA,TMYx,"Spartanburg Downtown Meml AP, SC (WMO 723126)"
720632,Summerville AP,SC,South Carolina,USA,TMYx,"Summerville AP, SC (WMO 720632)"
720611,Sumter AP,SC,South Carolina,USA,TMYx,"Sumter AP, SC (WMO 720611)"
747920,Sumter-Poinsett Range,SC,South Carolina,USA,TMYx,"Sumter-Poinsett Range, SC (WMO 747920)"
747900,Sumter-Shaw AFB,SC,South Carolina,USA,TMY3,"Sumter-Shaw AFB, SC (WMO 747900)"
720609,Walterboro-Lowcountry Rgnl AP,SC,South Carolina,USA,TMYx,"Walterboro-Lowcountry Rgnl AP, SC (WMO 720609)"
720634,Winnsboro-Fairfield County AP,SC,South Carolina,USA,TMYx,"Winnsboro-Fairfield County AP, SC (WMO 720634)"
726590,Aberdeen Rgnl AP,SD,South Dakota,USA,TMY3,"Aberdeen Rgnl AP, SD (WMO 726590)"
726606,Belle Fourche Muni AP,SD,South Dakota,USA,TMYx,"Belle Fourche Muni AP, SD (WMO 726606)"
726515,Brookings Rgnl AP,SD,South Dakota,USA,TMY3,"Brookings Rgnl AP, SD (WMO 726515)"
726627,Buffalo,SD,South Dakota,USA,TMYx,"Buffalo, SD (WMO 726627)"
726640,Buffalo-State Experimental Farm and Antelope Reserve,SD,South Dakota,USA,TMYx,"Buffalo-State Experimental Farm and Antelope Reserve, SD (WMO 726640)"
726530,Chamberlain,SD,South Dakota,USA,TMYx,"Chamberlain, SD (WMO 726530)"
726514,Custer County AP,SD,South Dakota,USA,TMYx,"Custer County AP, SD (WMO 726514)"
726539,Faith Muni AP,SD,South Dakota,USA,TMYx,"Faith Muni AP, SD (WMO 726539)"
726630,Ft Pierre Natl Grassland,SD,South Dakota,USA,TMYx,"Ft Pierre Natl Grassland, SD (WMO 726630)"
726540,Huron Rgnl AP,SD,South Dakota,USA,TMY3,"Huron Rgnl AP, SD (WMO 726540)"
726695,Lemmon Muni AP,SD,South Dakota,USA,TMYx,"Lemmon Muni AP, SD (WMO 726695)"
720624,Madison Muni AP,SD,South Dakota,USA,TMYx,"Madison Muni AP, SD (WMO 720624)"
720918,Mission,SD,South Dakota,USA,TMYx,"Mission, SD (WMO 720918)"
726545,Mitchell Muni AP,SD,South Dakota,USA,TMY3,"Mitchell Muni AP, SD (WMO 726545)"
726685,Mobridge Muni AP,SD,South Dakota,USA,TMY3,"Mobridge Muni AP, SD (WMO 726685)"
726670,Nature Conservancy-Ordway,SD,South Dakota,USA,TMYx,"Nature Conservancy-Ordway, SD (WMO 726670)"
726516,Philip Muni AP,SD,South Dakota,USA,TMYx,"Philip Muni AP, SD (WMO 726516)"
726520,Pickstown,SD,South Dakota,USA,TMYx,"Pickstown, SD (WMO 726520)"
726517,Pine Ridge AP,SD,South Dakota,USA,TMYx,"Pine Ridge AP, SD (WMO 726517)"
726620,Rapid City Rgnl AP,SD,South Dakota,USA,TMY3,"Rapid City Rgnl AP, SD (WMO 726620)"
726625,Rapid City-Ellsworth AFB,SD,South Dakota,USA,TMY3,"Rapid City-Ellsworth AFB, SD (WMO 726625)"
726610,Redig,SD,South Dakota,USA,TMYx,"Redig, SD (WMO 726610)"
711680,Sioux Falls Climate SURFRAD,SD,South Dakota,USA,TMYx,"Sioux Falls Climate SURFRAD, SD (WMO 711680)"
726510,Sioux Falls Rgnl AP-Foss Field,SD,South Dakota,USA,TMY3,"Sioux Falls Rgnl AP-Foss Field, SD (WMO 726510)"
726519,Sisseton Muni AP,SD,South Dakota,USA,TMYx,"Sisseton Muni AP, SD (WMO 726519)"
726605,Spearfish-Black Hills-Clyde Ice Field AP,SD,South Dakota,USA,TMYx,"Spearfish-Black Hills-Clyde Ice Field AP, SD (WMO 726605)"
726546,Watertown Rgnl AP,SD,South Dakota,USA,TMY3,"Watertown Rgnl AP, SD (WMO 726546)"
726518,Winner Rgnl AP,SD,South Dakota,USA,TMYx,"Winner Rgnl AP, SD (WMO 726518)"
726525,Yankton-Gurney Muni AP,SD,South Dakota,USA,TMY3,"Yankton-Gurney Muni AP, SD (WMO 726525)"
714870,Assiniboia AP,SK,Saskatchewan,CAN,TMYx,"Assiniboia AP, SK (WMO 714870)"
711340,Beartooth Island,SK,Saskatchewan,CAN,TMYx,"Beartooth Island, SK (WMO 711340)"
715690,Bratts Lake CS,SK,Saskatchewan,CAN,TMYx,"Bratts Lake CS, SK (WMO 715690)"
718610,Broadview,SK,Saskatchewan,CAN,TMYx,"Broadview, SK (WMO 718610)"
710770,Buffalo Narrows AP,SK,Saskatchewan,CAN,TMYx,"Buffalo Narrows AP, SK (WMO 710770)"
715390,CFB Moose Jaw,SK,Saskatchewan,CAN,TMYx,"CFB Moose Jaw, SK (WMO 715390)"
710750,Collins Bay,SK,Saskatchewan,CAN,TMYx,"Collins Bay, SK (WMO 710750)"
715160,Coronach,SK,Saskatchewan,CAN,TMYx,"Coronach, SK (WMO 715160)"
729200,Cree Lake AP,SK,Saskatchewan,CAN,TMYx,"Cree Lake AP, SK (WMO 729200)"
711390,Cypress Hills Park,SK,Saskatchewan,CAN,TMYx,"Cypress Hills Park, SK (WMO 711390)"
711310,Eastend-Cypress,SK,Saskatchewan,CAN,TMYx,"Eastend-Cypress, SK (WMO 711310)"
714500,Elbow,SK,Saskatchewan,CAN,TMYx,"Elbow, SK (WMO 714500)"
715590,Estevan RCS,SK,Saskatchewan,CAN,TMYx,"Estevan RCS, SK (WMO 715590)"
718620,Estevan Rgnl AP,SK,Saskatchewan,CAN,TMYx,"Estevan Rgnl AP, SK (WMO 718620)"
718680,Hudson Bay AP,SK,Saskatchewan,CAN,TMYx,"Hudson Bay AP, SK (WMO 718680)"
715150,Indian Head CDA,SK,Saskatchewan,CAN,TMYx,"Indian Head CDA, SK (WMO 715150)"
713310,Island Falls,SK,Saskatchewan,CAN,TMYx,"Island Falls, SK (WMO 713310)"
710230,Jimmy Lake AWOS,SK,Saskatchewan,CAN,TMYx,"Jimmy Lake AWOS, SK (WMO 710230)"
715131,Kernen Crop Research Farm,SK,Saskatchewan,CAN,TMYx,"Kernen Crop Research Farm, SK (WMO 715131)"
710330,Key Lake AP,SK,Saskatchewan,CAN,TMYx,"Key Lake AP, SK (WMO 710330)"
711290,Kindersley Rgnl AP,SK,Saskatchewan,CAN,TMYx,"Kindersley Rgnl AP, SK (WMO 711290)"
719220,La Ronge AP,SK,Saskatchewan,CAN,TMYx,"La Ronge AP, SK (WMO 719220)"
715860,La Ronge RCS,SK,Saskatchewan,CAN,TMYx,"La Ronge RCS, SK (WMO 715860)"
715560,Last Mountain Lake Natl Wildlife Area,SK,Saskatchewan,CAN,TMYx,"Last Mountain Lake Natl Wildlife Area, SK (WMO 715560)"
714590,Leader AP,SK,Saskatchewan,CAN,TMYx,"Leader AP, SK (WMO 714590)"
712730,Loon Lake AP RCS,SK,Saskatchewan,CAN,TMYx,"Loon Lake AP RCS, SK (WMO 712730)"
714550,Lucky Lake,SK,Saskatchewan,CAN,TMYx,"Lucky Lake, SK (WMO 714550)"
712040,Mankota,SK,Saskatchewan,CAN,TMYx,"Mankota, SK (WMO 712040)"
714530,Maple Creek,SK,Saskatchewan,CAN,TMYx,"Maple Creek, SK (WMO 714530)"
719700,Meadow Lake AP,SK,Saskatchewan,CAN,TMYx,"Meadow Lake AP, SK (WMO 719700)"
714560,Melfort,SK,Saskatchewan,CAN,TMYx,"Melfort, SK (WMO 714560)"
713120,Nipawin AP,SK,Saskatchewan,CAN,TMYx,"Nipawin AP, SK (WMO 713120)"
718760,North Battleford AP,SK,Saskatchewan,CAN,TMYx,"North Battleford AP, SK (WMO 718760)"
717540,North Battleford RCS,SK,Saskatchewan,CAN,TMYx,"North Battleford RCS, SK (WMO 717540)"
715510,Outlook,SK,Saskatchewan,CAN,TMYx,"Outlook, SK (WMO 715510)"
718690,Prince Albert AP,SK,Saskatchewan,CAN,TMYx,"Prince Albert AP, SK (WMO 718690)"
718630,Regina Intl AP,SK,Saskatchewan,CAN,TMYx,"Regina Intl AP, SK (WMO 718630)"
715140,Regina RCS,SK,Saskatchewan,CAN,TMYx,"Regina RCS, SK (WMO 715140)"
711350,Rockglen,SK,Saskatchewan,CAN,TMYx,"Rockglen, SK (WMO 711350)"
715100,Rosetown AP,SK,Saskatchewan,CAN,TMYx,"Rosetown AP, SK (WMO 715100)"
714960,Saskatoon RCS,SK,Saskatchewan,CAN,TMYx,"Saskatoon RCS, SK (WMO 714960)"
718660,Saskatoon-Diefenbaker Intl AP,SK,Saskatchewan,CAN,TMYx,"Saskatoon-Diefenbaker Intl AP, SK (WMO 718660)"
714890,Scott,SK,Saskatchewan,CAN,TMYx,"Scott, SK (WMO 714890)"
714510,Southend AP,SK,Saskatchewan,CAN,TMYx,"Southend AP, SK (WMO 714510)"
711330,Spiritwood West,SK,Saskatchewan,CAN,TMYx,"Spiritwood West, SK (WMO 711330)"
711320,Stony Rapids AP,SK,Saskatchewan,CAN,TMYx,"Stony Rapids AP, SK (WMO 711320)"
711420,Swift Current AP,SK,Saskatchewan,CAN,TMYx,"Swift Current AP, SK (WMO 711420)"
714460,Swift Current CDA,SK,Saskatchewan,CAN,TMYx,"Swift Current CDA, SK (WMO 714460)"
710760,Uranium City AP,SK,Saskatchewan,CAN,TMYx,"Uranium City AP, SK (WMO 710760)"
711370,Val Marie Southeast,SK,Saskatchewan,CAN,TMYx,"Val Marie Southeast, SK (WMO 711370)"
716630,Waseca RCS,SK,Saskatchewan,CAN,TMYx,"Waseca RCS, SK (WMO 716630)"
714540,Waskesiu Lake,SK,Saskatchewan,CAN,TMYx,"Waskesiu Lake, SK (WMO 714540)"
715110,Watrous East,SK,Saskatchewan,CAN,TMYx,"Watrous East, SK (WMO 715110)"
714520,Weyburn AP,SK,Saskatchewan,CAN,TMYx,"Weyburn AP, SK (WMO 714520)"
718650,Wynyard,SK,Saskatchewan,CAN,TMYx,"Wynyard, SK (WMO 718650)"
712920,Yorkton Muni AP,SK,Saskatchewan,CAN,TMYx,"Yorkton Muni AP, SK (WMO 712920)"
718860,Yorkton RCS,SK,Saskatchewan,CAN,TMYx,"Yorkton RCS, SK (WMO 718860)"
720171,Bolivar-Whitehurst Field,TN,Tennessee,USA,TMYx,"Bolivar-Whitehurst Field, TN (WMO 720171)"
723350,Bristol-Tri-Cities Rgnl AP,TN,Tennessee,USA,TMY3,"Bristol-Tri-Cities Rgnl AP, TN (WMO 723350)"
720907,Campbell County AP,TN,Tennessee,USA,TMYx,"Campbell County AP, TN (WMO 720907)"
723240,Chattanooga Metro AP-Lovell Field,TN,Tennessee,USA,TMY3,"Chattanooga Metro AP-Lovell Field, TN (WMO 723240)"
723280,Clarksville Rgnl AP-Outlaw Field,TN,Tennessee,USA,TMYx,"Clarksville Rgnl AP-Outlaw Field, TN (WMO 723280)"
723250,Crossville Meml AP-Whitson Field,TN,Tennessee,USA,TMY3,"Crossville Meml AP-Whitson Field, TN (WMO 723250)"
754330,Crossville-Univ Tennessee Plateau Research and Education Center,TN,Tennessee,USA,TMYx,"Crossville-Univ Tennessee Plateau Research and Education Center, TN (WMO 754330)"
723347,Dyersburg Rgnl AP,TN,Tennessee,USA,TMY3,"Dyersburg Rgnl AP, TN (WMO 723347)"
746720,Fort Campbell-Sabre AHP,TN,Tennessee,USA,TMYx,"Fort Campbell-Sabre AHP, TN (WMO 746720)"
722781,Henry County AP,TN,Tennessee,USA,TMYx,"Henry County AP, TN (WMO 722781)"
723346,Jackson-McKellar-Sipes Rgnl AP,TN,Tennessee,USA,TMY3,"Jackson-McKellar-Sipes Rgnl AP, TN (WMO 723346)"
723264,Knoxville Downtown Island AP,TN,Tennessee,USA,TMYx,"Knoxville Downtown Island AP, TN (WMO 723264)"
723260,Knoxville-McGhee Tyson AP,TN,Tennessee,USA,TMY3,"Knoxville-McGhee Tyson AP, TN (WMO 723260)"
723249,Maury Rgnl AP,TN,Tennessee,USA,TMYx,"Maury Rgnl AP, TN (WMO 723249)"
723340,Memphis Intl AP,TN,Tennessee,USA,TMY3,"Memphis Intl AP, TN (WMO 723340)"
723284,Millington-Memphis AP-NSA Mid South,TN,Tennessee,USA,TMYx,"Millington-Memphis AP-NSA Mid South, TN (WMO 723284)"
723270,Nashville Intl AP,TN,Tennessee,USA,TMY3,"Nashville Intl AP, TN (WMO 723270)"
723271,Nashville-Tune AP,TN,Tennessee,USA,TMYx,"Nashville-Tune AP, TN (WMO 723271)"
724270,Oak Ridge,TN,Tennessee,USA,TMYx,"Oak Ridge, TN (WMO 724270)"
723273,Smyrna-Rutherford County AP,TN,Tennessee,USA,TMYx,"Smyrna-Rutherford County AP, TN (WMO 723273)"
723274,Sparta-Upper Cumberland Rgnl AP,TN,Tennessee,USA,TMYx,"Sparta-Upper Cumberland Rgnl AP, TN (WMO 723274)"
721031,Tullahoma Rgnl AP-Northern Field,TN,Tennessee,USA,TMYx,"Tullahoma Rgnl AP-Northern Field, TN (WMO 721031)"
749000,Tullahoma-Arnold AFB,TN,Tennessee,USA,TMYx,"Tullahoma-Arnold AFB, TN (WMO 749000)"
720974,Winchester Muni AP,TN,Tennessee,USA,TMYx,"Winchester Muni AP, TN (WMO 720974)"
722660,Abilene Rgnl AP,TX,Texas,USA,TMY3,"Abilene Rgnl AP, TX (WMO 722660)"
690190,Abilene-Dyess AFB,TX,Texas,USA,TMY3,"Abilene-Dyess AFB, TX (WMO 690190)"
720965,Abilene-Dyess AFB,TX,Texas,USA,TMYx,"Abilene-Dyess AFB, TX (WMO 720965)"
722517,Alice Intl AP,TX,Texas,USA,TMY3,"Alice Intl AP, TX (WMO 722517)"
720151,Alpine-Casparis Muni AP,TX,Texas,USA,TMYx,"Alpine-Casparis Muni AP, TX (WMO 720151)"
723630,Amarillo-Husband Amarillo Intl AP,TX,Texas,USA,TMY3,"Amarillo-Husband Amarillo Intl AP, TX (WMO 723630)"
722527,Angleton-Texas Gulf Coast Rgnl AP,TX,Texas,USA,TMYx,"Angleton-Texas Gulf Coast Rgnl AP, TX (WMO 722527)"
747470,Aransas Natl Wildlife Refuge,TX,Texas,USA,TMYx,"Aransas Natl Wildlife Refuge, TX (WMO 747470)"
722479,Arlington Muni AP,TX,Texas,USA,TMYx,"Arlington Muni AP, TX (WMO 722479)"
721043,Athens Muni AP,TX,Texas,USA,TMYx,"Athens Muni AP, TX (WMO 721043)"
720648,Austin Exec AP,TX,Texas,USA,TMYx,"Austin Exec AP, TX (WMO 720648)"
722544,Austin-Camp Mabry,TX,Texas,USA,TMY3,"Austin-Camp Mabry, TX (WMO 722544)"
722540,Austin-Mueller Muni AP,TX,Texas,USA,TMY3,"Austin-Mueller Muni AP, TX (WMO 722540)"
720273,Bay City Muni AP,TX,Texas,USA,TMYx,"Bay City Muni AP, TX (WMO 720273)"
720926,Beaumont Muni AP,TX,Texas,USA,TMYx,"Beaumont Muni AP, TX (WMO 720926)"
722410,Beaumont-Port Arthur-Brooks Rgnl AP,TX,Texas,USA,TMY3,"Beaumont-Port Arthur-Brooks Rgnl AP, TX (WMO 722410)"
722556,Beeville-Chase Indl AP,TX,Texas,USA,TMYx,"Beeville-Chase Indl AP, TX (WMO 722556)"
747280,Big Bend Natl Park-Panther Junction,TX,Texas,USA,TMYx,"Big Bend Natl Park-Panther Junction, TX (WMO 747280)"
720271,Big Spring Mc Mahon-Wrinkle AP,TX,Texas,USA,TMYx,"Big Spring Mc Mahon-Wrinkle AP, TX (WMO 720271)"
723635,Borger-Hutchinson County AP,TX,Texas,USA,TMYx,"Borger-Hutchinson County AP, TX (WMO 723635)"
723628,Brady-Curtis Field AP,TX,Texas,USA,TMYx,"Brady-Curtis Field AP, TX (WMO 723628)"
720578,Breckenridge-Stephens County AP,TX,Texas,USA,TMYx,"Breckenridge-Stephens County AP, TX (WMO 720578)"
722553,Brenham Muni AP,TX,Texas,USA,TMYx,"Brenham Muni AP, TX (WMO 722553)"
720261,Bridgeport Muni AP,TX,Texas,USA,TMYx,"Bridgeport Muni AP, TX (WMO 720261)"
720269,Brooks County AP,TX,Texas,USA,TMYx,"Brooks County AP, TX (WMO 720269)"
722500,Brownsville-South Padre Island Intl AP,TX,Texas,USA,TMY3,"Brownsville-South Padre Island Intl AP, TX (WMO 722500)"
722666,Brownwood Rgnl AP,TX,Texas,USA,TMYx,"Brownwood Rgnl AP, TX (WMO 722666)"
722542,Burnet Muni AP-Craddock Field,TX,Texas,USA,TMYx,"Burnet Muni AP-Craddock Field, TX (WMO 722542)"
998189,CGS Freeport,TX,Texas,USA,TMYx,"CGS Freeport, TX (WMO 998189)"
723761,Caldwell Muni AP,TX,Texas,USA,TMYx,"Caldwell Muni AP, TX (WMO 723761)"
721034,Cameron Muni AP,TX,Texas,USA,TMYx,"Cameron Muni AP, TX (WMO 721034)"
722637,Canadian-Hemphill County AP,TX,Texas,USA,TMYx,"Canadian-Hemphill County AP, TX (WMO 722637)"
720298,Cherokee County AP,TX,Texas,USA,TMYx,"Cherokee County AP, TX (WMO 720298)"
723660,Childress Muni AP,TX,Texas,USA,TMY3,"Childress Muni AP, TX (WMO 723660)"
720302,Clarksville-Red River County AP,TX,Texas,USA,TMYx,"Clarksville-Red River County AP, TX (WMO 720302)"
720320,Cleburne Muni AP,TX,Texas,USA,TMYx,"Cleburne Muni AP, TX (WMO 720320)"
720771,Coleman Muni AP,TX,Texas,USA,TMYx,"Coleman Muni AP, TX (WMO 720771)"
747460,College Station-Easterwood AP,TX,Texas,USA,TMY3,"College Station-Easterwood AP, TX (WMO 747460)"
749091,College Station-Texas A-M Flight Test Stn AP,TX,Texas,USA,TMYx,"College Station-Texas A-M Flight Test Stn AP, TX (WMO 749091)"
720150,Comanche County-City AP,TX,Texas,USA,TMYx,"Comanche County-City AP, TX (WMO 720150)"
722444,Conroe-North Houston Rgnl AP,TX,Texas,USA,TMYx,"Conroe-North Houston Rgnl AP, TX (WMO 722444)"
998484,Copano Bay,TX,Texas,USA,TMYx,"Copano Bay, TX (WMO 998484)"
722510,Corpus Christi Intl AP,TX,Texas,USA,TMY3,"Corpus Christi Intl AP, TX (WMO 722510)"
997366,Corpus Christi-Malaquite Beach,TX,Texas,USA,TMYx,"Corpus Christi-Malaquite Beach, TX (WMO 997366)"
711511,Corpus Christi-NOLF Cabaniss Field,TX,Texas,USA,TMYx,"Corpus Christi-NOLF Cabaniss Field, TX (WMO 711511)"
722469,Corsicana Muni AP-Campbell Field,TX,Texas,USA,TMYx,"Corsicana Muni AP-Campbell Field, TX (WMO 722469)"
722526,Cotulla Muni AP,TX,Texas,USA,TMY3,"Cotulla Muni AP, TX (WMO 722526)"
724462,Crockett-Houston County AP,TX,Texas,USA,TMYx,"Crockett-Houston County AP, TX (WMO 724462)"
747360,Dalhart Muni AP,TX,Texas,USA,TMY3,"Dalhart Muni AP, TX (WMO 747360)"
722599,Dallas Exec AP,TX,Texas,USA,TMY3,"Dallas Exec AP, TX (WMO 722599)"
722580,Dallas Love Field,TX,Texas,USA,TMY3,"Dallas Love Field, TX (WMO 722580)"
722598,Dallas-Addison AP,TX,Texas,USA,TMY3,"Dallas-Addison AP, TX (WMO 722598)"
722590,Dallas-Fort Worth Intl AP,TX,Texas,USA,TMY3,"Dallas-Fort Worth Intl AP, TX (WMO 722590)"
722585,Dallas-Grande Prairie Armed Forces Reserve Complex-Hensley Field,TX,Texas,USA,TMYx,"Dallas-Grande Prairie Armed Forces Reserve Complex-Hensley Field, TX (WMO 722585)"
720305,Decatur Muni AP,TX,Texas,USA,TMYx,"Decatur Muni AP, TX (WMO 720305)"
722610,Del Rio Intl AP,TX,Texas,USA,TMY3,"Del Rio Intl AP, TX (WMO 722610)"
722586,Del Rio NEXRAD,TX,Texas,USA,TMYx,"Del Rio NEXRAD, TX (WMO 722586)"
722615,Del Rio-Laughlin AFB,TX,Texas,USA,TMY3,"Del Rio-Laughlin AFB, TX (WMO 722615)"
720287,Denison-North Texas Rgnl AP-Perrin Field,TX,Texas,USA,TMYx,"Denison-North Texas Rgnl AP-Perrin Field, TX (WMO 720287)"
722589,Denton Enterprise AP,TX,Texas,USA,TMYx,"Denton Enterprise AP, TX (WMO 722589)"
722214,Dumas-Moore County AP,TX,Texas,USA,TMYx,"Dumas-Moore County AP, TX (WMO 722214)"
997361,Eagle Point-Galveston Bay,TX,Texas,USA,TMYx,"Eagle Point-Galveston Bay, TX (WMO 997361)"
720276,Edinburg-South Texas Intl AP,TX,Texas,USA,TMYx,"Edinburg-South Texas Intl AP, TX (WMO 720276)"
722700,El Paso Intl AP,TX,Texas,USA,TMY3,"El Paso Intl AP, TX (WMO 722700)"
720742,Faith Ranch AP,TX,Texas,USA,TMYx,"Faith Ranch AP, TX (WMO 720742)"
722554,Fayette Rgnl Air Center AP,TX,Texas,USA,TMYx,"Fayette Rgnl Air Center AP, TX (WMO 722554)"
747440,Flying X Ranch AP,TX,Texas,USA,TMYx,"Flying X Ranch AP, TX (WMO 747440)"
722618,Fort Stockton Pecos County AP,TX,Texas,USA,TMYx,"Fort Stockton Pecos County AP, TX (WMO 722618)"
722594,Fort Worth Alliance AP,TX,Texas,USA,TMY3,"Fort Worth Alliance AP, TX (WMO 722594)"
747390,Fort Worth Meacham Intl AP,TX,Texas,USA,TMY3,"Fort Worth Meacham Intl AP, TX (WMO 747390)"
722593,Fort Worth Spinks AP,TX,Texas,USA,TMYx,"Fort Worth Spinks AP, TX (WMO 722593)"
722595,Fort Worth-NAS JRB Fort Worth-Carswell Field,TX,Texas,USA,TMY3,"Fort Worth-NAS JRB Fort Worth-Carswell Field, TX (WMO 722595)"
722704,Ft Bliss-Biggs AAF,TX,Texas,USA,TMYx,"Ft Bliss-Biggs AAF, TX (WMO 722704)"
722552,Gainesville Muni AP,TX,Texas,USA,TMYx,"Gainesville Muni AP, TX (WMO 722552)"
997364,Galveston Pier 21,TX,Texas,USA,TMYx,"Galveston Pier 21, TX (WMO 997364)"
722420,Galveston Scholes Intl AP,TX,Texas,USA,TMY3,"Galveston Scholes Intl AP, TX (WMO 722420)"
722323,Gatesville Muni AP,TX,Texas,USA,TMYx,"Gatesville Muni AP, TX (WMO 722323)"
722547,Georgetown Muni AP,TX,Texas,USA,TMY3,"Georgetown Muni AP, TX (WMO 722547)"
722113,Giddings-Lee County AP,TX,Texas,USA,TMYx,"Giddings-Lee County AP, TX (WMO 722113)"
720323,Gillespie County AP,TX,Texas,USA,TMYx,"Gillespie County AP, TX (WMO 720323)"
722112,Gilmer Muni AP-Stephens Field,TX,Texas,USA,TMYx,"Gilmer Muni AP-Stephens Field, TX (WMO 722112)"
749004,Gonzales-Dreyer Meml AP,TX,Texas,USA,TMYx,"Gonzales-Dreyer Meml AP, TX (WMO 749004)"
720318,Graham Muni AP,TX,Texas,USA,TMYx,"Graham Muni AP, TX (WMO 720318)"
720286,Granbury Muni AP,TX,Texas,USA,TMYx,"Granbury Muni AP, TX (WMO 720286)"
722094,Grand Prairie Muni AP,TX,Texas,USA,TMYx,"Grand Prairie Muni AP, TX (WMO 722094)"
722588,Greenville-Majors AP,TX,Texas,USA,TMY3,"Greenville-Majors AP, TX (WMO 722588)"
722231,Hamilton Muni AP,TX,Texas,USA,TMYx,"Hamilton Muni AP, TX (WMO 722231)"
722505,Harlingen-Valley Intl AP,TX,Texas,USA,TMY3,"Harlingen-Valley Intl AP, TX (WMO 722505)"
720943,Harrison County AP,TX,Texas,USA,TMYx,"Harrison County AP, TX (WMO 720943)"
720303,Hearne Muni AP,TX,Texas,USA,TMYx,"Hearne Muni AP, TX (WMO 720303)"
722338,Hebbronville-Hogg County AP,TX,Texas,USA,TMYx,"Hebbronville-Hogg County AP, TX (WMO 722338)"
720577,Henderson-Rusk County AP,TX,Texas,USA,TMYx,"Henderson-Rusk County AP, TX (WMO 720577)"
720393,Hereford Muni AP,TX,Texas,USA,TMYx,"Hereford Muni AP, TX (WMO 720393)"
720295,Hillsboro Muni AP,TX,Texas,USA,TMYx,"Hillsboro Muni AP, TX (WMO 720295)"
722533,Hondo-South Texas Rgnl AP,TX,Texas,USA,TMY3,"Hondo-South Texas Rgnl AP, TX (WMO 722533)"
720639,Horseshoe Bay Resort AP,TX,Texas,USA,TMYx,"Horseshoe Bay Resort AP, TX (WMO 720639)"
720617,Houston Exec AP,TX,Texas,USA,TMYx,"Houston Exec AP, TX (WMO 720617)"
720637,Houston Southwest AP,TX,Texas,USA,TMYx,"Houston Southwest AP, TX (WMO 720637)"
722430,Houston-Bush Intercontinental AP,TX,Texas,USA,TMY3,"Houston-Bush Intercontinental AP, TX (WMO 722430)"
720594,Houston-Dunn Heli,TX,Texas,USA,TMYx,"Houston-Dunn Heli, TX (WMO 720594)"
722436,Houston-Ellington AP,TX,Texas,USA,TMY3,"Houston-Ellington AP, TX (WMO 722436)"
722440,Houston-Hobby AP,TX,Texas,USA,TMY3,"Houston-Hobby AP, TX (WMO 722440)"
722429,Houston-Hooks AP,TX,Texas,USA,TMY3,"Houston-Hooks AP, TX (WMO 722429)"
722447,Huntsville Muni AP,TX,Texas,USA,TMYx,"Huntsville Muni AP, TX (WMO 722447)"
720396,Ingleside-McCampbell-Porter AP,TX,Texas,USA,TMYx,"Ingleside-McCampbell-Porter AP, TX (WMO 720396)"
720296,Jasper County AP-Bell Field,TX,Texas,USA,TMYx,"Jasper County AP-Bell Field, TX (WMO 720296)"
747400,Junction-Kimble County AP,TX,Texas,USA,TMYx,"Junction-Kimble County AP, TX (WMO 747400)"
722537,Kerrville Muni AP-Schreiner Field,TX,Texas,USA,TMYx,"Kerrville Muni AP-Schreiner Field, TX (WMO 722537)"
722576,Killeen-Fort Hood Rgnl AP-Gray AAF,TX,Texas,USA,TMY3,"Killeen-Fort Hood Rgnl AP-Gray AAF, TX (WMO 722576)"
722570,Killeen-Fort Hood-Hood AAF,TX,Texas,USA,TMY3,"Killeen-Fort Hood-Hood AAF, TX (WMO 722570)"
722575,Killeen-Skylark Field,TX,Texas,USA,TMY3,"Killeen-Skylark Field, TX (WMO 722575)"
720579,Lajitas Intl AP,TX,Texas,USA,TMYx,"Lajitas Intl AP, TX (WMO 720579)"
720647,Lampasas AP,TX,Texas,USA,TMYx,"Lampasas AP, TX (WMO 720647)"
722143,Lancaster Rgnl AP,TX,Texas,USA,TMYx,"Lancaster Rgnl AP, TX (WMO 722143)"
722520,Laredo Intl AP,TX,Texas,USA,TMY3,"Laredo Intl AP, TX (WMO 722520)"
720542,Largo Vista AP-Allen Field,TX,Texas,USA,TMYx,"Largo Vista AP-Allen Field, TX (WMO 720542)"
720110,Llano Muni AP,TX,Texas,USA,TMYx,"Llano Muni AP, TX (WMO 720110)"
722470,Longview-East Texas Rgnl AP,TX,Texas,USA,TMY3,"Longview-East Texas Rgnl AP, TX (WMO 722470)"
752550,Lower Rio Grande Valley Natl Wildlife Refuge,TX,Texas,USA,TMYx,"Lower Rio Grande Valley Natl Wildlife Refuge, TX (WMO 752550)"
722670,Lubbock Smith Intl AP,TX,Texas,USA,TMY3,"Lubbock Smith Intl AP, TX (WMO 722670)"
722675,Lubbock-Reese AF,TX,Texas,USA,TMYx,"Lubbock-Reese AF, TX (WMO 722675)"
722446,Lufkin-Angelina Co AP,TX,Texas,USA,TMY3,"Lufkin-Angelina Co AP, TX (WMO 722446)"
998481,Manchester,TX,Texas,USA,TMYx,"Manchester, TX (WMO 998481)"
722640,Marfa Muni AP,TX,Texas,USA,TMY3,"Marfa Muni AP, TX (WMO 722640)"
722506,McAllen Miller Intl AP,TX,Texas,USA,TMY3,"McAllen Miller Intl AP, TX (WMO 722506)"
722563,McGregor Exec AP,TX,Texas,USA,TMY3,"McGregor Exec AP, TX (WMO 722563)"
722541,McKinney Natl AP,TX,Texas,USA,TMYx,"McKinney Natl AP, TX (WMO 722541)"
720291,Mesquite Metro AP,TX,Texas,USA,TMYx,"Mesquite Metro AP, TX (WMO 720291)"
720779,Mexia-Limestone County AP,TX,Texas,USA,TMYx,"Mexia-Limestone County AP, TX (WMO 720779)"
722324,Midland AF,TX,Texas,USA,TMYx,"Midland AF, TX (WMO 722324)"
722650,Midland Intl Air and Space Port,TX,Texas,USA,TMY3,"Midland Intl Air and Space Port, TX (WMO 722650)"
720299,Midlothian-Mid Way Rgnl AP,TX,Texas,USA,TMYx,"Midlothian-Mid Way Rgnl AP, TX (WMO 720299)"
722042,Mineola-Wood County AP,TX,Texas,USA,TMYx,"Mineola-Wood County AP, TX (WMO 722042)"
722597,Mineral Wells AP,TX,Texas,USA,TMY3,"Mineral Wells AP, TX (WMO 722597)"
747290,Monahans Sandhills State Park,TX,Texas,USA,TMYx,"Monahans Sandhills State Park, TX (WMO 747290)"
997370,Morgans Point,TX,Texas,USA,TMYx,"Morgans Point, TX (WMO 997370)"
720311,Mount Pleasant Rgnl AP,TX,Texas,USA,TMYx,"Mount Pleasant Rgnl AP, TX (WMO 720311)"
747270,Muleshoe Natl Wildlife Refuge,TX,Texas,USA,TMYx,"Muleshoe Natl Wildlife Refuge, TX (WMO 747270)"
720731,Mustang Island,TX,Texas,USA,TMYx,"Mustang Island, TX (WMO 720731)"
722518,NALF Orange Grove,TX,Texas,USA,TMYx,"NALF Orange Grove, TX (WMO 722518)"
722515,NAS Corpus Christi-Truax Field,TX,Texas,USA,TMY3,"NAS Corpus Christi-Truax Field, TX (WMO 722515)"
722516,NAS Kingsville,TX,Texas,USA,TMY3,"NAS Kingsville, TX (WMO 722516)"
747490,NASA Natl Scientific Balloon Facility,TX,Texas,USA,TMYx,"NASA Natl Scientific Balloon Facility, TX (WMO 747490)"
722499,Nacogdoches-Mangham Rgnl AP,TX,Texas,USA,TMY3,"Nacogdoches-Mangham Rgnl AP, TX (WMO 722499)"
722416,New Braunfels Rgnl AP,TX,Texas,USA,TMYx,"New Braunfels Rgnl AP, TX (WMO 722416)"
747370,Oak Creek Reservoir,TX,Texas,USA,TMYx,"Oak Creek Reservoir, TX (WMO 747370)"
722648,Odessa-Schlemeyer Field AP,TX,Texas,USA,TMYx,"Odessa-Schlemeyer Field AP, TX (WMO 722648)"
723629,Orange County AP,TX,Texas,USA,TMYx,"Orange County AP, TX (WMO 723629)"
720659,Ozona Muni AP,TX,Texas,USA,TMYx,"Ozona Muni AP, TX (WMO 720659)"
998236,Packery Channel,TX,Texas,USA,TMYx,"Packery Channel, TX (WMO 998236)"
722555,Palacios Muni AP,TX,Texas,USA,TMY3,"Palacios Muni AP, TX (WMO 722555)"
720314,Palestine Muni AP,TX,Texas,USA,TMYx,"Palestine Muni AP, TX (WMO 720314)"
720313,Pampa-Lefors Field,TX,Texas,USA,TMYx,"Pampa-Lefors Field, TX (WMO 720313)"
720626,Pampa-Mesa Vista Ranch AP,TX,Texas,USA,TMYx,"Pampa-Mesa Vista Ranch AP, TX (WMO 720626)"
722587,Paris-Cox Field,TX,Texas,USA,TMY3,"Paris-Cox Field, TX (WMO 722587)"
722427,Pearland Rgnl AP-Clover Field,TX,Texas,USA,TMYx,"Pearland Rgnl AP-Clover Field, TX (WMO 722427)"
722169,Pecos Muni AP,TX,Texas,USA,TMYx,"Pecos Muni AP, TX (WMO 722169)"
720315,Perryton-Ochiltree County AP,TX,Texas,USA,TMYx,"Perryton-Ochiltree County AP, TX (WMO 720315)"
722620,Pine Springs-Guadalupe Pass AMOS,TX,Texas,USA,TMYx,"Pine Springs-Guadalupe Pass AMOS, TX (WMO 722620)"
722174,Plainview-Hale County AP,TX,Texas,USA,TMYx,"Plainview-Hale County AP, TX (WMO 722174)"
720395,Pleasanton Muni AP,TX,Texas,USA,TMYx,"Pleasanton Muni AP, TX (WMO 720395)"
690290,Port Aransas-Mustang Beach AP,TX,Texas,USA,TMYx,"Port Aransas-Mustang Beach AP, TX (WMO 690290)"
998225,Port Arthur,TX,Texas,USA,TMYx,"Port Arthur, TX (WMO 998225)"
997369,Port Isabel Harbor,TX,Texas,USA,TMYx,"Port Isabel Harbor, TX (WMO 997369)"
722508,Port Isabel-Cameron County AP,TX,Texas,USA,TMYx,"Port Isabel-Cameron County AP, TX (WMO 722508)"
998487,Port Lavaca,TX,Texas,USA,TMYx,"Port Lavaca, TX (WMO 998487)"
722209,Port Lavaca-Calhoun County AP,TX,Texas,USA,TMYx,"Port Lavaca-Calhoun County AP, TX (WMO 722209)"
994790,Port Oconnor-Matagorda Bay,TX,Texas,USA,TMYx,"Port Oconnor-Matagorda Bay, TX (WMO 994790)"
721048,Presidio Lely intl ap,TX,Texas,USA,TMYx,"Presidio Lely intl ap, TX (WMO 721048)"
994800,Rincon Del San Jose-Potrero Lopeno,TX,Texas,USA,TMYx,"Rincon Del San Jose-Potrero Lopeno, TX (WMO 994800)"
720316,Robstown-Nueces County AP,TX,Texas,USA,TMYx,"Robstown-Nueces County AP, TX (WMO 720316)"
998226,Rockport,TX,Texas,USA,TMYx,"Rockport, TX (WMO 998226)"
722524,Rockport-Aransas Co AP,TX,Texas,USA,TMY3,"Rockport-Aransas Co AP, TX (WMO 722524)"
722363,Rocksprings-Edwards County AP,TX,Texas,USA,TMYx,"Rocksprings-Edwards County AP, TX (WMO 722363)"
721044,Rockwall Muni AP,TX,Texas,USA,TMYx,"Rockwall Muni AP, TX (WMO 721044)"
998182,Rollover Pass-Bolivar Peninsula,TX,Texas,USA,TMYx,"Rollover Pass-Bolivar Peninsula, TX (WMO 998182)"
994260,Sabine Pass,TX,Texas,USA,TMYx,"Sabine Pass, TX (WMO 994260)"
722414,Sabine Pass Heli,TX,Texas,USA,TMYx,"Sabine Pass Heli, TX (WMO 722414)"
722630,San Angelo Rgnl AP-Mathis Field,TX,Texas,USA,TMY3,"San Angelo Rgnl AP-Mathis Field, TX (WMO 722630)"
722530,San Antonio Intl AP,TX,Texas,USA,TMY3,"San Antonio Intl AP, TX (WMO 722530)"
749058,San Antonio-Brooks AFB,TX,Texas,USA,TMYx,"San Antonio-Brooks AFB, TX (WMO 749058)"
722535,San Antonio-JB San Antonio-Kelly Field Annex,TX,Texas,USA,TMY3,"San Antonio-JB San Antonio-Kelly Field Annex, TX (WMO 722535)"
722536,San Antonio-JB San Antonio-Randolph AFB,TX,Texas,USA,TMY3,"San Antonio-JB San Antonio-Randolph AFB, TX (WMO 722536)"
722523,San Antonio-Stinson Muni AP,TX,Texas,USA,TMY3,"San Antonio-Stinson Muni AP, TX (WMO 722523)"
722539,San Marcos Muni AP,TX,Texas,USA,TMYx,"San Marcos Muni AP, TX (WMO 722539)"
747300,Sanderson,TX,Texas,USA,TMYx,"Sanderson, TX (WMO 747300)"
722616,Sanderson-Terrell County AP,TX,Texas,USA,TMYx,"Sanderson-Terrell County AP, TX (WMO 722616)"
998185,Seadrift,TX,Texas,USA,TMYx,"Seadrift, TX (WMO 998185)"
722107,Seminole-Gaines County AP,TX,Texas,USA,TMYx,"Seminole-Gaines County AP, TX (WMO 722107)"
722122,Snyder-Winston Field AP,TX,Texas,USA,TMYx,"Snyder-Winston Field AP, TX (WMO 722122)"
747335,Sonora Muni AP,TX,Texas,USA,TMYx,"Sonora Muni AP, TX (WMO 747335)"
998183,South Bird Island,TX,Texas,USA,TMYx,"South Bird Island, TX (WMO 998183)"
720743,South Padre Island Heli,TX,Texas,USA,TMYx,"South Padre Island Heli, TX (WMO 720743)"
722600,Stephenville-Clark Field Muni AP,TX,Texas,USA,TMYx,"Stephenville-Clark Field Muni AP, TX (WMO 722600)"
722543,Sugar Land Rgnl AP,TX,Texas,USA,TMYx,"Sugar Land Rgnl AP, TX (WMO 722543)"
722362,Sulphur Springs Muni AP,TX,Texas,USA,TMYx,"Sulphur Springs Muni AP, TX (WMO 722362)"
722192,Sweetwater Muni AP-Avenger Field,TX,Texas,USA,TMYx,"Sweetwater Muni AP-Avenger Field, TX (WMO 722192)"
722577,Temple-Draughon-Miller Central Texas Rgnl AP,TX,Texas,USA,TMY3,"Temple-Draughon-Miller Central Texas Rgnl AP, TX (WMO 722577)"
722489,Terrell Muni AP,TX,Texas,USA,TMYx,"Terrell Muni AP, TX (WMO 722489)"
998482,Texas State Aquarium,TX,Texas,USA,TMYx,"Texas State Aquarium, TX (WMO 998482)"
722448,Tyler Pounds Rgnl AP,TX,Texas,USA,TMY3,"Tyler Pounds Rgnl AP, TX (WMO 722448)"
722202,Uvalde-Garner Field AP,TX,Texas,USA,TMYx,"Uvalde-Garner Field AP, TX (WMO 722202)"
722550,Victoria Rgnl AP,TX,Texas,USA,TMY3,"Victoria Rgnl AP, TX (WMO 722550)"
722560,Waco Rgnl AP,TX,Texas,USA,TMY3,"Waco Rgnl AP, TX (WMO 722560)"
722561,Waco-TSTC AP,TX,Texas,USA,TMYx,"Waco-TSTC AP, TX (WMO 722561)"
722159,Weslaco-Mid Valley AP,TX,Texas,USA,TMYx,"Weslaco-Mid Valley AP, TX (WMO 722159)"
722351,Wharton Rgnl AP,TX,Texas,USA,TMYx,"Wharton Rgnl AP, TX (WMO 722351)"
723510,Wichita Falls Muni AP-Sheppard AFB,TX,Texas,USA,TMY3,"Wichita Falls Muni AP-Sheppard AFB, TX (WMO 723510)"
720403,Wichita Falls-Kickapoo Downtown AP,TX,Texas,USA,TMYx,"Wichita Falls-Kickapoo Downtown AP, TX (WMO 720403)"
720281,Wilbarger County AP,TX,Texas,USA,TMYx,"Wilbarger County AP, TX (WMO 720281)"
722656,Wink-Winkler County AP,TX,Texas,USA,TMY3,"Wink-Winkler County AP, TX (WMO 722656)"
720584,Zapata County AP,TX,Texas,USA,TMYx,"Zapata County AP, TX (WMO 720584)"
724720,Blanding,UT,Utah,USA,TMYx,"Blanding, UT (WMO 724720)"
724723,Blanding Muni AP,UT,Utah,USA,TMY3,"Blanding Muni AP, UT (WMO 724723)"
720567,Brigham City AP,UT,Utah,USA,TMYx,"Brigham City AP, UT (WMO 720567)"
724756,Bryce Canyon AP,UT,Utah,USA,TMY3,"Bryce Canyon AP, UT (WMO 724756)"
724736,Bullfrog Marina,UT,Utah,USA,TMYx,"Bullfrog Marina, UT (WMO 724736)"
755710,Capitol Reef Natl Park,UT,Utah,USA,TMYx,"Capitol Reef Natl Park, UT (WMO 755710)"
724755,Cedar City Rgnl AP,UT,Utah,USA,TMY3,"Cedar City Rgnl AP, UT (WMO 724755)"
724795,Delta Muni AP,UT,Utah,USA,TMY3,"Delta Muni AP, UT (WMO 724795)"
725753,Eagle Range,UT,Utah,USA,TMYx,"Eagle Range, UT (WMO 725753)"
740032,Granite Peak Fillmore AP,UT,Utah,USA,TMYx,"Granite Peak Fillmore AP, UT (WMO 740032)"
720568,Granite Peak Fillmore AP,UT,Utah,USA,TMYx,"Granite Peak Fillmore AP, UT (WMO 720568)"
740031,Granite Peak-Dugway Proving Ground,UT,Utah,USA,TMYx,"Granite Peak-Dugway Proving Ground, UT (WMO 740031)"
724771,Green River Range,UT,Utah,USA,TMYx,"Green River Range, UT (WMO 724771)"
724735,Hanksville AP,UT,Utah,USA,TMY3,"Hanksville AP, UT (WMO 724735)"
720565,Heber City Muni AP-McDonald Field,UT,Utah,USA,TMYx,"Heber City Muni AP-McDonald Field, UT (WMO 720565)"
724796,Logan-Cache AP,UT,Utah,USA,TMYx,"Logan-Cache AP, UT (WMO 724796)"
740030,Michael AAF-Dugway Proving Ground,UT,Utah,USA,TMYx,"Michael AAF-Dugway Proving Ground, UT (WMO 740030)"
724750,Milford Muni AP,UT,Utah,USA,TMYx,"Milford Muni AP, UT (WMO 724750)"
724776,Moab-Canyonlands Field,UT,Utah,USA,TMY3,"Moab-Canyonlands Field, UT (WMO 724776)"
725755,Ogden-Hill AFB,UT,Utah,USA,TMY3,"Ogden-Hill AFB, UT (WMO 725755)"
725750,Ogden-Hinkley AP,UT,Utah,USA,TMY3,"Ogden-Hinkley AP, UT (WMO 725750)"
724700,Price-Carbon County Rgnl AP-Davis Field,UT,Utah,USA,TMYx,"Price-Carbon County Rgnl AP-Davis Field, UT (WMO 724700)"
725770,Promontory-Golden Spike Natl Historic Site,UT,Utah,USA,TMYx,"Promontory-Golden Spike Natl Historic Site, UT (WMO 725770)"
725724,Provo Muni AP,UT,Utah,USA,TMY3,"Provo Muni AP, UT (WMO 725724)"
744200,Roosevelt,UT,Utah,USA,TMYx,"Roosevelt, UT (WMO 744200)"
724754,Saint George Rgnl AP,UT,Utah,USA,TMY3,"Saint George Rgnl AP, UT (WMO 724754)"
725720,Salt Lake City Intl AP,UT,Utah,USA,TMY3,"Salt Lake City Intl AP, UT (WMO 725720)"
724725,Tooele,UT,Utah,USA,TMYx,"Tooele, UT (WMO 724725)"
720572,Tooele Valley AP-Bolinder Field,UT,Utah,USA,TMYx,"Tooele Valley AP-Bolinder Field, UT (WMO 720572)"
725705,Vernal Rgnl AP,UT,Utah,USA,TMY3,"Vernal Rgnl AP, UT (WMO 725705)"
725810,Wendover AP,UT,Utah,USA,TMY3,"Wendover AP, UT (WMO 725810)"
724058,Abingdon-Virgina Highlands AP,VA,Virginia,USA,TMY3,"Abingdon-Virgina Highlands AP, VA (WMO 724058)"
724050,Arlington-Reagan Washington Natl AP,VA,Virginia,USA,TMY3,"Arlington-Reagan Washington Natl AP, VA (WMO 724050)"
723084,Ashland-Hanover County Muni AP,VA,Virginia,USA,TMYx,"Ashland-Hanover County Muni AP, VA (WMO 723084)"
724113,Blacksburg-Virginia Tech Montgomery Exec AP,VA,Virginia,USA,TMY3,"Blacksburg-Virginia Tech Montgomery Exec AP, VA (WMO 724113)"
724015,Blackstone-Perkinson AP-Blackstone AAF,VA,Virginia,USA,TMYx,"Blackstone-Perkinson AP-Blackstone AAF, VA (WMO 724015)"
723088,CGS Milford Haven,VA,Virginia,USA,TMYx,"CGS Milford Haven, VA (WMO 723088)"
997315,CGS Yorktown,VA,Virginia,USA,TMYx,"CGS Yorktown, VA (WMO 997315)"
992014,Cape Charles,VA,Virginia,USA,TMYx,"Cape Charles, VA (WMO 992014)"
997691,Cape Henry Lighthouse,VA,Virginia,USA,TMYx,"Cape Henry Lighthouse, VA (WMO 997691)"
720264,Cedar Bluff-Tazewell County AP,VA,Virginia,USA,TMYx,"Cedar Bluff-Tazewell County AP, VA (WMO 720264)"
724016,Charlottesville-Albemarle AP,VA,Virginia,USA,TMY3,"Charlottesville-Albemarle AP, VA (WMO 724016)"
746010,Charlottesville-Monticello,VA,Virginia,USA,TMYx,"Charlottesville-Monticello, VA (WMO 746010)"
997299,Chesapeake Bay Bridge Tunnel,VA,Virginia,USA,TMYx,"Chesapeake Bay Bridge Tunnel, VA (WMO 997299)"
724006,Chesapeake Rgnl AP,VA,Virginia,USA,TMYx,"Chesapeake Rgnl AP, VA (WMO 724006)"
720499,Chesapeake-Hampton Roads Exec AP,VA,Virginia,USA,TMYx,"Chesapeake-Hampton Roads Exec AP, VA (WMO 720499)"
997305,Chesapeake-Money Point,VA,Virginia,USA,TMYx,"Chesapeake-Money Point, VA (WMO 997305)"
723089,Chincoteague Island,VA,Virginia,USA,TMYx,"Chincoteague Island, VA (WMO 723089)"
997693,Craney Island,VA,Virginia,USA,TMYx,"Craney Island, VA (WMO 997693)"
723098,Culpeper Rgnl AP,VA,Virginia,USA,TMYx,"Culpeper Rgnl AP, VA (WMO 723098)"
724106,Danville Rgnl AP,VA,Virginia,USA,TMY3,"Danville Rgnl AP, VA (WMO 724106)"
724030,Dulles-Washington Dulles Intl AP,VA,Virginia,USA,TMY3,"Dulles-Washington Dulles Intl AP, VA (WMO 724030)"
720278,Emporia-Greensville Rgnl AP,VA,Virginia,USA,TMYx,"Emporia-Greensville Rgnl AP, VA (WMO 720278)"
724017,Farmville Rgnl AP,VA,Virginia,USA,TMY3,"Farmville Rgnl AP, VA (WMO 724017)"
723083,Franklin Muni AP-Rose Field,VA,Virginia,USA,TMY3,"Franklin Muni AP-Rose Field, VA (WMO 723083)"
724033,Fredericksburg-Shannon AP,VA,Virginia,USA,TMY3,"Fredericksburg-Shannon AP, VA (WMO 724033)"
723087,Ft Eustis-Felker AAF,VA,Virginia,USA,TMYx,"Ft Eustis-Felker AAF, VA (WMO 723087)"
745980,Hampton-JB Langley-Eustis-Langley Field,VA,Virginia,USA,TMY3,"Hampton-JB Langley-Eustis-Langley Field, VA (WMO 745980)"
724107,Hillsville-Twin County AP,VA,Virginia,USA,TMY3,"Hillsville-Twin County AP, VA (WMO 724107)"
724115,Hot Springs-Ingalls Field AP,VA,Virginia,USA,TMY3,"Hot Springs-Ingalls Field AP, VA (WMO 724115)"
720777,Lawrenceville-Brunswick Muni AP,VA,Virginia,USA,TMYx,"Lawrenceville-Brunswick Muni AP, VA (WMO 720777)"
720768,Lee County AP,VA,Virginia,USA,TMYx,"Lee County AP, VA (WMO 720768)"
724055,Leesburg Exec AP-Godfrey Field,VA,Virginia,USA,TMY3,"Leesburg Exec AP-Godfrey Field, VA (WMO 724055)"
997304,Lewisetta,VA,Virginia,USA,TMYx,"Lewisetta, VA (WMO 997304)"
724037,Lorton-Fort Belvoir-Davison AAF,VA,Virginia,USA,TMY3,"Lorton-Fort Belvoir-Davison AAF, VA (WMO 724037)"
723114,Louisa County AP-Freeman Field,VA,Virginia,USA,TMYx,"Louisa County AP-Freeman Field, VA (WMO 723114)"
724100,Lynchburg Rgnl AP-Glen Field,VA,Virginia,USA,TMY3,"Lynchburg Rgnl AP-Glen Field, VA (WMO 724100)"
724036,Manassas Rgnl AP-Davis Field,VA,Virginia,USA,TMY3,"Manassas Rgnl AP-Davis Field, VA (WMO 724036)"
724056,Marion-Wytheville-Mountain Empire AP,VA,Virginia,USA,TMY3,"Marion-Wytheville-Mountain Empire AP, VA (WMO 724056)"
745985,Martinsville-Blue Ridge Rgnl AP,VA,Virginia,USA,TMY3,"Martinsville-Blue Ridge Rgnl AP, VA (WMO 745985)"
720285,Mattaponi-Middle Peninsula Rgnl AP,VA,Virginia,USA,TMYx,"Mattaponi-Middle Peninsula Rgnl AP, VA (WMO 720285)"
724118,Mecklenburg-Brunswick Rgnl AP,VA,Virginia,USA,TMYx,"Mecklenburg-Brunswick Rgnl AP, VA (WMO 724118)"
724026,Melfa-Accomack County AP,VA,Virginia,USA,TMY3,"Melfa-Accomack County AP, VA (WMO 724026)"
725172,NALF Fentress,VA,Virginia,USA,TMYx,"NALF Fentress, VA (WMO 725172)"
724020,NASA Wallops Flight Facility AP,VA,Virginia,USA,TMYx,"NASA Wallops Flight Facility AP, VA (WMO 724020)"
997708,New Point Comfort Lighthouse,VA,Virginia,USA,TMYx,"New Point Comfort Lighthouse, VA (WMO 997708)"
997782,Newport News-Dominion Terminal,VA,Virginia,USA,TMYx,"Newport News-Dominion Terminal, VA (WMO 997782)"
723086,Newport News-Williamsburg Intl AP,VA,Virginia,USA,TMY3,"Newport News-Williamsburg Intl AP, VA (WMO 723086)"
723080,Norfolk Intl AP,VA,Virginia,USA,TMY3,"Norfolk Intl AP, VA (WMO 723080)"
723085,Norfolk-NS Norfolk-Chambers Field,VA,Virginia,USA,TMY3,"Norfolk-NS Norfolk-Chambers Field, VA (WMO 723085)"
722167,Orange County AP,VA,Virginia,USA,TMYx,"Orange County AP, VA (WMO 722167)"
724027,Parramore Island,VA,Virginia,USA,TMYx,"Parramore Island, VA (WMO 724027)"
724014,Petersburg-Dinwiddie County AP,VA,Virginia,USA,TMY3,"Petersburg-Dinwiddie County AP, VA (WMO 724014)"
724116,Pulaski-Dublin-Radford-New River Valley AP,VA,Virginia,USA,TMY3,"Pulaski-Dublin-Radford-New River Valley AP, VA (WMO 724116)"
724035,Quantico-MCB Quantico-MCAF Quantico-Turner Field,VA,Virginia,USA,TMY3,"Quantico-MCB Quantico-MCAF Quantico-Turner Field, VA (WMO 724035)"
724010,Richmond Intl AP,VA,Virginia,USA,TMY3,"Richmond Intl AP, VA (WMO 724010)"
720498,Richmond-Chesterfield County AP,VA,Virginia,USA,TMYx,"Richmond-Chesterfield County AP, VA (WMO 720498)"
724110,Roanoke-Blacksburg Rgnl AP-Woodrum Field,VA,Virginia,USA,TMY3,"Roanoke-Blacksburg Rgnl AP-Woodrum Field, VA (WMO 724110)"
720317,Stafford Rgnl AP,VA,Virginia,USA,TMYx,"Stafford Rgnl AP, VA (WMO 720317)"
724105,Staunton-Shenandoah Valley Rgnl AP,VA,Virginia,USA,TMY3,"Staunton-Shenandoah Valley Rgnl AP, VA (WMO 724105)"
724007,Suffolk Exec AP,VA,Virginia,USA,TMYx,"Suffolk Exec AP, VA (WMO 724007)"
720501,Tappahannock-Essex County AP,VA,Virginia,USA,TMYx,"Tappahannock-Essex County AP, VA (WMO 720501)"
723075,Virginia Beach-NAS Oceana,VA,Virginia,USA,TMY3,"Virginia Beach-NAS Oceana, VA (WMO 723075)"
997313,Wachapreague,VA,Virginia,USA,TMYx,"Wachapreague, VA (WMO 997313)"
724019,Wakefield Muni AP,VA,Virginia,USA,TMYx,"Wakefield Muni AP, VA (WMO 724019)"
722692,Warrenton-Fauquier AP,VA,Virginia,USA,TMYx,"Warrenton-Fauquier AP, VA (WMO 722692)"
720297,Williamsburg-Jamestown AP,VA,Virginia,USA,TMYx,"Williamsburg-Jamestown AP, VA (WMO 720297)"
724053,Winchester Rgnl AP,VA,Virginia,USA,TMY3,"Winchester Rgnl AP, VA (WMO 724053)"
724117,Wise-Lonesome Pine AP,VA,Virginia,USA,TMY3,"Wise-Lonesome Pine AP, VA (WMO 724117)"
998017,York River State Park,VA,Virginia,USA,TMYx,"York River State Park, VA (WMO 998017)"
726166,Bennington-Morse State AP,VT,Vermont,USA,TMYx,"Bennington-Morse State AP, VT (WMO 726166)"
726170,Burlington Intl AP,VT,Vermont,USA,TMY3,"Burlington Intl AP, VT (WMO 726170)"
720492,Lyndonville-Caledonia County AP,VT,Vermont,USA,TMYx,"Lyndonville-Caledonia County AP, VT (WMO 720492)"
721028,Middlebury State AP,VT,Vermont,USA,TMYx,"Middlebury State AP, VT (WMO 721028)"
726145,Montpelier-Knapp State AP,VT,Vermont,USA,TMY3,"Montpelier-Knapp State AP, VT (WMO 726145)"
726114,Morrisville-Stowe State AP,VT,Vermont,USA,TMYx,"Morrisville-Stowe State AP, VT (WMO 726114)"
726120,Newport,VT,Vermont,USA,TMYx,"Newport, VT (WMO 726120)"
720493,Newport-Northeast Kingdom Intl AP,VT,Vermont,USA,TMYx,"Newport-Northeast Kingdom Intl AP, VT (WMO 720493)"
725165,Rutland-Southern Vermont Rgnl AP,VT,Vermont,USA,TMY3,"Rutland-Southern Vermont Rgnl AP, VT (WMO 725165)"
726115,Springfield-Hartness State AP,VT,Vermont,USA,TMY3,"Springfield-Hartness State AP, VT (WMO 726115)"
726140,St Johnsbury AMOS,VT,Vermont,USA,TMYx,"St Johnsbury AMOS, VT (WMO 726140)"
720494,Swanton-Franklin County State AP,VT,Vermont,USA,TMYx,"Swanton-Franklin County State AP, VT (WMO 720494)"
744830,Wilmington,VT,Vermont,USA,TMYx,"Wilmington, VT (WMO 744830)"
727939,Alki Point Lighthouse,WA,Washington,USA,TMYx,"Alki Point Lighthouse, WA (WMO 727939)"
727945,Arlington Muni AP,WA,Washington,USA,TMYx,"Arlington Muni AP, WA (WMO 727945)"
727976,Bellingham Intl AP,WA,Washington,USA,TMY3,"Bellingham Intl AP, WA (WMO 727976)"
727928,Bremerton Natl AP,WA,Washington,USA,TMY3,"Bremerton Natl AP, WA (WMO 727928)"
742010,CGAS Port Angeles,WA,Washington,USA,TMYx,"CGAS Port Angeles, WA (WMO 742010)"
727915,CGS Cape Disappointment,WA,Washington,USA,TMYx,"CGS Cape Disappointment, WA (WMO 727915)"
994300,Cape Flattery Lighthouse-Tatoosh Island,WA,Washington,USA,TMYx,"Cape Flattery Lighthouse-Tatoosh Island, WA (WMO 994300)"
992022,Carr Inlet in Water,WA,Washington,USA,TMYx,"Carr Inlet in Water, WA (WMO 992022)"
720254,Chehalis-Centralia AP,WA,Washington,USA,TMYx,"Chehalis-Centralia AP, WA (WMO 720254)"
994013,Cherry Point,WA,Washington,USA,TMYx,"Cherry Point, WA (WMO 994013)"
727871,Colville Muni AP,WA,Washington,USA,TMYx,"Colville Muni AP, WA (WMO 727871)"
727870,Deer Park AP,WA,Washington,USA,TMYx,"Deer Park AP, WA (WMO 727870)"
994070,Destruction Island,WA,Washington,USA,TMYx,"Destruction Island, WA (WMO 994070)"
727883,Ellensburg-Bowers Field AP,WA,Washington,USA,TMYx,"Ellensburg-Bowers Field AP, WA (WMO 727883)"
727900,Ephrata Muni AP,WA,Washington,USA,TMY3,"Ephrata Muni AP, WA (WMO 727900)"
727937,Everett-Snohomish County AP-Paine Field,WA,Washington,USA,TMY3,"Everett-Snohomish County AP-Paine Field, WA (WMO 727937)"
727985,Friday Harbor AP,WA,Washington,USA,TMYx,"Friday Harbor AP, WA (WMO 727985)"
742030,Grays Harbor-Lake Quinalt,WA,Washington,USA,TMYx,"Grays Harbor-Lake Quinalt, WA (WMO 742030)"
727840,Hanford MS,WA,Washington,USA,TMY3,"Hanford MS, WA (WMO 727840)"
727923,Hoquiam-Bowerman AP,WA,Washington,USA,TMY3,"Hoquiam-Bowerman AP, WA (WMO 727923)"
727924,Kelso-Longview-Southwest Washington Rgnl AP,WA,Washington,USA,TMY3,"Kelso-Longview-Southwest Washington Rgnl AP, WA (WMO 727924)"
997696,La Push-CGS Quillayute River,WA,Washington,USA,TMYx,"La Push-CGS Quillayute River, WA (WMO 997696)"
997801,Longview,WA,Washington,USA,TMYx,"Longview, WA (WMO 997801)"
742020,Marblemount Ranger Station-Lookout Mountain,WA,Washington,USA,TMYx,"Marblemount Ranger Station-Lookout Mountain, WA (WMO 742020)"
727827,Moses Lake-Grant County Intl AP,WA,Washington,USA,TMY3,"Moses Lake-Grant County Intl AP, WA (WMO 727827)"
994021,Neah Bay,WA,Washington,USA,TMYx,"Neah Bay, WA (WMO 994021)"
997243,Neah Bay Traffic Separation Light,WA,Washington,USA,TMYx,"Neah Bay Traffic Separation Light, WA (WMO 997243)"
727996,New Dungeness Lighthouse,WA,Washington,USA,TMYx,"New Dungeness Lighthouse, WA (WMO 727996)"
727964,Oak Harbor-Eisenberg AP,WA,Washington,USA,TMYx,"Oak Harbor-Eisenberg AP, WA (WMO 727964)"
720749,Oak Harbor-NAS Whidbey Island-Ault Field,WA,Washington,USA,TMY3,"Oak Harbor-NAS Whidbey Island-Ault Field, WA (WMO 720749)"
727920,Olympia Rgnl AP,WA,Washington,USA,TMY3,"Olympia Rgnl AP, WA (WMO 727920)"
727890,Omak AP,WA,Washington,USA,TMYx,"Omak AP, WA (WMO 727890)"
722208,Orcas Island AP,WA,Washington,USA,TMYx,"Orcas Island AP, WA (WMO 722208)"
998007,Padilla Bay Reserve,WA,Washington,USA,TMYx,"Padilla Bay Reserve, WA (WMO 998007)"
727845,Pasco-Tri Cities AP,WA,Washington,USA,TMY3,"Pasco-Tri Cities AP, WA (WMO 727845)"
742065,Point No Point Lighthouse,WA,Washington,USA,TMYx,"Point No Point Lighthouse, WA (WMO 742065)"
742075,Point Robinson Lighthouse,WA,Washington,USA,TMYx,"Point Robinson Lighthouse, WA (WMO 742075)"
994024,Port Angeles,WA,Washington,USA,TMYx,"Port Angeles, WA (WMO 994024)"
727885,Port Angeles-Fairchild Intl AP,WA,Washington,USA,TMY3,"Port Angeles-Fairchild Intl AP, WA (WMO 727885)"
994025,Port Townsend Harbor,WA,Washington,USA,TMYx,"Port Townsend Harbor, WA (WMO 994025)"
727857,Pullman-Moscow Rgnl AP,WA,Washington,USA,TMY3,"Pullman-Moscow Rgnl AP, WA (WMO 727857)"
720388,Puyallup-Pierce County AP-Thun Field,WA,Washington,USA,TMYx,"Puyallup-Pierce County AP-Thun Field, WA (WMO 720388)"
727970,Quillayute AP,WA,Washington,USA,TMY3,"Quillayute AP, WA (WMO 727970)"
727934,Renton Muni AP,WA,Washington,USA,TMY3,"Renton Muni AP, WA (WMO 727934)"
727884,Richland AP,WA,Washington,USA,TMYx,"Richland AP, WA (WMO 727884)"
994014,Seattle,WA,Washington,USA,TMYx,"Seattle, WA (WMO 994014)"
727935,Seattle-King County Intl AP-Boeing Field,WA,Washington,USA,TMY3,"Seattle-King County Intl AP-Boeing Field, WA (WMO 727935)"
746938,Seattle-Sand Point WSFO,WA,Washington,USA,TMYx,"Seattle-Sand Point WSFO, WA (WMO 746938)"
727930,Seattle-Tacoma Intl AP,WA,Washington,USA,TMY3,"Seattle-Tacoma Intl AP, WA (WMO 727930)"
727925,Shelton-Sanderson Field AP,WA,Washington,USA,TMYx,"Shelton-Sanderson Field AP, WA (WMO 727925)"
720272,Skagit Rgnl AP,WA,Washington,USA,TMYx,"Skagit Rgnl AP, WA (WMO 720272)"
994180,Smith Island Lighthouse,WA,Washington,USA,TMYx,"Smith Island Lighthouse, WA (WMO 994180)"
727850,Spokane Intl AP,WA,Washington,USA,TMY3,"Spokane Intl AP, WA (WMO 727850)"
727855,Spokane-Fairchild AFB,WA,Washington,USA,TMY3,"Spokane-Fairchild AFB, WA (WMO 727855)"
727856,Spokane-Felts Field,WA,Washington,USA,TMY3,"Spokane-Felts Field, WA (WMO 727856)"
727815,Stampede Pass,WA,Washington,USA,TMY3,"Stampede Pass, WA (WMO 727815)"
994048,Tacoma Met Stn,WA,Washington,USA,TMYx,"Tacoma Met Stn, WA (WMO 994048)"
727938,Tacoma Narrows AP,WA,Washington,USA,TMY3,"Tacoma Narrows AP, WA (WMO 727938)"
742060,Tacoma-JB Lewis-McChord-McChord Field,WA,Washington,USA,TMY3,"Tacoma-JB Lewis-McChord-McChord Field, WA (WMO 742060)"
742070,Takoma-JB Lewis-McChord-Gray AAF,WA,Washington,USA,TMY3,"Takoma-JB Lewis-McChord-Gray AAF, WA (WMO 742070)"
726988,The Dalles-Columbia Gorge Rgnl AP,WA,Washington,USA,TMY3,"The Dalles-Columbia Gorge Rgnl AP, WA (WMO 726988)"
994029,Toke Point,WA,Washington,USA,TMYx,"Toke Point, WA (WMO 994029)"
727926,Toledo-South Lewis County AP-Carlson Meml Field,WA,Washington,USA,TMY3,"Toledo-South Lewis County AP-Carlson Meml Field, WA (WMO 727926)"
742040,Turnbull Natl Wildlife Refuge,WA,Washington,USA,TMYx,"Turnbull Natl Wildlife Refuge, WA (WMO 742040)"
721047,Vagabond AAF-Yakima Trng Center,WA,Washington,USA,TMYx,"Vagabond AAF-Yakima Trng Center, WA (WMO 721047)"
727918,Vancouver-Pearson Field AP,WA,Washington,USA,TMYx,"Vancouver-Pearson Field AP, WA (WMO 727918)"
727846,Walla Walla Rgnl AP,WA,Washington,USA,TMY3,"Walla Walla Rgnl AP, WA (WMO 727846)"
727825,Wenatchee-Pangborn Meml AP,WA,Washington,USA,TMY3,"Wenatchee-Pangborn Meml AP, WA (WMO 727825)"
994350,West Point Lighthouse,WA,Washington,USA,TMYx,"West Point Lighthouse, WA (WMO 994350)"
998204,Westport-Grays Harbor Lighthouse,WA,Washington,USA,TMYx,"Westport-Grays Harbor Lighthouse, WA (WMO 998204)"
727810,Yakima Air Terminal-McAllister Field,WA,Washington,USA,TMY3,"Yakima Air Terminal-McAllister Field, WA (WMO 727810)"
994972,Algoma City Marina,WI,Wisconsin,USA,TMYx,"Algoma City Marina, WI (WMO 994972)"
726457,Appleton Intl AP,WI,Wisconsin,USA,TMY3,"Appleton Intl AP, WI (WMO 726457)"
726419,Ashland-Kennedy Meml AP,WI,Wisconsin,USA,TMYx,"Ashland-Kennedy Meml AP, WI (WMO 726419)"
726503,Baraboo-Wisconsin Dells AP,WI,Wisconsin,USA,TMYx,"Baraboo-Wisconsin Dells AP, WI (WMO 726503)"
720859,Black River Falls Area AP,WI,Wisconsin,USA,TMYx,"Black River Falls Area AP, WI (WMO 720859)"
726438,Boscobel AP,WI,Wisconsin,USA,TMYx,"Boscobel AP, WI (WMO 726438)"
722059,Burlington Muni AP,WI,Wisconsin,USA,TMYx,"Burlington Muni AP, WI (WMO 722059)"
726408,CGS Sheboygan,WI,Wisconsin,USA,TMYx,"CGS Sheboygan, WI (WMO 726408)"
998216,Chambers Island AF,WI,Wisconsin,USA,TMYx,"Chambers Island AF, WI (WMO 998216)"
726502,Clintonville Muni AP,WI,Wisconsin,USA,TMYx,"Clintonville Muni AP, WI (WMO 726502)"
720929,Cumberland Muni AP,WI,Wisconsin,USA,TMYx,"Cumberland Muni AP, WI (WMO 720929)"
994190,Devils Island Lighthouse,WI,Wisconsin,USA,TMYx,"Devils Island Lighthouse, WI (WMO 994190)"
726504,Eagle River Union AP,WI,Wisconsin,USA,TMYx,"Eagle River Union AP, WI (WMO 726504)"
726435,Eau Claire-Chippewa Valley Rgnl AP,WI,Wisconsin,USA,TMY3,"Eau Claire-Chippewa Valley Rgnl AP, WI (WMO 726435)"
726626,Ephraim-Gibraltar AP,WI,Wisconsin,USA,TMY3,"Ephraim-Gibraltar AP, WI (WMO 726626)"
726506,Fond du Lac Skyport,WI,Wisconsin,USA,TMYx,"Fond du Lac Skyport, WI (WMO 726506)"
726450,Green Bay-Straubel Intl AP,WI,Wisconsin,USA,TMY3,"Green Bay-Straubel Intl AP, WI (WMO 726450)"
726508,Hayward Muni AP,WI,Wisconsin,USA,TMYx,"Hayward Muni AP, WI (WMO 726508)"
726415,Janesville-Southern Wisconsin Rgnl AP,WI,Wisconsin,USA,TMY3,"Janesville-Southern Wisconsin Rgnl AP, WI (WMO 726415)"
726509,Juneau-Dodge County AP,WI,Wisconsin,USA,TMYx,"Juneau-Dodge County AP, WI (WMO 726509)"
997340,Kenosha North Pier Lighthouse,WI,Wisconsin,USA,TMYx,"Kenosha North Pier Lighthouse, WI (WMO 997340)"
726505,Kenosha Rgnl AP,WI,Wisconsin,USA,TMYx,"Kenosha Rgnl AP, WI (WMO 726505)"
997741,Kewaunee,WI,Wisconsin,USA,TMYx,"Kewaunee, WI (WMO 997741)"
723123,Kings Land O Lakes AP,WI,Wisconsin,USA,TMYx,"Kings Land O Lakes AP, WI (WMO 723123)"
726430,La Crosse Rgnl AP,WI,Wisconsin,USA,TMY3,"La Crosse Rgnl AP, WI (WMO 726430)"
726226,La Crosse WFO,WI,Wisconsin,USA,TMYx,"La Crosse WFO, WI (WMO 726226)"
726416,Lone Rock-Tri-County Rgnl AP,WI,Wisconsin,USA,TMY3,"Lone Rock-Tri-County Rgnl AP, WI (WMO 726416)"
720835,Madeline Island AP,WI,Wisconsin,USA,TMYx,"Madeline Island AP, WI (WMO 720835)"
726410,Madison-Dane County Rgnl AP-Truax Field,WI,Wisconsin,USA,TMY3,"Madison-Dane County Rgnl AP-Truax Field, WI (WMO 726410)"
726455,Manitowac County AP,WI,Wisconsin,USA,TMY3,"Manitowac County AP, WI (WMO 726455)"
720887,Manitowish Waters AP,WI,Wisconsin,USA,TMYx,"Manitowish Waters AP, WI (WMO 720887)"
726574,Marshfield Muni AP,WI,Wisconsin,USA,TMY3,"Marshfield Muni AP, WI (WMO 726574)"
726417,Medford-Taylor County AP,WI,Wisconsin,USA,TMYx,"Medford-Taylor County AP, WI (WMO 726417)"
720327,Menomonie Muni AP-Score Field,WI,Wisconsin,USA,TMYx,"Menomonie Muni AP-Score Field, WI (WMO 720327)"
726449,Merrill Muni AP,WI,Wisconsin,USA,TMYx,"Merrill Muni AP, WI (WMO 726449)"
997342,Milwaukee,WI,Wisconsin,USA,TMYx,"Milwaukee, WI (WMO 997342)"
726400,Milwaukee-Mitchell Intl AP,WI,Wisconsin,USA,TMY3,"Milwaukee-Mitchell Intl AP, WI (WMO 726400)"
726405,Milwaukee-Timmerman AP,WI,Wisconsin,USA,TMYx,"Milwaukee-Timmerman AP, WI (WMO 726405)"
726507,Mineral Point-Iowa County AP,WI,Wisconsin,USA,TMYx,"Mineral Point-Iowa County AP, WI (WMO 726507)"
726404,Minocqua-Woodruff-Lakeland AP-Lee Field,WI,Wisconsin,USA,TMY3,"Minocqua-Woodruff-Lakeland AP-Lee Field, WI (WMO 726404)"
726414,Monroe Muni AP,WI,Wisconsin,USA,TMYx,"Monroe Muni AP, WI (WMO 726414)"
726465,Mosinee-Central Wisconsin AP,WI,Wisconsin,USA,TMY3,"Mosinee-Central Wisconsin AP, WI (WMO 726465)"
743580,Necedah Natl Wildlife Refuge,WI,Wisconsin,USA,TMYx,"Necedah Natl Wildlife Refuge, WI (WMO 743580)"
722179,New Richmond Rgnl AP,WI,Wisconsin,USA,TMYx,"New Richmond Rgnl AP, WI (WMO 722179)"
994973,Northport Pier Deaths Door,WI,Wisconsin,USA,TMYx,"Northport Pier Deaths Door, WI (WMO 994973)"
726418,Osceola-Simenstad Muni AP,WI,Wisconsin,USA,TMYx,"Osceola-Simenstad Muni AP, WI (WMO 726418)"
726456,Oshkosh-Wittman Rgnl AP,WI,Wisconsin,USA,TMY3,"Oshkosh-Wittman Rgnl AP, WI (WMO 726456)"
727410,Park Falls Muni AP,WI,Wisconsin,USA,TMYx,"Park Falls Muni AP, WI (WMO 727410)"
726468,Phillips-Price County AP,WI,Wisconsin,USA,TMY3,"Phillips-Price County AP, WI (WMO 726468)"
720586,Platteville Muni AP,WI,Wisconsin,USA,TMYx,"Platteville Muni AP, WI (WMO 720586)"
997736,Port Washington,WI,Wisconsin,USA,TMYx,"Port Washington, WI (WMO 997736)"
997803,Port Wing,WI,Wisconsin,USA,TMYx,"Port Wing, WI (WMO 997803)"
726444,Prairie du Chien Muni AP,WI,Wisconsin,USA,TMYx,"Prairie du Chien Muni AP, WI (WMO 726444)"
726424,Racine-Batten Intl AP,WI,Wisconsin,USA,TMYx,"Racine-Batten Intl AP, WI (WMO 726424)"
727415,Rhinelander-Oneida County AP,WI,Wisconsin,USA,TMY3,"Rhinelander-Oneida County AP, WI (WMO 727415)"
726467,Rice Lake Rgnl AP,WI,Wisconsin,USA,TMY3,"Rice Lake Rgnl AP, WI (WMO 726467)"
997738,Saxon Harbor,WI,Wisconsin,USA,TMYx,"Saxon Harbor, WI (WMO 997738)"
720589,Shawano Muni AP,WI,Wisconsin,USA,TMYx,"Shawano Muni AP, WI (WMO 720589)"
726425,Sheboygan Falls-Sheboygan County Meml AP,WI,Wisconsin,USA,TMYx,"Sheboygan Falls-Sheboygan County Meml AP, WI (WMO 726425)"
722183,Siren-Burnett County AP,WI,Wisconsin,USA,TMYx,"Siren-Burnett County AP, WI (WMO 722183)"
994974,Sister Bay-Yacht Works,WI,Wisconsin,USA,TMYx,"Sister Bay-Yacht Works, WI (WMO 994974)"
726437,Sparta-Ft McCoy AP,WI,Wisconsin,USA,TMYx,"Sparta-Ft McCoy AP, WI (WMO 726437)"
726426,Stevens Point Muni AP,WI,Wisconsin,USA,TMYx,"Stevens Point Muni AP, WI (WMO 726426)"
726459,Sturgeon Bay,WI,Wisconsin,USA,TMYx,"Sturgeon Bay, WI (WMO 726459)"
726458,Sturgeon Bay-Door County Cherryland AP,WI,Wisconsin,USA,TMY3,"Sturgeon Bay-Door County Cherryland AP, WI (WMO 726458)"
726427,Superior-Bong AP,WI,Wisconsin,USA,TMYx,"Superior-Bong AP, WI (WMO 726427)"
722332,Tomahawk Rgnl AP,WI,Wisconsin,USA,TMYx,"Tomahawk Rgnl AP, WI (WMO 722332)"
723758,Tony-Rusk County AP,WI,Wisconsin,USA,TMYx,"Tony-Rusk County AP, WI (WMO 723758)"
726454,Two Rivers Lighthouse,WI,Wisconsin,USA,TMYx,"Two Rivers Lighthouse, WI (WMO 726454)"
726436,Volk Field ANGB,WI,Wisconsin,USA,TMYx,"Volk Field ANGB, WI (WMO 726436)"
726464,Watertown Rgnl AP,WI,Wisconsin,USA,TMY3,"Watertown Rgnl AP, WI (WMO 726464)"
726409,Waukesha County AP,WI,Wisconsin,USA,TMYx,"Waukesha County AP, WI (WMO 726409)"
720343,Waupaca Muni AP,WI,Wisconsin,USA,TMYx,"Waupaca Muni AP, WI (WMO 720343)"
726463,Wausau Downtown AP,WI,Wisconsin,USA,TMY3,"Wausau Downtown AP, WI (WMO 726463)"
726413,West Bend Muni AP,WI,Wisconsin,USA,TMYx,"West Bend Muni AP, WI (WMO 726413)"
726452,Wisconsin Rapids-South Wood County AP-Alexander Field,WI,Wisconsin,USA,TMYx,"Wisconsin Rapids-South Wood County AP-Alexander Field, WI (WMO 726452)"
724120,Beckley-Raleigh County Meml AP,WV,West Virginia,USA,TMY3,"Beckley-Raleigh County Meml AP, WV (WMO 724120)"
724125,Bluefield-Mercer County AP,WV,West Virginia,USA,TMY3,"Bluefield-Mercer County AP, WV (WMO 724125)"
720366,Braxton County AP,WV,West Virginia,USA,TMYx,"Braxton County AP, WV (WMO 720366)"
720160,Brenton-Kee Field,WV,West Virginia,USA,TMYx,"Brenton-Kee Field, WV (WMO 720160)"
720328,Buckhannon-Upshur County Rgnl AP,WV,West Virginia,USA,TMYx,"Buckhannon-Upshur County Rgnl AP, WV (WMO 720328)"
724140,Charleston-Yeager AP,WV,West Virginia,USA,TMY3,"Charleston-Yeager AP, WV (WMO 724140)"
724175,Clarksburg-Fairmont-North Central West Virginia AP,WV,West Virginia,USA,TMY3,"Clarksburg-Fairmont-North Central West Virginia AP, WV (WMO 724175)"
724370,Elkins 21 ENE,WV,West Virginia,USA,TMYx,"Elkins 21 ENE, WV (WMO 724370)"
724170,Elkins-Randolph County Rgnl AP,WV,West Virginia,USA,TMY3,"Elkins-Randolph County Rgnl AP, WV (WMO 724170)"
720355,Greater Cumberland Rgnl AP,WV,West Virginia,USA,TMYx,"Greater Cumberland Rgnl AP, WV (WMO 720355)"
724250,Huntington-Tri-State AP-Ferguson Field,WV,West Virginia,USA,TMY3,"Huntington-Tri-State AP-Ferguson Field, WV (WMO 724250)"
724127,Lewisburg-Greenbrier Valley AP,WV,West Virginia,USA,TMY3,"Lewisburg-Greenbrier Valley AP, WV (WMO 724127)"
724177,Martinsburg-Eastern West Virginia Rgnl AP-Shepherd Field,WV,West Virginia,USA,TMY3,"Martinsburg-Eastern West Virginia Rgnl AP-Shepherd Field, WV (WMO 724177)"
724176,Morgantown Muni AP-Hart Field,WV,West Virginia,USA,TMY3,"Morgantown Muni AP-Hart Field, WV (WMO 724176)"
724273,Parkersburg-Mid-Ohio Valley Rgnl AP-Wilson Field,WV,West Virginia,USA,TMY3,"Parkersburg-Mid-Ohio Valley Rgnl AP-Wilson Field, WV (WMO 724273)"
724165,Petersburg-Grant County AP,WV,West Virginia,USA,TMYx,"Petersburg-Grant County AP, WV (WMO 724165)"
742079,Point Pleasant-Mason County AP,WV,West Virginia,USA,TMYx,"Point Pleasant-Mason County AP, WV (WMO 742079)"
724275,Wheeling Ohio County AP,WV,West Virginia,USA,TMY3,"Wheeling Ohio County AP, WV (WMO 724275)"
724126,White Sulphur Springs,WV,West Virginia,USA,TMYx,"White Sulphur Springs, WV (WMO 724126)"
720516,Afton Muni AP,WY,Wyoming,USA,TMYx,"Afton Muni AP, WY (WMO 720516)"
725643,Arlington,WY,Wyoming,USA,TMYx,"Arlington, WY (WMO 725643)"
726710,Big Piney-Marbleton AP,WY,Wyoming,USA,TMYx,"Big Piney-Marbleton AP, WY (WMO 726710)"
721036,Boysen,WY,Wyoming,USA,TMYx,"Boysen, WY (WMO 721036)"
726654,Buffalo-Johnson County AP,WY,Wyoming,USA,TMYx,"Buffalo-Johnson County AP, WY (WMO 726654)"
725690,Casper-Natrona County Intl AP,WY,Wyoming,USA,TMY3,"Casper-Natrona County Intl AP, WY (WMO 725690)"
725640,Cheyenne Rgnl AP,WY,Wyoming,USA,TMY3,"Cheyenne Rgnl AP, WY (WMO 725640)"
720619,Cheyenne-Warren AFB,WY,Wyoming,USA,TMYx,"Cheyenne-Warren AFB, WY (WMO 720619)"
726700,Cody-Yellowstone Rgnl AP,WY,Wyoming,USA,TMY3,"Cody-Yellowstone Rgnl AP, WY (WMO 726700)"
722221,Dixon AP,WY,Wyoming,USA,TMYx,"Dixon AP, WY (WMO 722221)"
725686,Douglas-Converse County AP,WY,Wyoming,USA,TMYx,"Douglas-Converse County AP, WY (WMO 725686)"
720522,DuBois Muni AP,WY,Wyoming,USA,TMYx,"DuBois Muni AP, WY (WMO 720522)"
720747,Elk Mountain,WY,Wyoming,USA,TMYx,"Elk Mountain, WY (WMO 720747)"
725775,Evanston-Uinta County AP-Burns Field,WY,Wyoming,USA,TMY3,"Evanston-Uinta County AP-Burns Field, WY (WMO 725775)"
720518,Ft Bridger AP,WY,Wyoming,USA,TMYx,"Ft Bridger AP, WY (WMO 720518)"
726650,Gillette-Campbell County AP,WY,Wyoming,USA,TMY3,"Gillette-Campbell County AP, WY (WMO 726650)"
725740,Grand Teton Natl Park,WY,Wyoming,USA,TMYx,"Grand Teton Natl Park, WY (WMO 725740)"
726667,Greybull-South Big Horn County AP,WY,Wyoming,USA,TMYx,"Greybull-South Big Horn County AP, WY (WMO 726667)"
749002,Hulett Muni AP,WY,Wyoming,USA,TMYx,"Hulett Muni AP, WY (WMO 749002)"
725776,Jackson Hole AP,WY,Wyoming,USA,TMY3,"Jackson Hole AP, WY (WMO 725776)"
720517,Kemmerer Muni AP,WY,Wyoming,USA,TMYx,"Kemmerer Muni AP, WY (WMO 720517)"
725760,Lander-Hunt Field,WY,Wyoming,USA,TMY3,"Lander-Hunt Field, WY (WMO 725760)"
725645,Laramie Rgnl AP,WY,Wyoming,USA,TMY3,"Laramie Rgnl AP, WY (WMO 725645)"
725730,Nature Conservancy-Red Canyon Ranch,WY,Wyoming,USA,TMYx,"Nature Conservancy-Red Canyon Ranch, WY (WMO 725730)"
720684,Phifer AF,WY,Wyoming,USA,TMYx,"Phifer AF, WY (WMO 720684)"
720345,Pinedale-Wenz Field,WY,Wyoming,USA,TMYx,"Pinedale-Wenz Field, WY (WMO 720345)"
720519,Powell Muni AP,WY,Wyoming,USA,TMYx,"Powell Muni AP, WY (WMO 720519)"
726690,Rawlins Muni AP-Harvey Field,WY,Wyoming,USA,TMY3,"Rawlins Muni AP-Harvey Field, WY (WMO 726690)"
725765,Riverton Rgnl AP,WY,Wyoming,USA,TMY3,"Riverton Rgnl AP, WY (WMO 725765)"
726720,Riverton Rgnl AP,WY,Wyoming,USA,TMYx,"Riverton Rgnl AP, WY (WMO 726720)"
725744,Rock Springs-Sweetwater County AP,WY,Wyoming,USA,TMY3,"Rock Springs-Sweetwater County AP, WY (WMO 725744)"
720521,Saratoga-Shively Field AP,WY,Wyoming,USA,TMYx,"Saratoga-Shively Field AP, WY (WMO 720521)"
726660,Sheridan County AP,WY,Wyoming,USA,TMY3,"Sheridan County AP, WY (WMO 726660)"
720971,South Pass,WY,Wyoming,USA,TMYx,"South Pass, WY (WMO 720971)"
755750,Sundance 8 NNW,WY,Wyoming,USA,TMYx,"Sundance 8 NNW, WY (WMO 755750)"
725763,Torrington Muni AP,WY,Wyoming,USA,TMYx,"Torrington Muni AP, WY (WMO 725763)"
726665,Worland Muni AP,WY,Wyoming,USA,TMY3,"Worland Muni AP, WY (WMO 726665)"
726664,Yellowstone Natl Park,WY,Wyoming,USA,TMYx,"Yellowstone Natl Park, WY (WMO 726664)"
719675,Beaver Creek AP,YT,Yukon,CAN,TMYx,"Beaver Creek AP, YT (WMO 719675)"
710010,Burwash AP,YT,Yukon,CAN,TMYx,"Burwash AP, YT (WMO 710010)"
710390,Carmacks CS,YT,Yukon,CAN,TMYx,"Carmacks CS, YT (WMO 710390)"
719660,Dawson City AP,YT,Yukon,CAN,TMYx,"Dawson City AP, YT (WMO 719660)"
719490,Faro,YT,Yukon,CAN,TMYx,"Faro, YT (WMO 719490)"
715050,Haines Junction,YT,Yukon,CAN,TMYx,"Haines Junction, YT (WMO 715050)"
715010,Herschel Island,YT,Yukon,CAN,TMYx,"Herschel Island, YT (WMO 715010)"
719780,Ivvavik Natl Park,YT,Yukon,CAN,TMYx,"Ivvavik Natl Park, YT (WMO 719780)"
710460,Komakuk Beach AP,YT,Yukon,CAN,TMYx,"Komakuk Beach AP, YT (WMO 710460)"
719900,Macmillan Pass,YT,Yukon,CAN,TMYx,"Macmillan Pass, YT (WMO 719900)"
719770,Margaret Lake,YT,Yukon,CAN,TMYx,"Margaret Lake, YT (WMO 719770)"
719650,Mayo AP,YT,Yukon,CAN,TMYx,"Mayo AP, YT (WMO 719650)"
710440,Old Crow AP RCS,YT,Yukon,CAN,TMYx,"Old Crow AP RCS, YT (WMO 710440)"
715060,Rock River,YT,Yukon,CAN,TMYx,"Rock River, YT (WMO 715060)"
719645,Ross River AP,YT,Yukon,CAN,TMYx,"Ross River AP, YT (WMO 719645)"
719680,Shingle Point AP,YT,Yukon,CAN,TMYx,"Shingle Point AP, YT (WMO 719680)"
719691,Snag AP,YT,Yukon,CAN,TMYx,"Snag AP, YT (WMO 719691)"
710450,Teslin AP,YT,Yukon,CAN,TMYx,"Teslin AP, YT (WMO 710450)"
711990,Watson Lake AP,YT,Yukon,CAN,TMYx,"Watson Lake AP, YT (WMO 711990)"
719640,Whitehorse Intl AP,YT,Yukon,CAN,TMYx,"Whitehorse Intl AP, YT (WMO 719640)"
